-- MySQL dump 10.19  Distrib 10.3.31-MariaDB, for Linux (x86_64)
--
-- Host: localhost    Database: modernpackagers_modern
-- ------------------------------------------------------
-- Server version	10.3.31-MariaDB-log

/*!40101 SET @OLD_CHARACTER_SET_CLIENT=@@CHARACTER_SET_CLIENT */;
/*!40101 SET @OLD_CHARACTER_SET_RESULTS=@@CHARACTER_SET_RESULTS */;
/*!40101 SET @OLD_COLLATION_CONNECTION=@@COLLATION_CONNECTION */;
/*!40101 SET NAMES utf8mb4 */;
/*!40103 SET @OLD_TIME_ZONE=@@TIME_ZONE */;
/*!40103 SET TIME_ZONE='+00:00' */;
/*!40014 SET @OLD_UNIQUE_CHECKS=@@UNIQUE_CHECKS, UNIQUE_CHECKS=0 */;
/*!40014 SET @OLD_FOREIGN_KEY_CHECKS=@@FOREIGN_KEY_CHECKS, FOREIGN_KEY_CHECKS=0 */;
/*!40101 SET @OLD_SQL_MODE=@@SQL_MODE, SQL_MODE='NO_AUTO_VALUE_ON_ZERO' */;
/*!40111 SET @OLD_SQL_NOTES=@@SQL_NOTES, SQL_NOTES=0 */;

--
-- Table structure for table `activations`
--

DROP TABLE IF EXISTS `activations`;
/*!40101 SET @saved_cs_client     = @@character_set_client */;
/*!40101 SET character_set_client = utf8 */;
CREATE TABLE `activations` (
  `id` int(10) unsigned NOT NULL AUTO_INCREMENT,
  `user_id` int(10) unsigned NOT NULL,
  `code` varchar(191) COLLATE utf8mb4_unicode_ci NOT NULL,
  `completed` tinyint(1) NOT NULL DEFAULT 0,
  `completed_at` datetime DEFAULT NULL,
  `created_at` timestamp NULL DEFAULT NULL,
  `updated_at` timestamp NULL DEFAULT NULL,
  PRIMARY KEY (`id`),
  KEY `activations_user_id_index` (`user_id`),
  CONSTRAINT `activations_user_id_foreign` FOREIGN KEY (`user_id`) REFERENCES `users` (`id`) ON DELETE CASCADE
) ENGINE=InnoDB AUTO_INCREMENT=218 DEFAULT CHARSET=utf8mb4 COLLATE=utf8mb4_unicode_ci;
/*!40101 SET character_set_client = @saved_cs_client */;

--
-- Dumping data for table `activations`
--

LOCK TABLES `activations` WRITE;
/*!40000 ALTER TABLE `activations` DISABLE KEYS */;
INSERT INTO `activations` VALUES (170,170,'YaNH5muPIAQnwh5XvZiJrKyOwhAp6BES',1,'2021-07-16 11:37:48','2021-07-16 11:37:48','2021-07-16 11:37:48'),(172,172,'bbCnR8oBYD95qATNZ6Y6GM5RgrAKqkU3',1,'2021-07-19 00:14:02','2021-07-19 00:14:02','2021-07-19 00:14:02'),(173,177,'bbCnR8oBYD95qATNZ6Y6GM5RgrAKqkU4',1,'2021-07-19 19:01:16','2021-07-19 18:01:16','2021-07-19 18:01:16'),(175,179,'xyH0jg9kxhjKzg7XaUJYFVfNkJdQfn9t',1,'2021-07-24 13:17:21','2021-07-24 13:17:21','2021-07-24 13:17:21'),(176,180,'sTOjyMZLYrWDWCU4ASqIVXbazT8sdeRF',1,'2021-07-27 16:08:43','2021-07-27 16:08:42','2021-07-27 16:08:43'),(177,181,'VhH5WiZPC1e3VwIRPcmEwKTsd4nBU0wR',1,'2021-08-15 00:01:29','2021-08-15 00:01:29','2021-08-15 00:01:29'),(178,182,'mJW4kW2quNHcEkew7XqxXDyZAscA3pfi',1,'2021-09-21 17:29:34','2021-09-21 17:29:34','2021-09-21 17:29:34'),(179,183,'2yvrXcxUapZoSgV3mC7v3IF7qP5Ymmm3',1,'2021-09-27 21:19:06','2021-09-27 21:19:06','2021-09-27 21:19:06'),(180,184,'qT9P4Ir1w35Qam2VPsJeG5RQTIbk5DUr',1,'2021-10-17 12:23:47','2021-10-17 12:23:47','2021-10-17 12:23:47'),(181,185,'BkDOQ29cMcXESLxTkGFiJtdCZJdqaeaI',1,'2021-10-21 19:27:51','2021-10-21 19:27:51','2021-10-21 19:27:51'),(182,186,'ROdzI7vRtYHN4ylmwnf8nStDPgIZeC5R',1,'2021-10-27 22:40:24','2021-10-27 22:40:24','2021-10-27 22:40:24'),(193,197,'IRx1UIAL4M4Th1NACTAQOgXGnxHtQ5tL',1,'2021-12-12 13:03:09','2021-12-12 13:03:09','2021-12-12 13:03:09'),(194,198,'gvvMBnr8eaetYypiBSfoRQFyHQv7T1xt',1,'2021-12-12 13:21:09','2021-12-12 13:21:09','2021-12-12 13:21:09'),(208,212,'ebgiDysbxq33NsoUAeO6Y6x4vMBVrdkR',1,'2021-12-26 20:49:40','2021-12-26 20:49:40','2021-12-26 20:49:40'),(210,214,'lq5tqzVzm5Ln8kUF5baAHYdwTxEFTMsi',1,'2022-01-11 16:52:50','2022-01-11 16:52:50','2022-01-11 16:52:50'),(211,215,'CVejkLb2YytauXWLhDTFA8NgbrS4ePqF',1,'2022-01-28 00:20:41','2022-01-28 00:20:41','2022-01-28 00:20:41'),(212,216,'nSwNXUHDlXz8gHw7nMEeOnTSeM8CluJc',1,'2022-01-28 13:44:24','2022-01-28 13:44:24','2022-01-28 13:44:24'),(213,217,'CIbV6wvaNTczy413EdC2QFNgPsRzns1e',1,'2022-03-06 00:09:02','2022-03-06 00:09:02','2022-03-06 00:09:02'),(214,218,'HRi7iPttAguFWu6KvQ0HljgGwsaS43le',1,'2022-03-08 11:28:35','2022-03-08 11:28:35','2022-03-08 11:28:35'),(215,219,'2sVM6WxkpQKD4YIyguRsAibkOIQ5htSB',1,'2022-03-15 15:58:06','2022-03-15 15:58:06','2022-03-15 15:58:06'),(216,220,'YOGsDrMjbgNaxUVfvjgPstKEdBP6A3ad',1,'2022-03-21 23:47:46','2022-03-21 23:47:46','2022-03-21 23:47:46'),(217,221,'GjQyF0hdopNobCSpudP3U3hJKFwlxNFI',1,'2022-03-24 13:13:28','2022-03-24 13:13:28','2022-03-24 13:13:28');
/*!40000 ALTER TABLE `activations` ENABLE KEYS */;
UNLOCK TABLES;

--
-- Table structure for table `attribute_categories`
--

DROP TABLE IF EXISTS `attribute_categories`;
/*!40101 SET @saved_cs_client     = @@character_set_client */;
/*!40101 SET character_set_client = utf8 */;
CREATE TABLE `attribute_categories` (
  `attribute_id` int(10) unsigned NOT NULL,
  `category_id` int(10) unsigned NOT NULL,
  PRIMARY KEY (`attribute_id`,`category_id`),
  KEY `attribute_categories_category_id_foreign` (`category_id`),
  CONSTRAINT `attribute_categories_attribute_id_foreign` FOREIGN KEY (`attribute_id`) REFERENCES `attributes` (`id`) ON DELETE CASCADE,
  CONSTRAINT `attribute_categories_category_id_foreign` FOREIGN KEY (`category_id`) REFERENCES `categories` (`id`) ON DELETE CASCADE
) ENGINE=InnoDB DEFAULT CHARSET=utf8mb4 COLLATE=utf8mb4_unicode_ci;
/*!40101 SET character_set_client = @saved_cs_client */;

--
-- Dumping data for table `attribute_categories`
--

LOCK TABLES `attribute_categories` WRITE;
/*!40000 ALTER TABLE `attribute_categories` DISABLE KEYS */;
INSERT INTO `attribute_categories` VALUES (1,2),(1,15),(1,16),(1,19),(1,22),(2,26),(3,9),(3,10),(3,11),(3,12),(3,13),(3,14),(3,15),(3,16),(3,19),(4,2),(4,15),(4,16),(4,19);
/*!40000 ALTER TABLE `attribute_categories` ENABLE KEYS */;
UNLOCK TABLES;

--
-- Table structure for table `attribute_set_translations`
--

DROP TABLE IF EXISTS `attribute_set_translations`;
/*!40101 SET @saved_cs_client     = @@character_set_client */;
/*!40101 SET character_set_client = utf8 */;
CREATE TABLE `attribute_set_translations` (
  `id` int(10) unsigned NOT NULL AUTO_INCREMENT,
  `attribute_set_id` int(10) unsigned NOT NULL,
  `locale` varchar(191) COLLATE utf8mb4_unicode_ci NOT NULL,
  `name` varchar(191) COLLATE utf8mb4_unicode_ci NOT NULL,
  PRIMARY KEY (`id`),
  UNIQUE KEY `attribute_set_translations_attribute_set_id_locale_unique` (`attribute_set_id`,`locale`),
  CONSTRAINT `attribute_set_translations_attribute_set_id_foreign` FOREIGN KEY (`attribute_set_id`) REFERENCES `attribute_sets` (`id`) ON DELETE CASCADE
) ENGINE=InnoDB AUTO_INCREMENT=2 DEFAULT CHARSET=utf8mb4 COLLATE=utf8mb4_unicode_ci;
/*!40101 SET character_set_client = @saved_cs_client */;

--
-- Dumping data for table `attribute_set_translations`
--

LOCK TABLES `attribute_set_translations` WRITE;
/*!40000 ALTER TABLE `attribute_set_translations` DISABLE KEYS */;
INSERT INTO `attribute_set_translations` VALUES (1,1,'en','Dimensions');
/*!40000 ALTER TABLE `attribute_set_translations` ENABLE KEYS */;
UNLOCK TABLES;

--
-- Table structure for table `attribute_sets`
--

DROP TABLE IF EXISTS `attribute_sets`;
/*!40101 SET @saved_cs_client     = @@character_set_client */;
/*!40101 SET character_set_client = utf8 */;
CREATE TABLE `attribute_sets` (
  `id` int(10) unsigned NOT NULL AUTO_INCREMENT,
  `created_at` timestamp NULL DEFAULT NULL,
  `updated_at` timestamp NULL DEFAULT NULL,
  PRIMARY KEY (`id`)
) ENGINE=InnoDB AUTO_INCREMENT=2 DEFAULT CHARSET=utf8mb4 COLLATE=utf8mb4_unicode_ci;
/*!40101 SET character_set_client = @saved_cs_client */;

--
-- Dumping data for table `attribute_sets`
--

LOCK TABLES `attribute_sets` WRITE;
/*!40000 ALTER TABLE `attribute_sets` DISABLE KEYS */;
INSERT INTO `attribute_sets` VALUES (1,'2020-09-27 22:05:57','2020-09-27 22:05:57');
/*!40000 ALTER TABLE `attribute_sets` ENABLE KEYS */;
UNLOCK TABLES;

--
-- Table structure for table `attribute_translations`
--

DROP TABLE IF EXISTS `attribute_translations`;
/*!40101 SET @saved_cs_client     = @@character_set_client */;
/*!40101 SET character_set_client = utf8 */;
CREATE TABLE `attribute_translations` (
  `id` int(10) unsigned NOT NULL AUTO_INCREMENT,
  `attribute_id` int(10) unsigned NOT NULL,
  `locale` varchar(191) COLLATE utf8mb4_unicode_ci NOT NULL,
  `name` varchar(191) COLLATE utf8mb4_unicode_ci NOT NULL,
  PRIMARY KEY (`id`),
  UNIQUE KEY `attribute_translations_attribute_id_locale_unique` (`attribute_id`,`locale`),
  CONSTRAINT `attribute_translations_attribute_id_foreign` FOREIGN KEY (`attribute_id`) REFERENCES `attributes` (`id`) ON DELETE CASCADE
) ENGINE=InnoDB AUTO_INCREMENT=5 DEFAULT CHARSET=utf8mb4 COLLATE=utf8mb4_unicode_ci;
/*!40101 SET character_set_client = @saved_cs_client */;

--
-- Dumping data for table `attribute_translations`
--

LOCK TABLES `attribute_translations` WRITE;
/*!40000 ALTER TABLE `attribute_translations` DISABLE KEYS */;
INSERT INTO `attribute_translations` VALUES (1,1,'en','Length'),(2,2,'en','Diameter'),(3,3,'en','Width'),(4,4,'en','Height');
/*!40000 ALTER TABLE `attribute_translations` ENABLE KEYS */;
UNLOCK TABLES;

--
-- Table structure for table `attribute_value_translations`
--

DROP TABLE IF EXISTS `attribute_value_translations`;
/*!40101 SET @saved_cs_client     = @@character_set_client */;
/*!40101 SET character_set_client = utf8 */;
CREATE TABLE `attribute_value_translations` (
  `id` int(10) unsigned NOT NULL AUTO_INCREMENT,
  `attribute_value_id` int(10) unsigned NOT NULL,
  `locale` varchar(191) COLLATE utf8mb4_unicode_ci NOT NULL,
  `value` varchar(191) COLLATE utf8mb4_unicode_ci NOT NULL,
  PRIMARY KEY (`id`),
  UNIQUE KEY `attribute_value_translations_attribute_value_id_locale_unique` (`attribute_value_id`,`locale`),
  CONSTRAINT `attribute_value_translations_attribute_value_id_foreign` FOREIGN KEY (`attribute_value_id`) REFERENCES `attribute_values` (`id`) ON DELETE CASCADE
) ENGINE=InnoDB AUTO_INCREMENT=4 DEFAULT CHARSET=utf8mb4 COLLATE=utf8mb4_unicode_ci;
/*!40101 SET character_set_client = @saved_cs_client */;

--
-- Dumping data for table `attribute_value_translations`
--

LOCK TABLES `attribute_value_translations` WRITE;
/*!40000 ALTER TABLE `attribute_value_translations` DISABLE KEYS */;
/*!40000 ALTER TABLE `attribute_value_translations` ENABLE KEYS */;
UNLOCK TABLES;

--
-- Table structure for table `attribute_values`
--

DROP TABLE IF EXISTS `attribute_values`;
/*!40101 SET @saved_cs_client     = @@character_set_client */;
/*!40101 SET character_set_client = utf8 */;
CREATE TABLE `attribute_values` (
  `id` int(10) unsigned NOT NULL AUTO_INCREMENT,
  `attribute_id` int(10) unsigned NOT NULL,
  `position` int(10) unsigned NOT NULL,
  `created_at` timestamp NULL DEFAULT NULL,
  `updated_at` timestamp NULL DEFAULT NULL,
  PRIMARY KEY (`id`),
  KEY `attribute_values_attribute_id_index` (`attribute_id`),
  CONSTRAINT `attribute_values_attribute_id_foreign` FOREIGN KEY (`attribute_id`) REFERENCES `attributes` (`id`) ON DELETE CASCADE
) ENGINE=InnoDB AUTO_INCREMENT=4 DEFAULT CHARSET=utf8mb4 COLLATE=utf8mb4_unicode_ci;
/*!40101 SET character_set_client = @saved_cs_client */;

--
-- Dumping data for table `attribute_values`
--

LOCK TABLES `attribute_values` WRITE;
/*!40000 ALTER TABLE `attribute_values` DISABLE KEYS */;
/*!40000 ALTER TABLE `attribute_values` ENABLE KEYS */;
UNLOCK TABLES;

--
-- Table structure for table `attributes`
--

DROP TABLE IF EXISTS `attributes`;
/*!40101 SET @saved_cs_client     = @@character_set_client */;
/*!40101 SET character_set_client = utf8 */;
CREATE TABLE `attributes` (
  `id` int(10) unsigned NOT NULL AUTO_INCREMENT,
  `attribute_set_id` int(10) unsigned NOT NULL,
  `is_filterable` tinyint(1) NOT NULL,
  `created_at` timestamp NULL DEFAULT NULL,
  `updated_at` timestamp NULL DEFAULT NULL,
  `slug` varchar(191) COLLATE utf8mb4_unicode_ci DEFAULT NULL,
  PRIMARY KEY (`id`),
  UNIQUE KEY `attributes_slug_unique` (`slug`),
  KEY `attributes_attribute_set_id_index` (`attribute_set_id`),
  CONSTRAINT `attributes_attribute_set_id_foreign` FOREIGN KEY (`attribute_set_id`) REFERENCES `attribute_sets` (`id`) ON DELETE CASCADE
) ENGINE=InnoDB AUTO_INCREMENT=5 DEFAULT CHARSET=utf8mb4 COLLATE=utf8mb4_unicode_ci;
/*!40101 SET character_set_client = @saved_cs_client */;

--
-- Dumping data for table `attributes`
--

LOCK TABLES `attributes` WRITE;
/*!40000 ALTER TABLE `attributes` DISABLE KEYS */;
INSERT INTO `attributes` VALUES (1,1,1,'2020-09-27 22:06:56','2020-12-31 22:07:54','length'),(2,1,1,'2020-12-16 20:11:50','2020-12-31 22:08:29','diameter'),(3,1,1,'2020-12-31 22:07:36','2020-12-31 22:07:36','width'),(4,1,1,'2020-12-31 22:08:20','2020-12-31 22:08:20','height');
/*!40000 ALTER TABLE `attributes` ENABLE KEYS */;
UNLOCK TABLES;

--
-- Table structure for table `brand_translations`
--

DROP TABLE IF EXISTS `brand_translations`;
/*!40101 SET @saved_cs_client     = @@character_set_client */;
/*!40101 SET character_set_client = utf8 */;
CREATE TABLE `brand_translations` (
  `id` int(10) unsigned NOT NULL AUTO_INCREMENT,
  `brand_id` int(11) NOT NULL,
  `locale` varchar(191) COLLATE utf8mb4_unicode_ci NOT NULL,
  `name` varchar(191) COLLATE utf8mb4_unicode_ci NOT NULL,
  PRIMARY KEY (`id`),
  UNIQUE KEY `brand_translations_brand_id_locale_unique` (`brand_id`,`locale`)
) ENGINE=InnoDB AUTO_INCREMENT=3 DEFAULT CHARSET=utf8mb4 COLLATE=utf8mb4_unicode_ci;
/*!40101 SET character_set_client = @saved_cs_client */;

--
-- Dumping data for table `brand_translations`
--

LOCK TABLES `brand_translations` WRITE;
/*!40000 ALTER TABLE `brand_translations` DISABLE KEYS */;
INSERT INTO `brand_translations` VALUES (1,1,'en','Oracle'),(2,2,'en','Damati');
/*!40000 ALTER TABLE `brand_translations` ENABLE KEYS */;
UNLOCK TABLES;

--
-- Table structure for table `brands`
--

DROP TABLE IF EXISTS `brands`;
/*!40101 SET @saved_cs_client     = @@character_set_client */;
/*!40101 SET character_set_client = utf8 */;
CREATE TABLE `brands` (
  `id` int(10) unsigned NOT NULL AUTO_INCREMENT,
  `slug` varchar(191) COLLATE utf8mb4_unicode_ci NOT NULL,
  `is_active` tinyint(1) NOT NULL,
  `created_at` timestamp NULL DEFAULT NULL,
  `updated_at` timestamp NULL DEFAULT NULL,
  PRIMARY KEY (`id`),
  UNIQUE KEY `brands_slug_unique` (`slug`)
) ENGINE=InnoDB AUTO_INCREMENT=3 DEFAULT CHARSET=utf8mb4 COLLATE=utf8mb4_unicode_ci;
/*!40101 SET character_set_client = @saved_cs_client */;

--
-- Dumping data for table `brands`
--

LOCK TABLES `brands` WRITE;
/*!40000 ALTER TABLE `brands` DISABLE KEYS */;
INSERT INTO `brands` VALUES (1,'oracle',1,'2021-06-24 19:57:06','2021-06-24 19:57:06'),(2,'damati',1,'2021-10-30 23:47:45','2021-10-30 23:47:45');
/*!40000 ALTER TABLE `brands` ENABLE KEYS */;
UNLOCK TABLES;

--
-- Table structure for table `categories`
--

DROP TABLE IF EXISTS `categories`;
/*!40101 SET @saved_cs_client     = @@character_set_client */;
/*!40101 SET character_set_client = utf8 */;
CREATE TABLE `categories` (
  `id` int(10) unsigned NOT NULL AUTO_INCREMENT,
  `parent_id` int(10) unsigned DEFAULT NULL,
  `slug` varchar(191) COLLATE utf8mb4_unicode_ci NOT NULL,
  `position` int(10) unsigned DEFAULT NULL,
  `is_searchable` tinyint(1) NOT NULL,
  `is_active` tinyint(1) NOT NULL,
  `created_at` timestamp NULL DEFAULT NULL,
  `updated_at` timestamp NULL DEFAULT NULL,
  PRIMARY KEY (`id`),
  UNIQUE KEY `categories_slug_unique` (`slug`),
  KEY `categories_parent_id_foreign` (`parent_id`),
  CONSTRAINT `categories_parent_id_foreign` FOREIGN KEY (`parent_id`) REFERENCES `categories` (`id`) ON DELETE CASCADE
) ENGINE=InnoDB AUTO_INCREMENT=43 DEFAULT CHARSET=utf8mb4 COLLATE=utf8mb4_unicode_ci;
/*!40101 SET character_set_client = @saved_cs_client */;

--
-- Dumping data for table `categories`
--

LOCK TABLES `categories` WRITE;
/*!40000 ALTER TABLE `categories` DISABLE KEYS */;
INSERT INTO `categories` VALUES (2,NULL,'fast-food',0,1,1,'2020-07-31 00:05:49','2021-06-10 15:51:16'),(6,2,'shake-bottles',6,1,1,'2020-08-21 19:18:32','2021-06-10 15:51:16'),(8,2,'butter-paper',7,1,1,'2020-08-21 19:20:12','2021-06-10 15:51:16'),(9,2,'food-boat-tray',8,1,1,'2020-08-21 19:23:09','2021-06-10 15:51:16'),(10,2,'french-fries-pouch',9,1,1,'2020-08-21 19:26:03','2021-06-10 15:51:16'),(11,2,'garlic-bread-box',4,1,1,'2020-08-21 19:27:53','2021-06-10 15:51:16'),(12,2,'meal-box',5,1,1,'2020-08-21 19:29:09','2021-06-10 15:51:16'),(13,2,'pizza-boxes',1,1,1,'2020-08-21 19:29:34','2021-06-10 15:51:16'),(14,2,'snack-boxes',3,1,1,'2020-08-21 19:29:54','2021-06-10 15:51:16'),(15,NULL,'carry-bags',26,1,1,'2020-08-21 19:31:07','2021-06-10 15:51:16'),(16,NULL,'e-commerce-boxes; ecommerce box; courier; amazon; online',15,1,1,'2020-08-21 19:31:46','2022-03-17 23:44:46'),(19,NULL,'fruit-box-packaging',18,1,1,'2020-08-21 19:47:26','2021-06-10 15:51:16'),(20,19,'strawberry-box',19,1,1,'2020-08-21 19:50:38','2021-06-10 15:51:16'),(21,19,'apple-box',20,1,1,'2020-08-21 19:51:05','2021-06-10 15:51:16'),(22,NULL,'restaurant-plastic-packaging',21,1,1,'2020-08-21 19:53:09','2021-06-10 15:51:16'),(24,22,'compartment-plates-cp',22,1,1,'2020-08-21 19:56:39','2021-06-10 15:51:16'),(25,22,'rectangle-container',23,1,1,'2020-08-21 19:56:57','2021-06-10 15:51:16'),(26,22,'round-containers',24,1,1,'2020-08-21 19:58:02','2021-06-10 15:51:16'),(32,NULL,'all-category',27,1,1,'2021-06-04 13:15:31','2021-06-10 15:51:16'),(36,NULL,'bakery-box',10,1,1,'2021-06-09 19:05:49','2021-06-10 15:51:16'),(37,36,'cake-boxes',11,1,1,'2021-06-10 12:12:07','2021-06-10 15:51:16'),(38,36,'cup-cake-boxes',12,1,1,'2021-06-10 12:12:43','2021-06-10 15:51:16'),(39,36,'pastry-boxes',13,1,1,'2021-06-10 12:14:19','2021-06-10 15:51:16'),(40,36,'plastic-products',14,1,1,'2021-06-10 12:15:27','2021-06-10 15:51:16'),(41,2,'burger-box',2,1,1,'2021-06-10 15:50:36','2021-06-10 15:51:16'),(42,36,'gift-hamper-box',NULL,0,1,'2021-10-30 21:01:22','2021-10-30 21:03:44');
/*!40000 ALTER TABLE `categories` ENABLE KEYS */;
UNLOCK TABLES;

--
-- Table structure for table `category_translations`
--

DROP TABLE IF EXISTS `category_translations`;
/*!40101 SET @saved_cs_client     = @@character_set_client */;
/*!40101 SET character_set_client = utf8 */;
CREATE TABLE `category_translations` (
  `id` int(10) unsigned NOT NULL AUTO_INCREMENT,
  `category_id` int(10) unsigned NOT NULL,
  `locale` varchar(191) COLLATE utf8mb4_unicode_ci NOT NULL,
  `name` varchar(191) COLLATE utf8mb4_unicode_ci NOT NULL,
  PRIMARY KEY (`id`),
  UNIQUE KEY `category_translations_category_id_locale_unique` (`category_id`,`locale`),
  CONSTRAINT `category_translations_category_id_foreign` FOREIGN KEY (`category_id`) REFERENCES `categories` (`id`) ON DELETE CASCADE
) ENGINE=InnoDB AUTO_INCREMENT=43 DEFAULT CHARSET=utf8mb4 COLLATE=utf8mb4_unicode_ci;
/*!40101 SET character_set_client = @saved_cs_client */;

--
-- Dumping data for table `category_translations`
--

LOCK TABLES `category_translations` WRITE;
/*!40000 ALTER TABLE `category_translations` DISABLE KEYS */;
INSERT INTO `category_translations` VALUES (2,2,'en','Fast Food Packaging'),(6,6,'en','Shake Bottles'),(8,8,'en','Butter Paper'),(9,9,'en','Food Boat/ Tray'),(10,10,'en','French Fries Pouch'),(11,11,'en','Garlic Bread Box'),(12,12,'en','Meal Box'),(13,13,'en','Pizza Boxes'),(14,14,'en','Snack Boxes'),(15,15,'en','Carry Bags'),(16,16,'en','E-Commerce Boxes'),(19,19,'en','Fruit Box Packaging'),(20,20,'en','Strawberry Box'),(21,21,'en','Apple Box'),(22,22,'en','Restaurant Plastic Packaging'),(24,24,'en','Compartment Plates (CP)'),(25,25,'en','Rectangle container'),(26,26,'en','Round Containers'),(32,32,'en','All Category'),(36,36,'en','Bakery Box'),(37,37,'en','Cake Boxes'),(38,38,'en','Cup Cake Boxes'),(39,39,'en','Pastry Boxes'),(40,40,'en','Plastic Products'),(41,41,'en','Burger Box'),(42,42,'en','Gift Hamper Box');
/*!40000 ALTER TABLE `category_translations` ENABLE KEYS */;
UNLOCK TABLES;

--
-- Table structure for table `coupon_categories`
--

DROP TABLE IF EXISTS `coupon_categories`;
/*!40101 SET @saved_cs_client     = @@character_set_client */;
/*!40101 SET character_set_client = utf8 */;
CREATE TABLE `coupon_categories` (
  `coupon_id` int(10) unsigned NOT NULL,
  `category_id` int(10) unsigned NOT NULL,
  `exclude` tinyint(1) NOT NULL DEFAULT 0,
  PRIMARY KEY (`coupon_id`,`category_id`,`exclude`),
  KEY `coupon_categories_category_id_foreign` (`category_id`),
  CONSTRAINT `coupon_categories_category_id_foreign` FOREIGN KEY (`category_id`) REFERENCES `categories` (`id`) ON DELETE CASCADE,
  CONSTRAINT `coupon_categories_coupon_id_foreign` FOREIGN KEY (`coupon_id`) REFERENCES `coupons` (`id`) ON DELETE CASCADE
) ENGINE=InnoDB DEFAULT CHARSET=utf8mb4 COLLATE=utf8mb4_unicode_ci;
/*!40101 SET character_set_client = @saved_cs_client */;

--
-- Dumping data for table `coupon_categories`
--

LOCK TABLES `coupon_categories` WRITE;
/*!40000 ALTER TABLE `coupon_categories` DISABLE KEYS */;
INSERT INTO `coupon_categories` VALUES (2,6,1);
/*!40000 ALTER TABLE `coupon_categories` ENABLE KEYS */;
UNLOCK TABLES;

--
-- Table structure for table `coupon_products`
--

DROP TABLE IF EXISTS `coupon_products`;
/*!40101 SET @saved_cs_client     = @@character_set_client */;
/*!40101 SET character_set_client = utf8 */;
CREATE TABLE `coupon_products` (
  `coupon_id` int(10) unsigned NOT NULL,
  `product_id` int(10) unsigned NOT NULL,
  `exclude` tinyint(1) NOT NULL DEFAULT 0,
  PRIMARY KEY (`coupon_id`,`product_id`),
  KEY `coupon_products_product_id_foreign` (`product_id`),
  CONSTRAINT `coupon_products_coupon_id_foreign` FOREIGN KEY (`coupon_id`) REFERENCES `coupons` (`id`) ON DELETE CASCADE,
  CONSTRAINT `coupon_products_product_id_foreign` FOREIGN KEY (`product_id`) REFERENCES `products` (`id`) ON DELETE CASCADE
) ENGINE=InnoDB DEFAULT CHARSET=utf8mb4 COLLATE=utf8mb4_unicode_ci;
/*!40101 SET character_set_client = @saved_cs_client */;

--
-- Dumping data for table `coupon_products`
--

LOCK TABLES `coupon_products` WRITE;
/*!40000 ALTER TABLE `coupon_products` DISABLE KEYS */;
/*!40000 ALTER TABLE `coupon_products` ENABLE KEYS */;
UNLOCK TABLES;

--
-- Table structure for table `coupon_translations`
--

DROP TABLE IF EXISTS `coupon_translations`;
/*!40101 SET @saved_cs_client     = @@character_set_client */;
/*!40101 SET character_set_client = utf8 */;
CREATE TABLE `coupon_translations` (
  `id` int(10) unsigned NOT NULL AUTO_INCREMENT,
  `coupon_id` int(10) unsigned NOT NULL,
  `locale` varchar(191) COLLATE utf8mb4_unicode_ci NOT NULL,
  `name` varchar(191) COLLATE utf8mb4_unicode_ci NOT NULL,
  PRIMARY KEY (`id`),
  UNIQUE KEY `coupon_translations_coupon_id_locale_unique` (`coupon_id`,`locale`),
  CONSTRAINT `coupon_translations_coupon_id_foreign` FOREIGN KEY (`coupon_id`) REFERENCES `coupons` (`id`) ON DELETE CASCADE
) ENGINE=InnoDB AUTO_INCREMENT=3 DEFAULT CHARSET=utf8mb4 COLLATE=utf8mb4_unicode_ci;
/*!40101 SET character_set_client = @saved_cs_client */;

--
-- Dumping data for table `coupon_translations`
--

LOCK TABLES `coupon_translations` WRITE;
/*!40000 ALTER TABLE `coupon_translations` DISABLE KEYS */;
INSERT INTO `coupon_translations` VALUES (1,1,'en','Discount of 10% on first purchase'),(2,2,'en','FREE SHIPPING');
/*!40000 ALTER TABLE `coupon_translations` ENABLE KEYS */;
UNLOCK TABLES;

--
-- Table structure for table `coupons`
--

DROP TABLE IF EXISTS `coupons`;
/*!40101 SET @saved_cs_client     = @@character_set_client */;
/*!40101 SET character_set_client = utf8 */;
CREATE TABLE `coupons` (
  `id` int(10) unsigned NOT NULL AUTO_INCREMENT,
  `code` varchar(191) COLLATE utf8mb4_unicode_ci NOT NULL,
  `value` decimal(18,4) unsigned DEFAULT NULL,
  `is_percent` tinyint(1) NOT NULL,
  `free_shipping` tinyint(1) NOT NULL,
  `minimum_spend` decimal(18,4) unsigned DEFAULT NULL,
  `maximum_spend` decimal(18,4) unsigned DEFAULT NULL,
  `usage_limit_per_coupon` int(10) unsigned DEFAULT NULL,
  `usage_limit_per_customer` int(10) unsigned DEFAULT NULL,
  `used` int(11) NOT NULL DEFAULT 0,
  `is_active` tinyint(1) NOT NULL,
  `start_date` date DEFAULT NULL,
  `end_date` date DEFAULT NULL,
  `deleted_at` timestamp NULL DEFAULT NULL,
  `created_at` timestamp NULL DEFAULT NULL,
  `updated_at` timestamp NULL DEFAULT NULL,
  PRIMARY KEY (`id`),
  KEY `coupons_code_index` (`code`)
) ENGINE=InnoDB AUTO_INCREMENT=3 DEFAULT CHARSET=utf8mb4 COLLATE=utf8mb4_unicode_ci;
/*!40101 SET character_set_client = @saved_cs_client */;

--
-- Dumping data for table `coupons`
--

LOCK TABLES `coupons` WRITE;
/*!40000 ALTER TABLE `coupons` DISABLE KEYS */;
INSERT INTO `coupons` VALUES (1,'DISC10',10.0000,1,0,NULL,NULL,1,1,1,1,'2021-07-01','2025-07-01',NULL,'2020-09-27 15:32:25','2021-11-07 09:56:02'),(2,'FREESHIPPING',177.0000,0,0,2000.0000,NULL,NULL,NULL,0,1,'2021-10-14','2022-11-04',NULL,'2021-10-14 23:42:18','2021-11-07 10:13:10');
/*!40000 ALTER TABLE `coupons` ENABLE KEYS */;
UNLOCK TABLES;

--
-- Table structure for table `cross_sell_products`
--

DROP TABLE IF EXISTS `cross_sell_products`;
/*!40101 SET @saved_cs_client     = @@character_set_client */;
/*!40101 SET character_set_client = utf8 */;
CREATE TABLE `cross_sell_products` (
  `product_id` int(10) unsigned NOT NULL,
  `cross_sell_product_id` int(10) unsigned NOT NULL,
  PRIMARY KEY (`product_id`,`cross_sell_product_id`),
  KEY `cross_sell_products_cross_sell_product_id_foreign` (`cross_sell_product_id`),
  CONSTRAINT `cross_sell_products_cross_sell_product_id_foreign` FOREIGN KEY (`cross_sell_product_id`) REFERENCES `products` (`id`) ON DELETE CASCADE,
  CONSTRAINT `cross_sell_products_product_id_foreign` FOREIGN KEY (`product_id`) REFERENCES `products` (`id`) ON DELETE CASCADE
) ENGINE=InnoDB DEFAULT CHARSET=utf8mb4 COLLATE=utf8mb4_unicode_ci;
/*!40101 SET character_set_client = @saved_cs_client */;

--
-- Dumping data for table `cross_sell_products`
--

LOCK TABLES `cross_sell_products` WRITE;
/*!40000 ALTER TABLE `cross_sell_products` DISABLE KEYS */;
/*!40000 ALTER TABLE `cross_sell_products` ENABLE KEYS */;
UNLOCK TABLES;

--
-- Table structure for table `currency_rates`
--

DROP TABLE IF EXISTS `currency_rates`;
/*!40101 SET @saved_cs_client     = @@character_set_client */;
/*!40101 SET character_set_client = utf8 */;
CREATE TABLE `currency_rates` (
  `id` int(10) unsigned NOT NULL AUTO_INCREMENT,
  `currency` varchar(191) COLLATE utf8mb4_unicode_ci NOT NULL,
  `rate` decimal(8,4) DEFAULT NULL,
  `created_at` timestamp NULL DEFAULT NULL,
  `updated_at` timestamp NULL DEFAULT NULL,
  PRIMARY KEY (`id`),
  UNIQUE KEY `currency_rates_currency_unique` (`currency`)
) ENGINE=InnoDB AUTO_INCREMENT=3 DEFAULT CHARSET=utf8mb4 COLLATE=utf8mb4_unicode_ci;
/*!40101 SET character_set_client = @saved_cs_client */;

--
-- Dumping data for table `currency_rates`
--

LOCK TABLES `currency_rates` WRITE;
/*!40000 ALTER TABLE `currency_rates` DISABLE KEYS */;
INSERT INTO `currency_rates` VALUES (1,'USD',1.0000,'2020-06-30 09:42:47','2020-06-30 09:42:47'),(2,'INR',1.0000,'2020-07-31 03:08:34','2020-07-31 03:08:34');
/*!40000 ALTER TABLE `currency_rates` ENABLE KEYS */;
UNLOCK TABLES;

--
-- Table structure for table `entity_files`
--

DROP TABLE IF EXISTS `entity_files`;
/*!40101 SET @saved_cs_client     = @@character_set_client */;
/*!40101 SET character_set_client = utf8 */;
CREATE TABLE `entity_files` (
  `id` int(10) unsigned NOT NULL AUTO_INCREMENT,
  `file_id` int(10) unsigned NOT NULL,
  `entity_type` varchar(191) COLLATE utf8mb4_unicode_ci NOT NULL,
  `entity_id` bigint(20) unsigned NOT NULL,
  `zone` varchar(191) COLLATE utf8mb4_unicode_ci NOT NULL,
  `created_at` timestamp NULL DEFAULT NULL,
  `updated_at` timestamp NULL DEFAULT NULL,
  PRIMARY KEY (`id`),
  KEY `entity_files_entity_type_entity_id_index` (`entity_type`,`entity_id`),
  KEY `entity_files_file_id_index` (`file_id`),
  KEY `entity_files_zone_index` (`zone`),
  CONSTRAINT `entity_files_file_id_foreign` FOREIGN KEY (`file_id`) REFERENCES `files` (`id`) ON DELETE CASCADE
) ENGINE=InnoDB AUTO_INCREMENT=4686 DEFAULT CHARSET=utf8mb4 COLLATE=utf8mb4_unicode_ci;
/*!40101 SET character_set_client = @saved_cs_client */;

--
-- Dumping data for table `entity_files`
--

LOCK TABLES `entity_files` WRITE;
/*!40000 ALTER TABLE `entity_files` DISABLE KEYS */;
INSERT INTO `entity_files` VALUES (1072,445,'Modules\\Category\\Entities\\Category',3,'logo','2021-06-03 19:47:13','2021-06-03 19:47:13'),(1106,446,'Modules\\Category\\Entities\\Category',2,'logo','2021-06-09 14:02:35','2021-06-09 14:02:35'),(1107,522,'Modules\\Category\\Entities\\Category',2,'banner','2021-06-09 14:02:35','2021-06-09 14:02:35'),(1271,407,'Modules\\Product\\Entities\\Product',30,'base_image','2021-06-10 17:10:48','2021-06-10 17:10:48'),(1272,406,'Modules\\Product\\Entities\\Product',30,'additional_images','2021-06-10 17:10:48','2021-06-10 17:10:48'),(1273,409,'Modules\\Product\\Entities\\Product',30,'additional_images','2021-06-10 17:10:48','2021-06-10 17:10:48'),(1274,408,'Modules\\Product\\Entities\\Product',30,'additional_images','2021-06-10 17:10:48','2021-06-10 17:10:48'),(1331,447,'Modules\\Category\\Entities\\Category',19,'logo','2021-06-12 12:44:35','2021-06-12 12:44:35'),(1332,565,'Modules\\Category\\Entities\\Category',19,'banner','2021-06-12 12:44:35','2021-06-12 12:44:35'),(1335,440,'Modules\\Category\\Entities\\Category',22,'logo','2021-06-12 16:37:02','2021-06-12 16:37:02'),(1336,567,'Modules\\Category\\Entities\\Category',22,'banner','2021-06-12 16:37:02','2021-06-12 16:37:02'),(1342,448,'Modules\\Category\\Entities\\Category',15,'logo','2021-06-12 18:34:34','2021-06-12 18:34:34'),(1343,569,'Modules\\Category\\Entities\\Category',15,'banner','2021-06-12 18:34:34','2021-06-12 18:34:34'),(1392,441,'Modules\\Category\\Entities\\Category',31,'logo','2021-06-15 10:53:26','2021-06-15 10:53:26'),(1393,570,'Modules\\Category\\Entities\\Category',31,'banner','2021-06-15 10:53:26','2021-06-15 10:53:26'),(1466,445,'Modules\\Category\\Entities\\Category',36,'logo','2021-06-22 11:35:32','2021-06-22 11:35:32'),(1467,566,'Modules\\Category\\Entities\\Category',36,'banner','2021-06-22 11:35:32','2021-06-22 11:35:32'),(1552,553,'Modules\\Product\\Entities\\Product',80,'base_image','2021-06-22 15:12:46','2021-06-22 15:12:46'),(1553,546,'Modules\\Product\\Entities\\Product',81,'base_image','2021-06-22 16:59:06','2021-06-22 16:59:06'),(1554,545,'Modules\\Product\\Entities\\Product',81,'additional_images','2021-06-22 16:59:06','2021-06-22 16:59:06'),(1555,547,'Modules\\Product\\Entities\\Product',81,'additional_images','2021-06-22 16:59:06','2021-06-22 16:59:06'),(1556,548,'Modules\\Product\\Entities\\Product',81,'additional_images','2021-06-22 16:59:06','2021-06-22 16:59:06'),(1581,665,'Modules\\Product\\Entities\\Product',79,'base_image','2021-06-23 14:16:11','2021-06-23 14:16:11'),(1582,651,'Modules\\Product\\Entities\\Product',79,'additional_images','2021-06-23 14:16:11','2021-06-23 14:16:11'),(1583,652,'Modules\\Product\\Entities\\Product',79,'additional_images','2021-06-23 14:16:11','2021-06-23 14:16:11'),(1584,653,'Modules\\Product\\Entities\\Product',79,'additional_images','2021-06-23 14:16:11','2021-06-23 14:16:11'),(2464,399,'Modules\\Product\\Entities\\Product',32,'base_image','2021-07-03 11:48:03','2021-07-03 11:48:03'),(2465,398,'Modules\\Product\\Entities\\Product',32,'additional_images','2021-07-03 11:48:03','2021-07-03 11:48:03'),(2466,400,'Modules\\Product\\Entities\\Product',32,'additional_images','2021-07-03 11:48:03','2021-07-03 11:48:03'),(2467,401,'Modules\\Product\\Entities\\Product',32,'additional_images','2021-07-03 11:48:03','2021-07-03 11:48:03'),(2468,402,'Modules\\Product\\Entities\\Product',31,'base_image','2021-07-03 11:48:49','2021-07-03 11:48:49'),(2469,403,'Modules\\Product\\Entities\\Product',31,'additional_images','2021-07-03 11:48:49','2021-07-03 11:48:49'),(2470,404,'Modules\\Product\\Entities\\Product',31,'additional_images','2021-07-03 11:48:49','2021-07-03 11:48:49'),(2471,405,'Modules\\Product\\Entities\\Product',31,'additional_images','2021-07-03 11:48:49','2021-07-03 11:48:49'),(3266,764,'Modules\\Product\\Entities\\Product',109,'base_image','2021-09-02 18:11:48','2021-09-02 18:11:48'),(3267,763,'Modules\\Product\\Entities\\Product',109,'additional_images','2021-09-02 18:11:48','2021-09-02 18:11:48'),(3268,765,'Modules\\Product\\Entities\\Product',109,'additional_images','2021-09-02 18:11:48','2021-09-02 18:11:48'),(3269,766,'Modules\\Product\\Entities\\Product',109,'additional_images','2021-09-02 18:11:48','2021-09-02 18:11:48'),(3270,767,'Modules\\Product\\Entities\\Product',109,'additional_images','2021-09-02 18:11:48','2021-09-02 18:11:48'),(3627,672,'Modules\\Product\\Entities\\Product',10,'base_image','2021-10-14 16:38:06','2021-10-14 16:38:06'),(3628,673,'Modules\\Product\\Entities\\Product',10,'additional_images','2021-10-14 16:38:06','2021-10-14 16:38:06'),(3629,674,'Modules\\Product\\Entities\\Product',10,'additional_images','2021-10-14 16:38:06','2021-10-14 16:38:06'),(3630,675,'Modules\\Product\\Entities\\Product',10,'additional_images','2021-10-14 16:38:06','2021-10-14 16:38:06'),(3631,672,'Modules\\Product\\Entities\\Product',11,'base_image','2021-10-14 16:38:32','2021-10-14 16:38:32'),(3632,673,'Modules\\Product\\Entities\\Product',11,'additional_images','2021-10-14 16:38:32','2021-10-14 16:38:32'),(3633,674,'Modules\\Product\\Entities\\Product',11,'additional_images','2021-10-14 16:38:32','2021-10-14 16:38:32'),(3634,675,'Modules\\Product\\Entities\\Product',11,'additional_images','2021-10-14 16:38:32','2021-10-14 16:38:32'),(3659,528,'Modules\\Product\\Entities\\Product',18,'base_image','2021-10-14 16:41:25','2021-10-14 16:41:25'),(3660,527,'Modules\\Product\\Entities\\Product',18,'additional_images','2021-10-14 16:41:25','2021-10-14 16:41:25'),(3661,530,'Modules\\Product\\Entities\\Product',18,'additional_images','2021-10-14 16:41:25','2021-10-14 16:41:25'),(3662,529,'Modules\\Product\\Entities\\Product',18,'additional_images','2021-10-14 16:41:25','2021-10-14 16:41:25'),(3663,531,'Modules\\Product\\Entities\\Product',18,'additional_images','2021-10-14 16:41:25','2021-10-14 16:41:25'),(3713,394,'Modules\\Product\\Entities\\Product',33,'base_image','2021-10-14 16:46:53','2021-10-14 16:46:53'),(3714,396,'Modules\\Product\\Entities\\Product',33,'additional_images','2021-10-14 16:46:53','2021-10-14 16:46:53'),(3715,395,'Modules\\Product\\Entities\\Product',33,'additional_images','2021-10-14 16:46:53','2021-10-14 16:46:53'),(3716,397,'Modules\\Product\\Entities\\Product',33,'additional_images','2021-10-14 16:46:53','2021-10-14 16:46:53'),(3721,382,'Modules\\Product\\Entities\\Product',36,'base_image','2021-10-14 16:47:33','2021-10-14 16:47:33'),(3722,383,'Modules\\Product\\Entities\\Product',36,'additional_images','2021-10-14 16:47:33','2021-10-14 16:47:33'),(3723,384,'Modules\\Product\\Entities\\Product',36,'additional_images','2021-10-14 16:47:33','2021-10-14 16:47:33'),(3724,385,'Modules\\Product\\Entities\\Product',36,'additional_images','2021-10-14 16:47:33','2021-10-14 16:47:33'),(3777,762,'Modules\\Product\\Entities\\Product',62,'base_image','2021-10-14 16:51:58','2021-10-14 16:51:58'),(3778,533,'Modules\\Product\\Entities\\Product',62,'additional_images','2021-10-14 16:51:58','2021-10-14 16:51:58'),(3779,534,'Modules\\Product\\Entities\\Product',62,'additional_images','2021-10-14 16:51:58','2021-10-14 16:51:58'),(3780,535,'Modules\\Product\\Entities\\Product',62,'additional_images','2021-10-14 16:51:58','2021-10-14 16:51:58'),(3992,828,'Modules\\Product\\Entities\\Product',120,'base_image','2021-10-28 23:49:27','2021-10-28 23:49:27'),(3993,827,'Modules\\Product\\Entities\\Product',120,'additional_images','2021-10-28 23:49:27','2021-10-28 23:49:27'),(3994,829,'Modules\\Product\\Entities\\Product',120,'additional_images','2021-10-28 23:49:27','2021-10-28 23:49:27'),(3995,830,'Modules\\Product\\Entities\\Product',120,'additional_images','2021-10-28 23:49:27','2021-10-28 23:49:27'),(3996,822,'Modules\\Product\\Entities\\Product',119,'base_image','2021-10-28 23:50:33','2021-10-28 23:50:33'),(3997,823,'Modules\\Product\\Entities\\Product',119,'additional_images','2021-10-28 23:50:33','2021-10-28 23:50:33'),(3998,824,'Modules\\Product\\Entities\\Product',119,'additional_images','2021-10-28 23:50:33','2021-10-28 23:50:33'),(3999,825,'Modules\\Product\\Entities\\Product',119,'additional_images','2021-10-28 23:50:33','2021-10-28 23:50:33'),(4000,826,'Modules\\Product\\Entities\\Product',119,'additional_images','2021-10-28 23:50:33','2021-10-28 23:50:33'),(4001,818,'Modules\\Product\\Entities\\Product',118,'base_image','2021-10-28 23:50:47','2021-10-28 23:50:47'),(4002,817,'Modules\\Product\\Entities\\Product',118,'additional_images','2021-10-28 23:50:47','2021-10-28 23:50:47'),(4003,819,'Modules\\Product\\Entities\\Product',118,'additional_images','2021-10-28 23:50:47','2021-10-28 23:50:47'),(4004,820,'Modules\\Product\\Entities\\Product',118,'additional_images','2021-10-28 23:50:47','2021-10-28 23:50:47'),(4005,821,'Modules\\Product\\Entities\\Product',118,'additional_images','2021-10-28 23:50:47','2021-10-28 23:50:47'),(4006,808,'Modules\\Product\\Entities\\Product',116,'base_image','2021-10-28 23:51:02','2021-10-28 23:51:02'),(4007,807,'Modules\\Product\\Entities\\Product',116,'additional_images','2021-10-28 23:51:02','2021-10-28 23:51:02'),(4008,809,'Modules\\Product\\Entities\\Product',116,'additional_images','2021-10-28 23:51:02','2021-10-28 23:51:02'),(4009,810,'Modules\\Product\\Entities\\Product',116,'additional_images','2021-10-28 23:51:02','2021-10-28 23:51:02'),(4010,811,'Modules\\Product\\Entities\\Product',116,'additional_images','2021-10-28 23:51:02','2021-10-28 23:51:02'),(4011,812,'Modules\\Product\\Entities\\Product',117,'base_image','2021-10-28 23:51:17','2021-10-28 23:51:17'),(4012,813,'Modules\\Product\\Entities\\Product',117,'additional_images','2021-10-28 23:51:17','2021-10-28 23:51:17'),(4013,814,'Modules\\Product\\Entities\\Product',117,'additional_images','2021-10-28 23:51:17','2021-10-28 23:51:17'),(4014,815,'Modules\\Product\\Entities\\Product',117,'additional_images','2021-10-28 23:51:17','2021-10-28 23:51:17'),(4015,816,'Modules\\Product\\Entities\\Product',117,'additional_images','2021-10-28 23:51:17','2021-10-28 23:51:17'),(4016,801,'Modules\\Product\\Entities\\Product',115,'base_image','2021-10-28 23:51:58','2021-10-28 23:51:58'),(4017,800,'Modules\\Product\\Entities\\Product',115,'additional_images','2021-10-28 23:51:58','2021-10-28 23:51:58'),(4018,802,'Modules\\Product\\Entities\\Product',115,'additional_images','2021-10-28 23:51:58','2021-10-28 23:51:58'),(4019,805,'Modules\\Product\\Entities\\Product',115,'additional_images','2021-10-28 23:51:58','2021-10-28 23:51:58'),(4020,806,'Modules\\Product\\Entities\\Product',115,'additional_images','2021-10-28 23:51:58','2021-10-28 23:51:58'),(4021,803,'Modules\\Product\\Entities\\Product',115,'additional_images','2021-10-28 23:51:58','2021-10-28 23:51:58'),(4022,804,'Modules\\Product\\Entities\\Product',115,'additional_images','2021-10-28 23:51:58','2021-10-28 23:51:58'),(4023,797,'Modules\\Product\\Entities\\Product',114,'base_image','2021-10-28 23:52:41','2021-10-28 23:52:41'),(4024,796,'Modules\\Product\\Entities\\Product',114,'additional_images','2021-10-28 23:52:41','2021-10-28 23:52:41'),(4025,798,'Modules\\Product\\Entities\\Product',114,'additional_images','2021-10-28 23:52:41','2021-10-28 23:52:41'),(4026,799,'Modules\\Product\\Entities\\Product',114,'additional_images','2021-10-28 23:52:41','2021-10-28 23:52:41'),(4027,792,'Modules\\Product\\Entities\\Product',113,'base_image','2021-10-28 23:53:06','2021-10-28 23:53:06'),(4028,793,'Modules\\Product\\Entities\\Product',113,'additional_images','2021-10-28 23:53:06','2021-10-28 23:53:06'),(4029,794,'Modules\\Product\\Entities\\Product',113,'additional_images','2021-10-28 23:53:06','2021-10-28 23:53:06'),(4030,795,'Modules\\Product\\Entities\\Product',113,'additional_images','2021-10-28 23:53:06','2021-10-28 23:53:06'),(4031,788,'Modules\\Product\\Entities\\Product',112,'base_image','2021-10-28 23:53:43','2021-10-28 23:53:43'),(4032,789,'Modules\\Product\\Entities\\Product',112,'additional_images','2021-10-28 23:53:43','2021-10-28 23:53:43'),(4033,790,'Modules\\Product\\Entities\\Product',112,'additional_images','2021-10-28 23:53:43','2021-10-28 23:53:43'),(4034,791,'Modules\\Product\\Entities\\Product',112,'additional_images','2021-10-28 23:53:43','2021-10-28 23:53:43'),(4035,784,'Modules\\Product\\Entities\\Product',111,'base_image','2021-10-28 23:54:29','2021-10-28 23:54:29'),(4036,785,'Modules\\Product\\Entities\\Product',111,'additional_images','2021-10-28 23:54:29','2021-10-28 23:54:29'),(4037,786,'Modules\\Product\\Entities\\Product',111,'additional_images','2021-10-28 23:54:29','2021-10-28 23:54:29'),(4038,787,'Modules\\Product\\Entities\\Product',111,'additional_images','2021-10-28 23:54:29','2021-10-28 23:54:29'),(4039,779,'Modules\\Product\\Entities\\Product',110,'base_image','2021-10-28 23:55:08','2021-10-28 23:55:08'),(4040,781,'Modules\\Product\\Entities\\Product',110,'additional_images','2021-10-28 23:55:08','2021-10-28 23:55:08'),(4041,782,'Modules\\Product\\Entities\\Product',110,'additional_images','2021-10-28 23:55:08','2021-10-28 23:55:08'),(4042,783,'Modules\\Product\\Entities\\Product',110,'additional_images','2021-10-28 23:55:08','2021-10-28 23:55:08'),(4047,750,'Modules\\Product\\Entities\\Product',107,'base_image','2021-10-28 23:56:09','2021-10-28 23:56:09'),(4048,751,'Modules\\Product\\Entities\\Product',107,'additional_images','2021-10-28 23:56:09','2021-10-28 23:56:09'),(4049,754,'Modules\\Product\\Entities\\Product',107,'additional_images','2021-10-28 23:56:09','2021-10-28 23:56:09'),(4050,753,'Modules\\Product\\Entities\\Product',107,'additional_images','2021-10-28 23:56:09','2021-10-28 23:56:09'),(4055,748,'Modules\\Product\\Entities\\Product',105,'base_image','2021-10-28 23:57:25','2021-10-28 23:57:25'),(4056,725,'Modules\\Product\\Entities\\Product',105,'additional_images','2021-10-28 23:57:25','2021-10-28 23:57:25'),(4057,722,'Modules\\Product\\Entities\\Product',105,'additional_images','2021-10-28 23:57:25','2021-10-28 23:57:25'),(4058,723,'Modules\\Product\\Entities\\Product',105,'additional_images','2021-10-28 23:57:25','2021-10-28 23:57:25'),(4059,721,'Modules\\Product\\Entities\\Product',93,'base_image','2021-10-28 23:58:32','2021-10-28 23:58:32'),(4060,718,'Modules\\Product\\Entities\\Product',93,'additional_images','2021-10-28 23:58:32','2021-10-28 23:58:32'),(4061,719,'Modules\\Product\\Entities\\Product',93,'additional_images','2021-10-28 23:58:32','2021-10-28 23:58:32'),(4062,720,'Modules\\Product\\Entities\\Product',93,'additional_images','2021-10-28 23:58:32','2021-10-28 23:58:32'),(4063,713,'Modules\\Product\\Entities\\Product',92,'base_image','2021-10-28 23:59:06','2021-10-28 23:59:06'),(4064,714,'Modules\\Product\\Entities\\Product',92,'additional_images','2021-10-28 23:59:06','2021-10-28 23:59:06'),(4065,715,'Modules\\Product\\Entities\\Product',92,'additional_images','2021-10-28 23:59:06','2021-10-28 23:59:06'),(4066,716,'Modules\\Product\\Entities\\Product',92,'additional_images','2021-10-28 23:59:06','2021-10-28 23:59:06'),(4067,740,'Modules\\Product\\Entities\\Product',91,'base_image','2021-10-29 00:00:11','2021-10-29 00:00:11'),(4068,741,'Modules\\Product\\Entities\\Product',91,'additional_images','2021-10-29 00:00:11','2021-10-29 00:00:11'),(4069,742,'Modules\\Product\\Entities\\Product',91,'additional_images','2021-10-29 00:00:11','2021-10-29 00:00:11'),(4070,739,'Modules\\Product\\Entities\\Product',91,'additional_images','2021-10-29 00:00:11','2021-10-29 00:00:11'),(4075,730,'Modules\\Product\\Entities\\Product',90,'base_image','2021-10-29 00:03:33','2021-10-29 00:03:33'),(4076,731,'Modules\\Product\\Entities\\Product',90,'additional_images','2021-10-29 00:03:33','2021-10-29 00:03:33'),(4077,732,'Modules\\Product\\Entities\\Product',90,'additional_images','2021-10-29 00:03:33','2021-10-29 00:03:33'),(4078,733,'Modules\\Product\\Entities\\Product',90,'additional_images','2021-10-29 00:03:33','2021-10-29 00:03:33'),(4079,743,'Modules\\Product\\Entities\\Product',89,'base_image','2021-10-29 00:04:35','2021-10-29 00:04:35'),(4080,744,'Modules\\Product\\Entities\\Product',89,'additional_images','2021-10-29 00:04:35','2021-10-29 00:04:35'),(4081,745,'Modules\\Product\\Entities\\Product',89,'additional_images','2021-10-29 00:04:35','2021-10-29 00:04:35'),(4082,746,'Modules\\Product\\Entities\\Product',89,'additional_images','2021-10-29 00:04:35','2021-10-29 00:04:35'),(4083,760,'Modules\\Product\\Entities\\Product',88,'base_image','2021-10-29 00:09:07','2021-10-29 00:09:07'),(4084,705,'Modules\\Product\\Entities\\Product',88,'additional_images','2021-10-29 00:09:07','2021-10-29 00:09:07'),(4085,707,'Modules\\Product\\Entities\\Product',88,'additional_images','2021-10-29 00:09:07','2021-10-29 00:09:07'),(4086,708,'Modules\\Product\\Entities\\Product',88,'additional_images','2021-10-29 00:09:07','2021-10-29 00:09:07'),(4087,700,'Modules\\Product\\Entities\\Product',87,'base_image','2021-10-29 00:09:51','2021-10-29 00:09:51'),(4088,700,'Modules\\Product\\Entities\\Product',87,'additional_images','2021-10-29 00:09:51','2021-10-29 00:09:51'),(4089,701,'Modules\\Product\\Entities\\Product',87,'additional_images','2021-10-29 00:09:51','2021-10-29 00:09:51'),(4090,702,'Modules\\Product\\Entities\\Product',87,'additional_images','2021-10-29 00:09:51','2021-10-29 00:09:51'),(4091,703,'Modules\\Product\\Entities\\Product',87,'additional_images','2021-10-29 00:09:51','2021-10-29 00:09:51'),(4092,704,'Modules\\Product\\Entities\\Product',87,'additional_images','2021-10-29 00:09:51','2021-10-29 00:09:51'),(4098,681,'Modules\\Product\\Entities\\Product',84,'base_image','2021-10-29 00:12:00','2021-10-29 00:12:00'),(4099,680,'Modules\\Product\\Entities\\Product',84,'additional_images','2021-10-29 00:12:00','2021-10-29 00:12:00'),(4100,682,'Modules\\Product\\Entities\\Product',84,'additional_images','2021-10-29 00:12:00','2021-10-29 00:12:00'),(4101,683,'Modules\\Product\\Entities\\Product',84,'additional_images','2021-10-29 00:12:00','2021-10-29 00:12:00'),(4102,677,'Modules\\Product\\Entities\\Product',83,'base_image','2021-10-29 00:12:40','2021-10-29 00:12:40'),(4103,676,'Modules\\Product\\Entities\\Product',83,'additional_images','2021-10-29 00:12:40','2021-10-29 00:12:40'),(4104,678,'Modules\\Product\\Entities\\Product',83,'additional_images','2021-10-29 00:12:40','2021-10-29 00:12:40'),(4105,679,'Modules\\Product\\Entities\\Product',83,'additional_images','2021-10-29 00:12:40','2021-10-29 00:12:40'),(4106,768,'Modules\\Product\\Entities\\Product',82,'base_image','2021-10-29 00:14:03','2021-10-29 00:14:03'),(4107,652,'Modules\\Product\\Entities\\Product',82,'additional_images','2021-10-29 00:14:03','2021-10-29 00:14:03'),(4108,653,'Modules\\Product\\Entities\\Product',82,'additional_images','2021-10-29 00:14:03','2021-10-29 00:14:03'),(4109,651,'Modules\\Product\\Entities\\Product',82,'additional_images','2021-10-29 00:14:03','2021-10-29 00:14:03'),(4110,761,'Modules\\Product\\Entities\\Product',78,'base_image','2021-10-29 00:15:42','2021-10-29 00:15:42'),(4111,638,'Modules\\Product\\Entities\\Product',78,'additional_images','2021-10-29 00:15:42','2021-10-29 00:15:42'),(4112,639,'Modules\\Product\\Entities\\Product',78,'additional_images','2021-10-29 00:15:42','2021-10-29 00:15:42'),(4113,640,'Modules\\Product\\Entities\\Product',78,'additional_images','2021-10-29 00:15:42','2021-10-29 00:15:42'),(4114,634,'Modules\\Product\\Entities\\Product',77,'base_image','2021-10-29 00:17:46','2021-10-29 00:17:46'),(4115,633,'Modules\\Product\\Entities\\Product',77,'additional_images','2021-10-29 00:17:46','2021-10-29 00:17:46'),(4116,635,'Modules\\Product\\Entities\\Product',77,'additional_images','2021-10-29 00:17:46','2021-10-29 00:17:46'),(4117,636,'Modules\\Product\\Entities\\Product',77,'additional_images','2021-10-29 00:17:46','2021-10-29 00:17:46'),(4118,709,'Modules\\Product\\Entities\\Product',76,'base_image','2021-10-29 00:18:19','2021-10-29 00:18:19'),(4119,630,'Modules\\Product\\Entities\\Product',76,'additional_images','2021-10-29 00:18:19','2021-10-29 00:18:19'),(4120,631,'Modules\\Product\\Entities\\Product',76,'additional_images','2021-10-29 00:18:19','2021-10-29 00:18:19'),(4121,632,'Modules\\Product\\Entities\\Product',76,'additional_images','2021-10-29 00:18:19','2021-10-29 00:18:19'),(4174,356,'Modules\\Product\\Entities\\Product',5,'base_image','2021-10-30 23:17:02','2021-10-30 23:17:02'),(4175,338,'Modules\\Product\\Entities\\Product',5,'additional_images','2021-10-30 23:17:02','2021-10-30 23:17:02'),(4176,341,'Modules\\Product\\Entities\\Product',5,'additional_images','2021-10-30 23:17:02','2021-10-30 23:17:02'),(4177,355,'Modules\\Product\\Entities\\Product',5,'additional_images','2021-10-30 23:17:02','2021-10-30 23:17:02'),(4182,511,'Modules\\Product\\Entities\\Product',6,'base_image','2021-10-30 23:18:26','2021-10-30 23:18:26'),(4183,504,'Modules\\Product\\Entities\\Product',6,'additional_images','2021-10-30 23:18:26','2021-10-30 23:18:26'),(4184,505,'Modules\\Product\\Entities\\Product',6,'additional_images','2021-10-30 23:18:26','2021-10-30 23:18:26'),(4185,506,'Modules\\Product\\Entities\\Product',6,'additional_images','2021-10-30 23:18:26','2021-10-30 23:18:26'),(4190,510,'Modules\\Product\\Entities\\Product',7,'base_image','2021-10-30 23:19:42','2021-10-30 23:19:42'),(4191,501,'Modules\\Product\\Entities\\Product',7,'additional_images','2021-10-30 23:19:42','2021-10-30 23:19:42'),(4192,502,'Modules\\Product\\Entities\\Product',7,'additional_images','2021-10-30 23:19:42','2021-10-30 23:19:42'),(4193,503,'Modules\\Product\\Entities\\Product',7,'additional_images','2021-10-30 23:19:42','2021-10-30 23:19:42'),(4198,499,'Modules\\Product\\Entities\\Product',8,'base_image','2021-10-30 23:21:16','2021-10-30 23:21:16'),(4199,507,'Modules\\Product\\Entities\\Product',8,'additional_images','2021-10-30 23:21:16','2021-10-30 23:21:16'),(4200,508,'Modules\\Product\\Entities\\Product',8,'additional_images','2021-10-30 23:21:16','2021-10-30 23:21:16'),(4201,509,'Modules\\Product\\Entities\\Product',8,'additional_images','2021-10-30 23:21:16','2021-10-30 23:21:16'),(4202,668,'Modules\\Product\\Entities\\Product',9,'base_image','2021-10-30 23:25:05','2021-10-30 23:25:05'),(4203,669,'Modules\\Product\\Entities\\Product',9,'additional_images','2021-10-30 23:25:05','2021-10-30 23:25:05'),(4204,670,'Modules\\Product\\Entities\\Product',9,'additional_images','2021-10-30 23:25:05','2021-10-30 23:25:05'),(4205,671,'Modules\\Product\\Entities\\Product',9,'additional_images','2021-10-30 23:25:05','2021-10-30 23:25:05'),(4206,330,'Modules\\Product\\Entities\\Product',12,'base_image','2021-10-30 23:27:42','2021-10-30 23:27:42'),(4207,331,'Modules\\Product\\Entities\\Product',12,'additional_images','2021-10-30 23:27:42','2021-10-30 23:27:42'),(4208,332,'Modules\\Product\\Entities\\Product',12,'additional_images','2021-10-30 23:27:42','2021-10-30 23:27:42'),(4209,333,'Modules\\Product\\Entities\\Product',12,'additional_images','2021-10-30 23:27:42','2021-10-30 23:27:42'),(4278,571,'Modules\\Product\\Entities\\Product',16,'base_image','2021-10-31 00:06:27','2021-10-31 00:06:27'),(4279,572,'Modules\\Product\\Entities\\Product',16,'additional_images','2021-10-31 00:06:27','2021-10-31 00:06:27'),(4280,573,'Modules\\Product\\Entities\\Product',16,'additional_images','2021-10-31 00:06:27','2021-10-31 00:06:27'),(4281,574,'Modules\\Product\\Entities\\Product',16,'additional_images','2021-10-31 00:06:27','2021-10-31 00:06:27'),(4286,583,'Modules\\Product\\Entities\\Product',17,'base_image','2021-10-31 00:07:29','2021-10-31 00:07:29'),(4287,584,'Modules\\Product\\Entities\\Product',17,'additional_images','2021-10-31 00:07:29','2021-10-31 00:07:29'),(4288,585,'Modules\\Product\\Entities\\Product',17,'additional_images','2021-10-31 00:07:29','2021-10-31 00:07:29'),(4289,586,'Modules\\Product\\Entities\\Product',17,'additional_images','2021-10-31 00:07:29','2021-10-31 00:07:29'),(4290,747,'Modules\\Product\\Entities\\Product',19,'base_image','2021-10-31 00:09:19','2021-10-31 00:09:19'),(4291,735,'Modules\\Product\\Entities\\Product',19,'additional_images','2021-10-31 00:09:19','2021-10-31 00:09:19'),(4292,736,'Modules\\Product\\Entities\\Product',19,'additional_images','2021-10-31 00:09:19','2021-10-31 00:09:19'),(4293,737,'Modules\\Product\\Entities\\Product',19,'additional_images','2021-10-31 00:09:19','2021-10-31 00:09:19'),(4294,738,'Modules\\Product\\Entities\\Product',19,'additional_images','2021-10-31 00:09:19','2021-10-31 00:09:19'),(4295,749,'Modules\\Product\\Entities\\Product',20,'base_image','2021-10-31 00:10:11','2021-10-31 00:10:11'),(4296,419,'Modules\\Product\\Entities\\Product',20,'additional_images','2021-10-31 00:10:11','2021-10-31 00:10:11'),(4297,420,'Modules\\Product\\Entities\\Product',20,'additional_images','2021-10-31 00:10:11','2021-10-31 00:10:11'),(4298,421,'Modules\\Product\\Entities\\Product',20,'additional_images','2021-10-31 00:10:11','2021-10-31 00:10:11'),(4299,422,'Modules\\Product\\Entities\\Product',21,'base_image','2021-10-31 00:10:54','2021-10-31 00:10:54'),(4300,423,'Modules\\Product\\Entities\\Product',21,'additional_images','2021-10-31 00:10:54','2021-10-31 00:10:54'),(4301,424,'Modules\\Product\\Entities\\Product',21,'additional_images','2021-10-31 00:10:54','2021-10-31 00:10:54'),(4302,425,'Modules\\Product\\Entities\\Product',21,'additional_images','2021-10-31 00:10:54','2021-10-31 00:10:54'),(4303,342,'Modules\\Product\\Entities\\Product',22,'base_image','2021-10-31 00:11:35','2021-10-31 00:11:35'),(4304,343,'Modules\\Product\\Entities\\Product',22,'additional_images','2021-10-31 00:11:35','2021-10-31 00:11:35'),(4305,344,'Modules\\Product\\Entities\\Product',22,'additional_images','2021-10-31 00:11:35','2021-10-31 00:11:35'),(4306,345,'Modules\\Product\\Entities\\Product',22,'additional_images','2021-10-31 00:11:35','2021-10-31 00:11:35'),(4307,370,'Modules\\Product\\Entities\\Product',23,'base_image','2021-10-31 00:12:12','2021-10-31 00:12:12'),(4308,371,'Modules\\Product\\Entities\\Product',23,'additional_images','2021-10-31 00:12:12','2021-10-31 00:12:12'),(4309,373,'Modules\\Product\\Entities\\Product',23,'additional_images','2021-10-31 00:12:12','2021-10-31 00:12:12'),(4310,372,'Modules\\Product\\Entities\\Product',23,'additional_images','2021-10-31 00:12:12','2021-10-31 00:12:12'),(4315,430,'Modules\\Product\\Entities\\Product',25,'base_image','2021-10-31 00:13:28','2021-10-31 00:13:28'),(4316,431,'Modules\\Product\\Entities\\Product',25,'additional_images','2021-10-31 00:13:28','2021-10-31 00:13:28'),(4317,432,'Modules\\Product\\Entities\\Product',25,'additional_images','2021-10-31 00:13:28','2021-10-31 00:13:28'),(4318,433,'Modules\\Product\\Entities\\Product',25,'additional_images','2021-10-31 00:13:28','2021-10-31 00:13:28'),(4319,411,'Modules\\Product\\Entities\\Product',28,'base_image','2021-10-31 00:13:58','2021-10-31 00:13:58'),(4320,410,'Modules\\Product\\Entities\\Product',28,'additional_images','2021-10-31 00:13:58','2021-10-31 00:13:58'),(4321,413,'Modules\\Product\\Entities\\Product',28,'additional_images','2021-10-31 00:13:58','2021-10-31 00:13:58'),(4322,412,'Modules\\Product\\Entities\\Product',28,'additional_images','2021-10-31 00:13:58','2021-10-31 00:13:58'),(4323,414,'Modules\\Product\\Entities\\Product',29,'base_image','2021-10-31 00:15:33','2021-10-31 00:15:33'),(4324,415,'Modules\\Product\\Entities\\Product',29,'additional_images','2021-10-31 00:15:33','2021-10-31 00:15:33'),(4325,416,'Modules\\Product\\Entities\\Product',29,'additional_images','2021-10-31 00:15:33','2021-10-31 00:15:33'),(4326,417,'Modules\\Product\\Entities\\Product',29,'additional_images','2021-10-31 00:15:33','2021-10-31 00:15:33'),(4327,536,'Modules\\Product\\Entities\\Product',37,'base_image','2021-10-31 00:17:39','2021-10-31 00:17:39'),(4328,387,'Modules\\Product\\Entities\\Product',37,'additional_images','2021-10-31 00:17:39','2021-10-31 00:17:39'),(4329,388,'Modules\\Product\\Entities\\Product',37,'additional_images','2021-10-31 00:17:39','2021-10-31 00:17:39'),(4330,389,'Modules\\Product\\Entities\\Product',37,'additional_images','2021-10-31 00:17:39','2021-10-31 00:17:39'),(4339,575,'Modules\\Product\\Entities\\Product',127,'base_image','2021-10-31 11:44:07','2021-10-31 11:44:07'),(4340,576,'Modules\\Product\\Entities\\Product',127,'additional_images','2021-10-31 11:44:07','2021-10-31 11:44:07'),(4341,577,'Modules\\Product\\Entities\\Product',127,'additional_images','2021-10-31 11:44:07','2021-10-31 11:44:07'),(4342,578,'Modules\\Product\\Entities\\Product',127,'additional_images','2021-10-31 11:44:07','2021-10-31 11:44:07'),(4343,856,'Modules\\Product\\Entities\\Product',126,'base_image','2021-10-31 11:44:27','2021-10-31 11:44:27'),(4344,857,'Modules\\Product\\Entities\\Product',126,'additional_images','2021-10-31 11:44:27','2021-10-31 11:44:27'),(4345,858,'Modules\\Product\\Entities\\Product',126,'additional_images','2021-10-31 11:44:27','2021-10-31 11:44:27'),(4346,859,'Modules\\Product\\Entities\\Product',126,'additional_images','2021-10-31 11:44:27','2021-10-31 11:44:27'),(4347,847,'Modules\\Product\\Entities\\Product',125,'base_image','2021-10-31 11:45:23','2021-10-31 11:45:23'),(4348,848,'Modules\\Product\\Entities\\Product',125,'additional_images','2021-10-31 11:45:23','2021-10-31 11:45:23'),(4349,849,'Modules\\Product\\Entities\\Product',125,'additional_images','2021-10-31 11:45:23','2021-10-31 11:45:23'),(4350,850,'Modules\\Product\\Entities\\Product',125,'additional_images','2021-10-31 11:45:23','2021-10-31 11:45:23'),(4363,755,'Modules\\Product\\Entities\\Product',108,'base_image','2021-10-31 11:47:23','2021-10-31 11:47:23'),(4364,756,'Modules\\Product\\Entities\\Product',108,'additional_images','2021-10-31 11:47:23','2021-10-31 11:47:23'),(4365,757,'Modules\\Product\\Entities\\Product',108,'additional_images','2021-10-31 11:47:23','2021-10-31 11:47:23'),(4366,758,'Modules\\Product\\Entities\\Product',108,'additional_images','2021-10-31 11:47:23','2021-10-31 11:47:23'),(4367,580,'Modules\\Product\\Entities\\Product',14,'base_image','2021-10-31 11:49:33','2021-10-31 11:49:33'),(4368,582,'Modules\\Product\\Entities\\Product',14,'additional_images','2021-10-31 11:49:33','2021-10-31 11:49:33'),(4369,581,'Modules\\Product\\Entities\\Product',14,'additional_images','2021-10-31 11:49:33','2021-10-31 11:49:33'),(4370,579,'Modules\\Product\\Entities\\Product',14,'additional_images','2021-10-31 11:49:33','2021-10-31 11:49:33'),(4375,625,'Modules\\Product\\Entities\\Product',75,'base_image','2021-11-06 19:17:58','2021-11-06 19:17:58'),(4376,626,'Modules\\Product\\Entities\\Product',75,'additional_images','2021-11-06 19:17:58','2021-11-06 19:17:58'),(4377,627,'Modules\\Product\\Entities\\Product',75,'additional_images','2021-11-06 19:17:58','2021-11-06 19:17:58'),(4378,628,'Modules\\Product\\Entities\\Product',75,'additional_images','2021-11-06 19:17:58','2021-11-06 19:17:58'),(4379,622,'Modules\\Product\\Entities\\Product',74,'base_image','2021-11-06 19:18:38','2021-11-06 19:18:38'),(4380,621,'Modules\\Product\\Entities\\Product',74,'additional_images','2021-11-06 19:18:38','2021-11-06 19:18:38'),(4381,623,'Modules\\Product\\Entities\\Product',74,'additional_images','2021-11-06 19:18:38','2021-11-06 19:18:38'),(4382,624,'Modules\\Product\\Entities\\Product',74,'additional_images','2021-11-06 19:18:38','2021-11-06 19:18:38'),(4383,618,'Modules\\Product\\Entities\\Product',73,'base_image','2021-11-06 19:19:31','2021-11-06 19:19:31'),(4384,620,'Modules\\Product\\Entities\\Product',73,'additional_images','2021-11-06 19:19:31','2021-11-06 19:19:31'),(4385,617,'Modules\\Product\\Entities\\Product',73,'additional_images','2021-11-06 19:19:31','2021-11-06 19:19:31'),(4386,619,'Modules\\Product\\Entities\\Product',73,'additional_images','2021-11-06 19:19:31','2021-11-06 19:19:31'),(4387,613,'Modules\\Product\\Entities\\Product',72,'base_image','2021-11-06 19:19:51','2021-11-06 19:19:51'),(4388,616,'Modules\\Product\\Entities\\Product',72,'additional_images','2021-11-06 19:19:51','2021-11-06 19:19:51'),(4389,615,'Modules\\Product\\Entities\\Product',72,'additional_images','2021-11-06 19:19:51','2021-11-06 19:19:51'),(4390,614,'Modules\\Product\\Entities\\Product',72,'additional_images','2021-11-06 19:19:51','2021-11-06 19:19:51'),(4391,609,'Modules\\Product\\Entities\\Product',71,'base_image','2021-11-06 19:20:12','2021-11-06 19:20:12'),(4392,610,'Modules\\Product\\Entities\\Product',71,'additional_images','2021-11-06 19:20:12','2021-11-06 19:20:12'),(4393,611,'Modules\\Product\\Entities\\Product',71,'additional_images','2021-11-06 19:20:12','2021-11-06 19:20:12'),(4394,612,'Modules\\Product\\Entities\\Product',71,'additional_images','2021-11-06 19:20:12','2021-11-06 19:20:12'),(4395,605,'Modules\\Product\\Entities\\Product',70,'base_image','2021-11-06 19:20:52','2021-11-06 19:20:52'),(4396,606,'Modules\\Product\\Entities\\Product',70,'additional_images','2021-11-06 19:20:52','2021-11-06 19:20:52'),(4397,607,'Modules\\Product\\Entities\\Product',70,'additional_images','2021-11-06 19:20:52','2021-11-06 19:20:52'),(4398,608,'Modules\\Product\\Entities\\Product',70,'additional_images','2021-11-06 19:20:52','2021-11-06 19:20:52'),(4399,601,'Modules\\Product\\Entities\\Product',69,'base_image','2021-11-06 19:21:36','2021-11-06 19:21:36'),(4400,602,'Modules\\Product\\Entities\\Product',69,'additional_images','2021-11-06 19:21:36','2021-11-06 19:21:36'),(4401,603,'Modules\\Product\\Entities\\Product',69,'additional_images','2021-11-06 19:21:36','2021-11-06 19:21:36'),(4402,604,'Modules\\Product\\Entities\\Product',69,'additional_images','2021-11-06 19:21:36','2021-11-06 19:21:36'),(4403,591,'Modules\\Product\\Entities\\Product',68,'base_image','2021-11-06 19:22:16','2021-11-06 19:22:16'),(4404,598,'Modules\\Product\\Entities\\Product',68,'additional_images','2021-11-06 19:22:16','2021-11-06 19:22:16'),(4405,599,'Modules\\Product\\Entities\\Product',68,'additional_images','2021-11-06 19:22:16','2021-11-06 19:22:16'),(4406,600,'Modules\\Product\\Entities\\Product',68,'additional_images','2021-11-06 19:22:16','2021-11-06 19:22:16'),(4407,588,'Modules\\Product\\Entities\\Product',67,'base_image','2021-11-06 20:02:26','2021-11-06 20:02:26'),(4408,587,'Modules\\Product\\Entities\\Product',67,'additional_images','2021-11-06 20:02:26','2021-11-06 20:02:26'),(4409,589,'Modules\\Product\\Entities\\Product',67,'additional_images','2021-11-06 20:02:26','2021-11-06 20:02:26'),(4410,590,'Modules\\Product\\Entities\\Product',67,'additional_images','2021-11-06 20:02:26','2021-11-06 20:02:26'),(4411,553,'Modules\\Product\\Entities\\Product',66,'base_image','2021-11-06 20:02:56','2021-11-06 20:02:56'),(4412,554,'Modules\\Product\\Entities\\Product',66,'additional_images','2021-11-06 20:02:56','2021-11-06 20:02:56'),(4413,555,'Modules\\Product\\Entities\\Product',66,'additional_images','2021-11-06 20:02:56','2021-11-06 20:02:56'),(4414,556,'Modules\\Product\\Entities\\Product',66,'additional_images','2021-11-06 20:02:56','2021-11-06 20:02:56'),(4415,550,'Modules\\Product\\Entities\\Product',65,'base_image','2021-11-06 20:03:18','2021-11-06 20:03:18'),(4416,549,'Modules\\Product\\Entities\\Product',65,'additional_images','2021-11-06 20:03:18','2021-11-06 20:03:18'),(4417,551,'Modules\\Product\\Entities\\Product',65,'additional_images','2021-11-06 20:03:18','2021-11-06 20:03:18'),(4418,552,'Modules\\Product\\Entities\\Product',65,'additional_images','2021-11-06 20:03:18','2021-11-06 20:03:18'),(4419,546,'Modules\\Product\\Entities\\Product',64,'base_image','2021-11-06 20:03:40','2021-11-06 20:03:40'),(4420,545,'Modules\\Product\\Entities\\Product',64,'additional_images','2021-11-06 20:03:40','2021-11-06 20:03:40'),(4421,547,'Modules\\Product\\Entities\\Product',64,'additional_images','2021-11-06 20:03:40','2021-11-06 20:03:40'),(4422,548,'Modules\\Product\\Entities\\Product',64,'additional_images','2021-11-06 20:03:40','2021-11-06 20:03:40'),(4423,642,'Modules\\Product\\Entities\\Product',63,'base_image','2021-11-06 20:03:59','2021-11-06 20:03:59'),(4424,643,'Modules\\Product\\Entities\\Product',63,'additional_images','2021-11-06 20:03:59','2021-11-06 20:03:59'),(4425,644,'Modules\\Product\\Entities\\Product',63,'additional_images','2021-11-06 20:03:59','2021-11-06 20:03:59'),(4426,645,'Modules\\Product\\Entities\\Product',63,'additional_images','2021-11-06 20:03:59','2021-11-06 20:03:59'),(4427,538,'Modules\\Product\\Entities\\Product',61,'base_image','2021-11-06 20:04:27','2021-11-06 20:04:27'),(4428,539,'Modules\\Product\\Entities\\Product',61,'additional_images','2021-11-06 20:04:27','2021-11-06 20:04:27'),(4429,537,'Modules\\Product\\Entities\\Product',61,'additional_images','2021-11-06 20:04:27','2021-11-06 20:04:27'),(4430,540,'Modules\\Product\\Entities\\Product',61,'additional_images','2021-11-06 20:04:27','2021-11-06 20:04:27'),(4431,315,'Modules\\Product\\Entities\\Product',46,'base_image','2021-11-06 20:04:58','2021-11-06 20:04:58'),(4432,314,'Modules\\Product\\Entities\\Product',46,'additional_images','2021-11-06 20:04:58','2021-11-06 20:04:58'),(4433,317,'Modules\\Product\\Entities\\Product',46,'additional_images','2021-11-06 20:04:58','2021-11-06 20:04:58'),(4434,316,'Modules\\Product\\Entities\\Product',46,'additional_images','2021-11-06 20:04:58','2021-11-06 20:04:58'),(4435,319,'Modules\\Product\\Entities\\Product',45,'base_image','2021-11-06 20:05:20','2021-11-06 20:05:20'),(4436,318,'Modules\\Product\\Entities\\Product',45,'additional_images','2021-11-06 20:05:20','2021-11-06 20:05:20'),(4437,320,'Modules\\Product\\Entities\\Product',45,'additional_images','2021-11-06 20:05:20','2021-11-06 20:05:20'),(4438,321,'Modules\\Product\\Entities\\Product',45,'additional_images','2021-11-06 20:05:20','2021-11-06 20:05:20'),(4439,323,'Modules\\Product\\Entities\\Product',44,'base_image','2021-11-06 20:05:50','2021-11-06 20:05:50'),(4440,322,'Modules\\Product\\Entities\\Product',44,'additional_images','2021-11-06 20:05:50','2021-11-06 20:05:50'),(4441,324,'Modules\\Product\\Entities\\Product',44,'additional_images','2021-11-06 20:05:50','2021-11-06 20:05:50'),(4442,325,'Modules\\Product\\Entities\\Product',44,'additional_images','2021-11-06 20:05:50','2021-11-06 20:05:50'),(4443,327,'Modules\\Product\\Entities\\Product',43,'base_image','2021-11-06 20:06:31','2021-11-06 20:06:31'),(4444,326,'Modules\\Product\\Entities\\Product',43,'additional_images','2021-11-06 20:06:31','2021-11-06 20:06:31'),(4445,328,'Modules\\Product\\Entities\\Product',43,'additional_images','2021-11-06 20:06:31','2021-11-06 20:06:31'),(4446,329,'Modules\\Product\\Entities\\Product',43,'additional_images','2021-11-06 20:06:31','2021-11-06 20:06:31'),(4459,359,'Modules\\Product\\Entities\\Product',40,'base_image','2021-11-06 20:17:09','2021-11-06 20:17:09'),(4460,357,'Modules\\Product\\Entities\\Product',40,'additional_images','2021-11-06 20:17:09','2021-11-06 20:17:09'),(4461,358,'Modules\\Product\\Entities\\Product',40,'additional_images','2021-11-06 20:17:09','2021-11-06 20:17:09'),(4462,361,'Modules\\Product\\Entities\\Product',40,'additional_images','2021-11-06 20:17:09','2021-11-06 20:17:09'),(4475,362,'Modules\\Product\\Entities\\Product',39,'base_image','2021-11-06 20:19:09','2021-11-06 20:19:09'),(4476,363,'Modules\\Product\\Entities\\Product',39,'additional_images','2021-11-06 20:19:09','2021-11-06 20:19:09'),(4477,364,'Modules\\Product\\Entities\\Product',39,'additional_images','2021-11-06 20:19:09','2021-11-06 20:19:09'),(4478,365,'Modules\\Product\\Entities\\Product',39,'additional_images','2021-11-06 20:19:09','2021-11-06 20:19:09'),(4479,366,'Modules\\Product\\Entities\\Product',38,'base_image','2021-11-06 20:22:52','2021-11-06 20:22:52'),(4480,367,'Modules\\Product\\Entities\\Product',38,'additional_images','2021-11-06 20:22:52','2021-11-06 20:22:52'),(4481,368,'Modules\\Product\\Entities\\Product',38,'additional_images','2021-11-06 20:22:52','2021-11-06 20:22:52'),(4482,369,'Modules\\Product\\Entities\\Product',38,'additional_images','2021-11-06 20:22:52','2021-11-06 20:22:52'),(4487,390,'Modules\\Product\\Entities\\Product',34,'base_image','2021-11-06 20:34:25','2021-11-06 20:34:25'),(4488,391,'Modules\\Product\\Entities\\Product',34,'additional_images','2021-11-06 20:34:25','2021-11-06 20:34:25'),(4489,392,'Modules\\Product\\Entities\\Product',34,'additional_images','2021-11-06 20:34:25','2021-11-06 20:34:25'),(4490,393,'Modules\\Product\\Entities\\Product',34,'additional_images','2021-11-06 20:34:25','2021-11-06 20:34:25'),(4491,426,'Modules\\Product\\Entities\\Product',24,'base_image','2021-11-06 20:35:47','2021-11-06 20:35:47'),(4492,427,'Modules\\Product\\Entities\\Product',24,'additional_images','2021-11-06 20:35:47','2021-11-06 20:35:47'),(4493,428,'Modules\\Product\\Entities\\Product',24,'additional_images','2021-11-06 20:35:47','2021-11-06 20:35:47'),(4494,429,'Modules\\Product\\Entities\\Product',24,'additional_images','2021-11-06 20:35:47','2021-11-06 20:35:47'),(4495,575,'Modules\\Product\\Entities\\Product',15,'base_image','2021-11-06 20:38:13','2021-11-06 20:38:13'),(4496,576,'Modules\\Product\\Entities\\Product',15,'additional_images','2021-11-06 20:38:13','2021-11-06 20:38:13'),(4497,577,'Modules\\Product\\Entities\\Product',15,'additional_images','2021-11-06 20:38:13','2021-11-06 20:38:13'),(4498,578,'Modules\\Product\\Entities\\Product',15,'additional_images','2021-11-06 20:38:13','2021-11-06 20:38:13'),(4499,771,'Modules\\Product\\Entities\\Product',42,'base_image','2021-11-06 20:52:58','2021-11-06 20:52:58'),(4500,334,'Modules\\Product\\Entities\\Product',42,'additional_images','2021-11-06 20:52:58','2021-11-06 20:52:58'),(4501,336,'Modules\\Product\\Entities\\Product',42,'additional_images','2021-11-06 20:52:58','2021-11-06 20:52:58'),(4502,337,'Modules\\Product\\Entities\\Product',42,'additional_images','2021-11-06 20:52:58','2021-11-06 20:52:58'),(4503,350,'Modules\\Product\\Entities\\Product',41,'base_image','2021-11-06 20:53:37','2021-11-06 20:53:37'),(4504,346,'Modules\\Product\\Entities\\Product',41,'additional_images','2021-11-06 20:53:37','2021-11-06 20:53:37'),(4505,348,'Modules\\Product\\Entities\\Product',41,'additional_images','2021-11-06 20:53:37','2021-11-06 20:53:37'),(4506,349,'Modules\\Product\\Entities\\Product',41,'additional_images','2021-11-06 20:53:37','2021-11-06 20:53:37'),(4507,352,'Modules\\Product\\Entities\\Product',13,'base_image','2021-11-06 20:54:47','2021-11-06 20:54:47'),(4508,351,'Modules\\Product\\Entities\\Product',13,'additional_images','2021-11-06 20:54:47','2021-11-06 20:54:47'),(4509,353,'Modules\\Product\\Entities\\Product',13,'additional_images','2021-11-06 20:54:47','2021-11-06 20:54:47'),(4510,354,'Modules\\Product\\Entities\\Product',13,'additional_images','2021-11-06 20:54:47','2021-11-06 20:54:47'),(4523,860,'Modules\\Product\\Entities\\Product',128,'base_image','2021-11-18 16:44:13','2021-11-18 16:44:13'),(4524,862,'Modules\\Product\\Entities\\Product',128,'additional_images','2021-11-18 16:44:13','2021-11-18 16:44:13'),(4525,861,'Modules\\Product\\Entities\\Product',128,'additional_images','2021-11-18 16:44:13','2021-11-18 16:44:13'),(4526,863,'Modules\\Product\\Entities\\Product',128,'additional_images','2021-11-18 16:44:13','2021-11-18 16:44:13'),(4547,864,'Modules\\Product\\Entities\\Product',129,'base_image','2021-11-21 22:56:34','2021-11-21 22:56:34'),(4548,868,'Modules\\Product\\Entities\\Product',129,'additional_images','2021-11-21 22:56:34','2021-11-21 22:56:34'),(4549,870,'Modules\\Product\\Entities\\Product',129,'additional_images','2021-11-21 22:56:34','2021-11-21 22:56:34'),(4550,867,'Modules\\Product\\Entities\\Product',129,'additional_images','2021-11-21 22:56:34','2021-11-21 22:56:34'),(4551,871,'Modules\\Product\\Entities\\Product',129,'additional_images','2021-11-21 22:56:34','2021-11-21 22:56:34'),(4552,865,'Modules\\Product\\Entities\\Product',129,'additional_images','2021-11-21 22:56:34','2021-11-21 22:56:34'),(4553,869,'Modules\\Product\\Entities\\Product',129,'additional_images','2021-11-21 22:56:34','2021-11-21 22:56:34'),(4554,866,'Modules\\Product\\Entities\\Product',129,'additional_images','2021-11-21 22:56:34','2021-11-21 22:56:34'),(4570,885,'Modules\\Product\\Entities\\Product',86,'base_image','2021-11-24 11:47:43','2021-11-24 11:47:43'),(4571,852,'Modules\\Product\\Entities\\Product',86,'additional_images','2021-11-24 11:47:43','2021-11-24 11:47:43'),(4572,851,'Modules\\Product\\Entities\\Product',86,'additional_images','2021-11-24 11:47:43','2021-11-24 11:47:43'),(4573,878,'Modules\\Product\\Entities\\Product',86,'additional_images','2021-11-24 11:47:43','2021-11-24 11:47:43'),(4574,879,'Modules\\Product\\Entities\\Product',86,'additional_images','2021-11-24 11:47:43','2021-11-24 11:47:43'),(4575,886,'Modules\\Product\\Entities\\Product',130,'base_image','2021-11-24 11:54:27','2021-11-24 11:54:27'),(4576,875,'Modules\\Product\\Entities\\Product',130,'additional_images','2021-11-24 11:54:27','2021-11-24 11:54:27'),(4577,873,'Modules\\Product\\Entities\\Product',130,'additional_images','2021-11-24 11:54:27','2021-11-24 11:54:27'),(4578,874,'Modules\\Product\\Entities\\Product',130,'additional_images','2021-11-24 11:54:27','2021-11-24 11:54:27'),(4579,876,'Modules\\Product\\Entities\\Product',130,'additional_images','2021-11-24 11:54:27','2021-11-24 11:54:27'),(4580,887,'Modules\\Product\\Entities\\Product',131,'base_image','2021-11-24 12:01:15','2021-11-24 12:01:15'),(4581,881,'Modules\\Product\\Entities\\Product',131,'additional_images','2021-11-24 12:01:15','2021-11-24 12:01:15'),(4582,882,'Modules\\Product\\Entities\\Product',131,'additional_images','2021-11-24 12:01:15','2021-11-24 12:01:15'),(4583,883,'Modules\\Product\\Entities\\Product',131,'additional_images','2021-11-24 12:01:15','2021-11-24 12:01:15'),(4584,884,'Modules\\Product\\Entities\\Product',131,'additional_images','2021-11-24 12:01:15','2021-11-24 12:01:15'),(4595,894,'Modules\\Product\\Entities\\Product',85,'base_image','2021-11-24 16:45:53','2021-11-24 16:45:53'),(4596,893,'Modules\\Product\\Entities\\Product',85,'additional_images','2021-11-24 16:45:53','2021-11-24 16:45:53'),(4597,895,'Modules\\Product\\Entities\\Product',85,'additional_images','2021-11-24 16:45:53','2021-11-24 16:45:53'),(4598,896,'Modules\\Product\\Entities\\Product',85,'additional_images','2021-11-24 16:45:53','2021-11-24 16:45:53'),(4599,897,'Modules\\Product\\Entities\\Product',85,'additional_images','2021-11-24 16:45:53','2021-11-24 16:45:53'),(4600,898,'Modules\\Product\\Entities\\Product',85,'additional_images','2021-11-24 16:45:53','2021-11-24 16:45:53'),(4605,831,'Modules\\Product\\Entities\\Product',121,'base_image','2021-11-24 16:49:22','2021-11-24 16:49:22'),(4606,832,'Modules\\Product\\Entities\\Product',121,'additional_images','2021-11-24 16:49:22','2021-11-24 16:49:22'),(4607,833,'Modules\\Product\\Entities\\Product',121,'additional_images','2021-11-24 16:49:22','2021-11-24 16:49:22'),(4608,834,'Modules\\Product\\Entities\\Product',121,'additional_images','2021-11-24 16:49:22','2021-11-24 16:49:22'),(4609,899,'Modules\\Product\\Entities\\Product',133,'base_image','2021-12-26 21:25:33','2021-12-26 21:25:33'),(4610,900,'Modules\\Product\\Entities\\Product',133,'additional_images','2021-12-26 21:25:33','2021-12-26 21:25:33'),(4615,835,'Modules\\Product\\Entities\\Product',122,'base_image','2022-01-10 13:43:04','2022-01-10 13:43:04'),(4616,836,'Modules\\Product\\Entities\\Product',122,'additional_images','2022-01-10 13:43:04','2022-01-10 13:43:04'),(4617,838,'Modules\\Product\\Entities\\Product',122,'additional_images','2022-01-10 13:43:04','2022-01-10 13:43:04'),(4618,837,'Modules\\Product\\Entities\\Product',122,'additional_images','2022-01-10 13:43:04','2022-01-10 13:43:04'),(4619,839,'Modules\\Product\\Entities\\Product',123,'base_image','2022-01-12 23:53:54','2022-01-12 23:53:54'),(4620,840,'Modules\\Product\\Entities\\Product',123,'additional_images','2022-01-12 23:53:54','2022-01-12 23:53:54'),(4621,842,'Modules\\Product\\Entities\\Product',123,'additional_images','2022-01-12 23:53:54','2022-01-12 23:53:54'),(4622,841,'Modules\\Product\\Entities\\Product',123,'additional_images','2022-01-12 23:53:54','2022-01-12 23:53:54'),(4643,901,'Modules\\Product\\Entities\\Product',134,'base_image','2022-01-20 22:28:20','2022-01-20 22:28:20'),(4644,902,'Modules\\Product\\Entities\\Product',134,'additional_images','2022-01-20 22:28:20','2022-01-20 22:28:20'),(4645,903,'Modules\\Product\\Entities\\Product',134,'additional_images','2022-01-20 22:28:20','2022-01-20 22:28:20'),(4646,904,'Modules\\Product\\Entities\\Product',134,'additional_images','2022-01-20 22:28:20','2022-01-20 22:28:20'),(4647,888,'Modules\\Product\\Entities\\Product',132,'base_image','2022-01-20 22:35:14','2022-01-20 22:35:14'),(4648,889,'Modules\\Product\\Entities\\Product',132,'additional_images','2022-01-20 22:35:14','2022-01-20 22:35:14'),(4649,890,'Modules\\Product\\Entities\\Product',132,'additional_images','2022-01-20 22:35:14','2022-01-20 22:35:14'),(4650,891,'Modules\\Product\\Entities\\Product',132,'additional_images','2022-01-20 22:35:14','2022-01-20 22:35:14'),(4651,892,'Modules\\Product\\Entities\\Product',132,'additional_images','2022-01-20 22:35:14','2022-01-20 22:35:14'),(4652,906,'Modules\\Product\\Entities\\Product',135,'base_image','2022-01-24 19:29:19','2022-01-24 19:29:19'),(4653,904,'Modules\\Product\\Entities\\Product',135,'additional_images','2022-01-24 19:29:19','2022-01-24 19:29:19'),(4654,903,'Modules\\Product\\Entities\\Product',135,'additional_images','2022-01-24 19:29:19','2022-01-24 19:29:19'),(4655,902,'Modules\\Product\\Entities\\Product',135,'additional_images','2022-01-24 19:29:19','2022-01-24 19:29:19'),(4656,310,'Modules\\Product\\Entities\\Product',2,'base_image','2022-03-01 11:35:52','2022-03-01 11:35:52'),(4657,311,'Modules\\Product\\Entities\\Product',2,'additional_images','2022-03-01 11:35:52','2022-03-01 11:35:52'),(4658,312,'Modules\\Product\\Entities\\Product',2,'additional_images','2022-03-01 11:35:52','2022-03-01 11:35:52'),(4659,313,'Modules\\Product\\Entities\\Product',2,'additional_images','2022-03-01 11:35:52','2022-03-01 11:35:52'),(4660,303,'Modules\\Product\\Entities\\Product',3,'base_image','2022-03-01 11:36:13','2022-03-01 11:36:13'),(4661,306,'Modules\\Product\\Entities\\Product',3,'additional_images','2022-03-01 11:36:13','2022-03-01 11:36:13'),(4662,305,'Modules\\Product\\Entities\\Product',3,'additional_images','2022-03-01 11:36:13','2022-03-01 11:36:13'),(4663,307,'Modules\\Product\\Entities\\Product',3,'additional_images','2022-03-01 11:36:13','2022-03-01 11:36:13'),(4664,299,'Modules\\Product\\Entities\\Product',4,'base_image','2022-03-01 11:37:05','2022-03-01 11:37:05'),(4665,300,'Modules\\Product\\Entities\\Product',4,'additional_images','2022-03-01 11:37:05','2022-03-01 11:37:05'),(4666,301,'Modules\\Product\\Entities\\Product',4,'additional_images','2022-03-01 11:37:05','2022-03-01 11:37:05'),(4667,302,'Modules\\Product\\Entities\\Product',4,'additional_images','2022-03-01 11:37:05','2022-03-01 11:37:05'),(4668,843,'Modules\\Product\\Entities\\Product',124,'base_image','2022-03-09 15:22:54','2022-03-09 15:22:54'),(4669,844,'Modules\\Product\\Entities\\Product',124,'additional_images','2022-03-09 15:22:54','2022-03-09 15:22:54'),(4670,845,'Modules\\Product\\Entities\\Product',124,'additional_images','2022-03-09 15:22:54','2022-03-09 15:22:54'),(4671,846,'Modules\\Product\\Entities\\Product',124,'additional_images','2022-03-09 15:22:54','2022-03-09 15:22:54'),(4672,436,'Modules\\Category\\Entities\\Category',16,'logo','2022-03-17 23:44:46','2022-03-17 23:44:46'),(4673,564,'Modules\\Category\\Entities\\Category',16,'banner','2022-03-17 23:44:46','2022-03-17 23:44:46'),(4682,726,'Modules\\Product\\Entities\\Product',106,'base_image','2022-03-17 23:48:02','2022-03-17 23:48:02'),(4683,727,'Modules\\Product\\Entities\\Product',106,'additional_images','2022-03-17 23:48:02','2022-03-17 23:48:02'),(4684,728,'Modules\\Product\\Entities\\Product',106,'additional_images','2022-03-17 23:48:02','2022-03-17 23:48:02'),(4685,729,'Modules\\Product\\Entities\\Product',106,'additional_images','2022-03-17 23:48:02','2022-03-17 23:48:02');
/*!40000 ALTER TABLE `entity_files` ENABLE KEYS */;
UNLOCK TABLES;

--
-- Table structure for table `files`
--

DROP TABLE IF EXISTS `files`;
/*!40101 SET @saved_cs_client     = @@character_set_client */;
/*!40101 SET character_set_client = utf8 */;
CREATE TABLE `files` (
  `id` int(10) unsigned NOT NULL AUTO_INCREMENT,
  `user_id` int(10) unsigned NOT NULL,
  `filename` varchar(191) COLLATE utf8mb4_unicode_ci NOT NULL,
  `disk` varchar(191) COLLATE utf8mb4_unicode_ci NOT NULL,
  `path` varchar(191) COLLATE utf8mb4_unicode_ci NOT NULL,
  `extension` varchar(191) COLLATE utf8mb4_unicode_ci NOT NULL,
  `mime` varchar(191) COLLATE utf8mb4_unicode_ci NOT NULL,
  `size` varchar(191) COLLATE utf8mb4_unicode_ci NOT NULL,
  `created_at` timestamp NULL DEFAULT NULL,
  `updated_at` timestamp NULL DEFAULT NULL,
  PRIMARY KEY (`id`),
  KEY `files_user_id_index` (`user_id`),
  KEY `files_filename_index` (`filename`)
) ENGINE=InnoDB AUTO_INCREMENT=907 DEFAULT CHARSET=utf8mb4 COLLATE=utf8mb4_unicode_ci;
/*!40101 SET character_set_client = @saved_cs_client */;

--
-- Dumping data for table `files`
--

LOCK TABLES `files` WRITE;
/*!40000 ALTER TABLE `files` DISABLE KEYS */;
INSERT INTO `files` VALUES (1,1,'modern packagers - logo-1.png','public_storage','media/yfIQUdrolw2xfeLT3aNTJ6BrvjLLl4YSIZEhqG4I.png','png','image/png','33354','2020-06-30 15:44:36','2020-06-30 15:44:36'),(2,1,'modern packagers - logo.png','public_storage','media/KxRZDsofWFNEpgwiWEFMn5nOO8xQUR9EV2ANpGBt.png','png','image/png','67611','2020-07-01 19:13:04','2020-07-01 19:13:04'),(193,1,'digital-payments-in-india-instamojo-blog-1.jpeg','public_storage','media/YWbctiwrHUwJE5EiDPO9GTe9gbT81dC4aQuS6RTY.jpeg','jpeg','image/jpeg','19825','2020-09-30 14:06:06','2020-09-30 14:06:06'),(195,1,'express-delivery.png','public_storage','media/AZjC8rzTqPwjUcb6Vo4k5Zd06h3ox818Z1E3LZOp.png','png','image/png','21094','2020-09-30 14:08:09','2020-09-30 14:08:09'),(273,1,'KxRZDsofWFNEpgwiWEFMn5nOO8xQUR9EV2ANpGBt.png','public_storage','media/nlLoKOqpqNkc2GtgB6Ej3bEWE7Krt4AGm7WagBkO.png','png','image/png','67611','2020-12-22 15:48:05','2020-12-22 15:48:05'),(274,1,'KxRZDsofWFNEpgwiWEFMn5nOO8xQUR9EV2ANpGBt.png','public_storage','media/FNc7NEmb5MnuAhch4MLFrEtHgv13hKyl4oGIFN0l.png','png','image/png','67611','2020-12-22 15:48:57','2020-12-22 15:48:57'),(275,1,'newlogo.png','public_storage','media/AsPxdcRvXOZGVKScrouboZmnmKGNGXybCUyhiIxD.png','png','image/png','67611','2020-12-22 15:51:29','2020-12-22 15:51:29'),(292,1,'P3.jpg','public_storage','media/cp6ZanNqgL3POEVpzq3aB5RmZYIfO9MyOAz3O8mu.jpeg','jpeg','image/jpeg','72654','2021-05-21 15:40:51','2021-05-21 15:40:51'),(293,1,'P2.jpg','public_storage','media/DM27U9Kg1TLGoNv9TnbXiHHIRLf5CY4nGF7ANz3P.jpeg','jpeg','image/jpeg','195655','2021-05-21 15:40:51','2021-05-21 15:40:51'),(294,1,'P4.jpg','public_storage','media/LKLSBC6iQMfhUsDI35LTIbWZEEP968W1nhpcUIY7.jpeg','jpeg','image/jpeg','69482','2021-05-21 15:40:51','2021-05-21 15:40:51'),(296,1,'p1.jpg','public_storage','media/iOPhiNfdLXe5s7x7EvcJ8REwlRE0i57kwhsYfARN.jpeg','jpeg','image/jpeg','121135','2021-05-21 15:44:19','2021-05-21 15:44:19'),(297,1,'piza-01.jpg','public_storage','media/yorL5W7m160APTLrBwKlTZ3F7cmCzOzQamQnYbAb.jpeg','jpeg','image/jpeg','188467','2021-05-21 15:50:06','2021-05-21 15:50:06'),(298,1,'piza-01.jpg','public_storage','media/l5VjDhCooHfax89J1Ipgy0sk3ywVY66omrS6cKqm.jpeg','jpeg','image/jpeg','188467','2021-05-21 15:51:59','2021-05-21 15:51:59'),(299,1,'Pizza 13inch p1.jpg','public_storage','media/CwOFWvlIWSPFueXoLWaCcLld9Iw2D5rGtZOatEfp.jpeg','jpeg','image/jpeg','121135','2021-05-21 15:55:33','2021-05-21 15:55:33'),(300,1,'Pizza 13inch P2.jpg','public_storage','media/sQQ9JvK8lA4mEibyDEuySUUZ7JZJNuzwWfUvo66H.jpeg','jpeg','image/jpeg','195655','2021-05-21 15:56:11','2021-05-21 15:56:11'),(301,1,'Pizza 13inch P3.jpg','public_storage','media/2bkRxFSYvm10IwH5XTMLnq77MH6OWw4H04hzvQD5.jpeg','jpeg','image/jpeg','72654','2021-05-21 15:56:11','2021-05-21 15:56:11'),(302,1,'Pizza 13inch P4.jpg','public_storage','media/u8vcFRvKWorSa1vo9etRgKdEyOLoeu1FCmwcURql.jpeg','jpeg','image/jpeg','69482','2021-05-21 15:56:11','2021-05-21 15:56:11'),(303,1,'piza 10inch p1.jpg','public_storage','media/qWPaFFzsK8BytGAS7syk3ZfSS9ApP22hg30meDnh.jpeg','jpeg','image/jpeg','188467','2021-05-21 15:58:19','2021-05-21 15:58:19'),(305,1,'piza 10inch p3.jpg','public_storage','media/TUgrSX89Rxn0rBIFwdgAI7xR9c9vk50vg3M3EnjM.jpeg','jpeg','image/jpeg','248045','2021-05-21 16:00:04','2021-05-21 16:00:04'),(306,1,'piza 10inch p2.jpg','public_storage','media/zpAXXGk6f3X4IeoYPbTlvMunJCvgK1Ru8R1OBkck.jpeg','jpeg','image/jpeg','277944','2021-05-21 16:00:04','2021-05-21 16:00:04'),(307,1,'piza 10inch p4.jpg','public_storage','media/ls2JeSnj2BkVHBmQgO4RaZpEmpKkmoS3syFGKE80.jpeg','jpeg','image/jpeg','124743','2021-05-21 16:00:04','2021-05-21 16:00:04'),(310,1,'Pizza 7.5inch p1.jpg','public_storage','media/GitMaKNhfKED2TZQwww3SofAA1jFhWJjhc2GpsfL.jpeg','jpeg','image/jpeg','147236','2021-05-21 16:06:55','2021-05-21 16:06:55'),(311,1,'Pizza 7.5inch p2.jpg','public_storage','media/jbCAGyYpd3ZRNv0knJXo9JdoB16mC30TMEQIUK2b.jpeg','jpeg','image/jpeg','219355','2021-05-21 16:06:55','2021-05-21 16:06:55'),(312,1,'Pizza 7.5inch p3.jpg','public_storage','media/ne1WUsQEpPgCwFWYbJ71hu7COJU9IIJY8G8Bf8Y8.jpeg','jpeg','image/jpeg','178028','2021-05-21 16:06:56','2021-05-21 16:06:56'),(313,1,'Pizza 7.5inch p4.jpg','public_storage','media/UvwS5mfGs7UTZFUfGxHh8P1tvEr8PfRUyNjnzGz8.jpeg','jpeg','image/jpeg','64638','2021-05-21 16:06:56','2021-05-21 16:06:56'),(314,1,'1000-ml-container-p2.jpg','public_storage','media/buWeLoIbxDtQvmMGEJURJmnFvxG0V6rMOLdFGKsU.jpeg','jpeg','image/jpeg','71929','2021-05-21 16:21:37','2021-05-21 16:21:37'),(315,1,'1000-ml-container-p1.jpg','public_storage','media/EKcb9dN6kWZSSuAEiO8Nu3oCN7fEZSv1kLQhuyet.jpeg','jpeg','image/jpeg','92707','2021-05-21 16:21:37','2021-05-21 16:21:37'),(316,1,'1000-ml-container-p4.jpg','public_storage','media/C08G9qbwPp5GJGpT7Lm8JGAWKXFGhzv8BC0NveJ7.jpeg','jpeg','image/jpeg','47278','2021-05-21 16:21:37','2021-05-21 16:21:37'),(317,1,'1000-ml-container-p3.jpg','public_storage','media/5ClwGvbvlgOq0AkyQIClCk3n1Zwp7oNTGJjb4Fok.jpeg','jpeg','image/jpeg','51493','2021-05-21 16:21:37','2021-05-21 16:21:37'),(318,1,'750-ml-Rectangle--Container-p2.jpg','public_storage','media/CIWgaIBdSYJZacUAXQHqyX7W0INP19XouwMPbew8.jpeg','jpeg','image/jpeg','59162','2021-05-21 16:32:49','2021-05-21 16:32:49'),(319,1,'750-ml-Rectangle--Container-p1.jpg','public_storage','media/lfvfhSXLHMs7p3htQgFLw8CXxSv7vyqHOHLHACcu.jpeg','jpeg','image/jpeg','98825','2021-05-21 16:32:49','2021-05-21 16:32:49'),(320,1,'750-ml-Rectangle--Container-p3.jpg','public_storage','media/0hBKFUQIFJxzAyw81xMDNwcbFrmlYaYODasOkumH.jpeg','jpeg','image/jpeg','71902','2021-05-21 16:32:49','2021-05-21 16:32:49'),(321,1,'750-ml-Rectangle--Container-p4.jpg','public_storage','media/5M8NmEOWxEQKnBkvVKfRmyjzBwHnFQ8jIAIbQeTh.jpeg','jpeg','image/jpeg','57034','2021-05-21 16:32:49','2021-05-21 16:32:49'),(322,1,'650-ml-Rectangle--Container-p2.jpg','public_storage','media/49SHoDbPDoTvUdA1UbRo38GvLZYPZZqvte1fxPgh.jpeg','jpeg','image/jpeg','71001','2021-05-21 16:43:21','2021-05-21 16:43:21'),(323,1,'650-ml-Rectangle--Container-p1.jpg','public_storage','media/1lzHJ8074jUIXI5y3XQpnMfwI8kO2ffj78zQhWLe.jpeg','jpeg','image/jpeg','102471','2021-05-21 16:43:21','2021-05-21 16:43:21'),(324,1,'650-ml-Rectangle--Container-p3.jpg','public_storage','media/itsF90XuIptNxv0J30zUJVXMWLJFRguML5WQnPg3.jpeg','jpeg','image/jpeg','52849','2021-05-21 16:43:21','2021-05-21 16:43:21'),(325,1,'650-ml-Rectangle--Container-p4.jpg','public_storage','media/ZwaYVSf3RcA6R5nLOL0VTFy9dSuGPP02siAKj2H6.jpeg','jpeg','image/jpeg','102151','2021-05-21 16:43:22','2021-05-21 16:43:22'),(326,1,'500-ml-Rectangle--Container-p2.jpg','public_storage','media/pT28gAq1MVI77yxOuetozpLtc82XHzVYHyvl3OPD.jpeg','jpeg','image/jpeg','64583','2021-05-21 16:51:10','2021-05-21 16:51:10'),(327,1,'500-ml-Rectangle--Container-p1.jpg','public_storage','media/H5y95DQnGmsIitfOxiz63grYmriT6OULV1h0Ijg2.jpeg','jpeg','image/jpeg','95455','2021-05-21 16:51:10','2021-05-21 16:51:10'),(328,1,'500-ml-Rectangle--Container-p3.jpg','public_storage','media/cMArcZe58b2CWtLgdY5SaPk4Fl5los74ZaKUWcAG.jpeg','jpeg','image/jpeg','64598','2021-05-21 16:51:10','2021-05-21 16:51:10'),(329,1,'500-ml-Rectangle--Container-p4.jpg','public_storage','media/1hoRFPJ4Q2JOXnDWaGWN0wNDpwUgNb9wKZLGI8KT.jpeg','jpeg','image/jpeg','82103','2021-05-21 16:51:10','2021-05-21 16:51:10'),(330,1,'5-CP-Meal-Trays-p1.jpg','public_storage','media/K5VDlOaITDdW0Z1ew1P0TWV4jT0Rbxm6rjf9tDxy.jpeg','jpeg','image/jpeg','89039','2021-05-21 17:07:34','2021-05-21 17:07:34'),(331,1,'5-CP-Meal-Trays-p2.jpg','public_storage','media/5r4nnBRlDtSFfFY2umOJOiJLFBl8otfACAGl51jt.jpeg','jpeg','image/jpeg','180340','2021-05-21 17:07:35','2021-05-21 17:07:35'),(332,1,'5-CP-Meal-Trays-p3.jpg','public_storage','media/ehAutxXJIz4aOAMaA9yXh6v8q5TcZZathbzlfjbr.jpeg','jpeg','image/jpeg','123192','2021-05-21 17:07:35','2021-05-21 17:07:35'),(333,1,'5-CP-Meal-Trays-p4.jpg','public_storage','media/TxCUHodrRQSs31TGHhkN3KSFe7PeaDBJMiwA9L4N.jpeg','jpeg','image/jpeg','134439','2021-05-21 17:07:35','2021-05-21 17:07:35'),(334,1,'Pastry-Box-p2.jpg','public_storage','media/mRAYUo4h2SuG33iasyVNIE1TiZjuXqUbCYLFux0N.jpeg','jpeg','image/jpeg','229969','2021-05-21 18:17:42','2021-05-21 18:17:42'),(335,1,'Pastry-Box-p1.jpg','public_storage','media/n2GIPME8PNwt2EOCksaC3ph1GJNnzSBanMiuP8B5.jpeg','jpeg','image/jpeg','276314','2021-05-21 18:17:42','2021-05-21 18:17:42'),(336,1,'Pastry-Box-p3.jpg','public_storage','media/95uTTPCeD9Jl1KZlNMoJ040c6MWbVvDJZIRX1fBG.jpeg','jpeg','image/jpeg','293541','2021-05-21 18:17:43','2021-05-21 18:17:43'),(337,1,'Pastry-Box-p4.jpg','public_storage','media/NQwsIz2EKsFph8jyk1rYL8XzTJzprxw6wGuem9cA.jpeg','jpeg','image/jpeg','249394','2021-05-21 18:17:43','2021-05-21 18:17:43'),(338,1,'Burger-Box-White-p2.jpg','public_storage','media/MEaU1XcJKdh3qZUr94RVdPfhy9tPAKgafFdhf5lK.jpeg','jpeg','image/jpeg','51445','2021-05-21 18:55:46','2021-05-21 18:55:46'),(341,1,'Burger-Box-White-p4.jpg','public_storage','media/mCCUF919feZU5wkwwUy7L5CF5vBjxnB19kZ9q4I2.jpeg','jpeg','image/jpeg','72658','2021-05-21 18:55:47','2021-05-21 18:55:47'),(342,1,'Food-Boat---Tray-p1.jpg','public_storage','media/AA74toJ1G0uqt4fB0A3Pb6qTkCtVg4Vh5Bo3ZVf2.jpeg','jpeg','image/jpeg','88435','2021-05-21 19:25:47','2021-05-21 19:25:47'),(343,1,'Food-Boat---Tray-p2.jpg','public_storage','media/sEmS6pEXc0AsOcKY8qsvUr6hvQOI90DhvgA2BdEf.jpeg','jpeg','image/jpeg','125934','2021-05-21 19:25:48','2021-05-21 19:25:48'),(344,1,'Food-Boat---Tray-p3.jpg','public_storage','media/cAxKmAQ98CQRwBgi5CoG0nCRvvQPnoWPzWrh1Oyu.jpeg','jpeg','image/jpeg','42166','2021-05-21 19:25:48','2021-05-21 19:25:48'),(345,1,'Food-Boat---Tray-p4.jpg','public_storage','media/ACJLhUldngsWuLCxfYP9XwZITRFL40p0isnmlN3p.jpeg','jpeg','image/jpeg','73017','2021-05-21 19:25:48','2021-05-21 19:25:48'),(346,1,'One-Pc-Pastry-Box-p2.jpg','public_storage','media/Yy6kDDrUHmf0eyd1jNwpTlg4Hi7sIfOBHCMZaUWa.jpeg','jpeg','image/jpeg','228103','2021-05-22 13:06:38','2021-05-22 13:06:38'),(348,1,'One-Pc-Pastry-Box-p3.jpg','public_storage','media/EghJDTpWVmeBU2KAAIuIgh3nWLEwXms6AIxrtlTI.jpeg','jpeg','image/jpeg','227638','2021-05-22 13:06:39','2021-05-22 13:06:39'),(349,1,'One-Pc-Pastry-Box-p7.jpg','public_storage','media/inhMQ17ITMYFNYa5IyQh2a3r5YeG1MKA51AqbQbF.jpeg','jpeg','image/jpeg','314566','2021-05-22 13:06:39','2021-05-22 13:06:39'),(350,1,'One-Pc-Pastry-Box-p1.jpg','public_storage','media/fTHwVld23fe3cR4GBcCCYJXqWIWGMQ03k2tXRWpo.jpeg','jpeg','image/jpeg','306459','2021-05-22 13:10:08','2021-05-22 13:10:08'),(351,1,'Four-Pc-Pastry-Box-p2.jpg','public_storage','media/8kLtnyUA01bx9PU16Qp4kLkRmXedHOygQ2Sf047M.jpeg','jpeg','image/jpeg','150240','2021-05-22 13:29:39','2021-05-22 13:29:39'),(352,1,'Four-Pc-Pastry-Box-p1.jpg','public_storage','media/VXCpyqssi2ODRvu68uLsJ4Eh1voT4jDMrGoHhkdQ.jpeg','jpeg','image/jpeg','156660','2021-05-22 13:29:40','2021-05-22 13:29:40'),(353,1,'Four-Pc-Pastry-Box-p3.jpg','public_storage','media/HQMdLHdvelAiTFFnbRoh7pruBtPWIbasooCc9ban.jpeg','jpeg','image/jpeg','140222','2021-05-22 13:29:40','2021-05-22 13:29:40'),(354,1,'Four-Pc-Pastry-Box-p4.jpg','public_storage','media/WKEXFX6mu89jWwluoQLQpr5y6Cd7VuPmcfJrnZ5B.jpeg','jpeg','image/jpeg','167109','2021-05-22 13:29:40','2021-05-22 13:29:40'),(355,1,'Burger-Box-White-p3.jpg','public_storage','media/DDj1cAjcKzURHIewODO6vKw9gI8V5U0XcMzWw29O.jpeg','jpeg','image/jpeg','58248','2021-05-22 14:32:15','2021-05-22 14:32:15'),(356,1,'Burger-Box-White-p1.jpg','public_storage','media/PETnCmzkJVKgzYyNVG0pJml5bjt9TsMpxhlb5M2a.jpeg','jpeg','image/jpeg','134334','2021-05-22 14:51:41','2021-05-22 14:51:41'),(357,1,'Meal-Box-p2.jpg','public_storage','media/Ovl6W09EXeQlKxqkNAvvjHN6e5rgJe0ywlVhWQzo.jpeg','jpeg','image/jpeg','61480','2021-05-22 15:54:00','2021-05-22 15:54:00'),(358,1,'Meal-Box-p3.jpg','public_storage','media/NZf9KOhUDUEQ9AJst0r617pBzJPr3wEKGAOlCTdv.jpeg','jpeg','image/jpeg','52576','2021-05-22 15:54:00','2021-05-22 15:54:00'),(359,1,'Meal-Box-p1.jpg','public_storage','media/rIqptNqiv0zWGrd4Div5JBo3gRcWZpe533nrzmXb.jpeg','jpeg','image/jpeg','96027','2021-05-22 15:54:00','2021-05-22 15:54:00'),(361,1,'Meal-Box-p4.jpg','public_storage','media/aBTLtjDUsIMQ4VGaPmjU3M3AYmwboGoArnUcP7BX.jpeg','jpeg','image/jpeg','67116','2021-05-22 16:08:14','2021-05-22 16:08:14'),(362,1,'Garlic-Bread-box-p1.jpg','public_storage','media/gC7flTzu8CXPqcnWl2mArhuk3ItFvAAUDBpxYJQ8.jpeg','jpeg','image/jpeg','163892','2021-05-22 18:49:45','2021-05-22 18:49:45'),(363,1,'Garlic-Bread-box-p2.jpg','public_storage','media/cFuAWPwOWEvSQ3WePBkHqTeeoLoxWlZ4kWlu44Q7.jpeg','jpeg','image/jpeg','188569','2021-05-22 18:49:45','2021-05-22 18:49:45'),(364,1,'Garlic-Bread-box-p3.jpg','public_storage','media/MuIL7pqym5K5xEtO5pv0ljaA2kyhGFYkhUs364kr.jpeg','jpeg','image/jpeg','120804','2021-05-22 18:49:46','2021-05-22 18:49:46'),(365,1,'Garlic-Bread-box-p4.jpg','public_storage','media/d2XRQCzUkRnawItelPpk0pStLaPSaXOLVyw8pl7o.jpeg','jpeg','image/jpeg','122834','2021-05-22 18:49:46','2021-05-22 18:49:46'),(366,1,'Butter-Paper-Rim-p1.jpg','public_storage','media/1zWfClGfPQhvXd91OzdG30oPCjChjPzc180bIhoO.jpeg','jpeg','image/jpeg','79013','2021-05-24 16:25:35','2021-05-24 16:25:35'),(367,1,'Butter-Paper-Rim-p2.jpg','public_storage','media/V5hvD65xt5WRZGRc8TzGYilNdZ1bvpNOf4NfUsFs.jpeg','jpeg','image/jpeg','87984','2021-05-24 16:25:35','2021-05-24 16:25:35'),(368,1,'Butter-Paper-Rim-p3.jpg','public_storage','media/Mg3vb3UUF9lsNhs92fH7SZlUdiFo5o1MNZHXX49H.jpeg','jpeg','image/jpeg','58764','2021-05-24 16:25:35','2021-05-24 16:25:35'),(369,1,'Butter-Paper-Rim-p4.jpg','public_storage','media/j5OIdH6k6NmXoZsxsRvLuE1iS1BITCR8CscaLYqa.jpeg','jpeg','image/jpeg','62258','2021-05-24 16:25:35','2021-05-24 16:25:35'),(370,1,'french-fries-pouch-p1.jpg','public_storage','media/MXjdP7pt6rXChRFTPqPhj95TMLPRVX80ynKtz45V.jpeg','jpeg','image/jpeg','100127','2021-05-24 17:16:43','2021-05-24 17:16:43'),(371,1,'french-fries-pouch-p2.jpg','public_storage','media/ozY7oh8VH6SrdkeQR9jnWFL5zjMNfzjDZukRELA0.jpeg','jpeg','image/jpeg','94985','2021-05-24 17:16:43','2021-05-24 17:16:43'),(372,1,'french-fries-pouch-p4.jpg','public_storage','media/donTQRZAkptKmDoTLcCwuVgTMZKCOUZ6rul9JEOG.jpeg','jpeg','image/jpeg','78327','2021-05-24 17:16:44','2021-05-24 17:16:44'),(373,1,'french-fries-pouch-p3.jpg','public_storage','media/0fM3Fu2EKgLeAWukxrAAQ9NjyLTk9NlpiGE0PVYw.jpeg','jpeg','image/jpeg','65708','2021-05-24 17:16:44','2021-05-24 17:16:44'),(382,1,'200-ml-glass-bottele-p1.jpg','public_storage','media/M2NIIwNKEGW0XFtC2jJPUn6JGV0vCL9DIETvydfR.jpeg','jpeg','image/jpeg','63940','2021-05-25 13:28:19','2021-05-25 13:28:19'),(383,1,'200-ml-glass-bottele-p2.jpg','public_storage','media/REMhlC2hAP5r1C78nkqvyi3bb9F6n3muNXJX8GeC.jpeg','jpeg','image/jpeg','57528','2021-05-25 13:28:20','2021-05-25 13:28:20'),(384,1,'200-ml-glass-bottele-p3.jpg','public_storage','media/HMFhZ3TUxaiolSBAMBAMZZoLbonErp4OqbK7GGOG.jpeg','jpeg','image/jpeg','102987','2021-05-25 13:28:20','2021-05-25 13:28:20'),(385,1,'200-ml-glass-bottele-p4.jpg','public_storage','media/xGHr97I0yxa1NzYL2F0j6wGBd1Lv5GXIGoYS9oXB.jpeg','jpeg','image/jpeg','80801','2021-05-25 13:28:20','2021-05-25 13:28:20'),(386,1,'330-ml-glass-bottele-p1.jpg','public_storage','media/W07R3r0v7yaRvfK8N0CGimHLkCny0nF0jjt7C6TY.jpeg','jpeg','image/jpeg','62747','2021-05-25 13:28:20','2021-05-25 13:28:20'),(387,1,'330-ml-glass-bottele-p3.jpg','public_storage','media/O8VfszLaR1xH3m1Zp2xpeKZka2hwG6IFd1vxVTOQ.jpeg','jpeg','image/jpeg','116157','2021-05-25 13:28:21','2021-05-25 13:28:21'),(388,1,'330-ml-glass-bottle-p2.jpg','public_storage','media/VZbyRkqWO59ddPTKJWkVeEJ50dwXNAFEXcAWlmbl.jpeg','jpeg','image/jpeg','67878','2021-05-25 13:28:21','2021-05-25 13:28:21'),(389,1,'330-ml-glass-bottle-p4.jpg','public_storage','media/6tcYeahVsEqMA3J46xtXoDBlmED3OQ10BWeunozU.jpeg','jpeg','image/jpeg','58067','2021-05-25 13:28:21','2021-05-25 13:28:21'),(390,1,'Patti-Flap-Box-p1.jpg','public_storage','media/qQeKjZhdr7y54bx0wCTJKTZqHOAsQfarp3To09Ag.jpeg','jpeg','image/jpeg','120544','2021-05-25 15:30:37','2021-05-25 15:30:37'),(391,1,'Patti-Flap-Box-p2.jpg','public_storage','media/657IXeLbZekA3JoeyW07uPICa3bQd3uhzzlI9VoC.jpeg','jpeg','image/jpeg','215398','2021-05-25 15:30:38','2021-05-25 15:30:38'),(392,1,'Patti-Flap-Box-p3.jpg','public_storage','media/Hf5fMZ3sZaQL23hva236GcsU6Hxsi1lZi8zEgpyJ.jpeg','jpeg','image/jpeg','135240','2021-05-25 15:30:38','2021-05-25 15:30:38'),(393,1,'Patti-Flap-Box-p4.jpg','public_storage','media/xVY6w1OQfz8LLH20ALA8z6wTqWgLmlvgIoaOwJmm.jpeg','jpeg','image/jpeg','93902','2021-05-25 15:30:38','2021-05-25 15:30:38'),(394,1,'Patti-Flap-Box-4p1.jpg','public_storage','media/Yh0i0ze0nxlZwnwva6Dmrnq9ll0y9MyiQelrrSUA.jpeg','jpeg','image/jpeg','142163','2021-05-25 16:25:02','2021-05-25 16:25:02'),(395,1,'Patti-Flap-Box-4p3.jpg','public_storage','media/bBzmvCv42ZQKn0WMAPmQDzHX9ySDiw0MprOEPOAH.jpeg','jpeg','image/jpeg','106200','2021-05-25 16:25:03','2021-05-25 16:25:03'),(396,1,'Patti-Flap-Box-4p2.jpg','public_storage','media/qDWg4kLEHpR4OitdleFN54VRYq885hFpm1oBjV1a.jpeg','jpeg','image/jpeg','135204','2021-05-25 16:25:03','2021-05-25 16:25:03'),(397,1,'Patti-Flap-Box-4p4.jpg','public_storage','media/dV1p246fkUblMOVbyUbEE49r6nMQVySYWliuvOm9.jpeg','jpeg','image/jpeg','107598','2021-05-25 16:25:04','2021-05-25 16:25:04'),(398,1,'Patti-Flap-Box-3-p2.jpg','public_storage','media/lW2eCLxXXlxol207FHbUI7No4RX9gKdWCSVkgRTI.jpeg','jpeg','image/jpeg','91188','2021-05-25 16:43:55','2021-05-25 16:43:55'),(399,1,'Patti-Flap-Box-3-p1.jpg','public_storage','media/U8AcMoCqmZSmEcklwTFhy276rZ91FT4Q9GraWxBw.jpeg','jpeg','image/jpeg','126550','2021-05-25 16:43:55','2021-05-25 16:43:55'),(400,1,'Patti-Flap-Box-3-p3.jpg','public_storage','media/R8nZaemelXCxut68DRj7LR3dXcachpqz6IaQDSpe.jpeg','jpeg','image/jpeg','90263','2021-05-25 16:43:56','2021-05-25 16:43:56'),(401,1,'Patti-Flap-Box-3-p4.jpg','public_storage','media/CBGxkvX6tID72ZwbP0RZUZwjc7V7PnafvardvwMc.jpeg','jpeg','image/jpeg','104085','2021-05-25 16:43:56','2021-05-25 16:43:56'),(402,1,'Patti-Flap-Box-2-p1.jpg','public_storage','media/rzGFcl6KkfuHoqtvshucmMcpeFY8RkM5M32LSWKN.jpeg','jpeg','image/jpeg','120127','2021-05-25 17:02:26','2021-05-25 17:02:26'),(403,1,'Patti-Flap-Box-2-p2.jpg','public_storage','media/bIJbdjypM1NiYI5LJWAB4ubIhQd0LrYUVP0rcTCP.jpeg','jpeg','image/jpeg','135204','2021-05-25 17:02:26','2021-05-25 17:02:26'),(404,1,'Patti-Flap-Box-2-p3.jpg','public_storage','media/JHKpQrgtz3UPdujTx0bd1FhxMU5JZ4nWAy1Xefto.jpeg','jpeg','image/jpeg','109963','2021-05-25 17:02:26','2021-05-25 17:02:26'),(405,1,'Patti-Flap-Box-2-p4.jpg','public_storage','media/TAAN9CqtmbWQDsQdcto6rT9LhNmWBHjVcHf1tgLJ.jpeg','jpeg','image/jpeg','95108','2021-05-25 17:02:27','2021-05-25 17:02:27'),(406,1,'Patti-Flap-Box-1-p2.jpg','public_storage','media/qNNvjOkKOSLN7j8ZBGYf9ouxKhAWoHhCM4e0lyX7.jpeg','jpeg','image/jpeg','99723','2021-05-25 17:15:28','2021-05-25 17:15:28'),(407,1,'Patti-Flap-Box-1-p1.jpg','public_storage','media/LkpJPPGUgP0uwuFmh2tzGdnnKTSF8RCzCBvh0adO.jpeg','jpeg','image/jpeg','120421','2021-05-25 17:15:28','2021-05-25 17:15:28'),(408,1,'Patti-Flap-Box-1-p3.jpg','public_storage','media/4ssUiYIHRcWVtAq4J8GMNXqdwoToxaGfYdKLqPzs.jpeg','jpeg','image/jpeg','104410','2021-05-25 17:15:29','2021-05-25 17:15:29'),(409,1,'Patti-Flap-Box-1-p4.jpg','public_storage','media/HT18D1EtMYFdnWtcqea58S2xwZV43vJO3QvAlknr.jpeg','jpeg','image/jpeg','104601','2021-05-25 17:15:29','2021-05-25 17:15:29'),(410,1,'E-commerce-shipping-box1-p2.jpg','public_storage','media/azwS6Q2DJkq5uIvuPg5UI29iPwNAQnqaeop8yh8G.jpeg','jpeg','image/jpeg','118842','2021-05-25 18:29:33','2021-05-25 18:29:33'),(411,1,'E-commerce-shipping-box1-p1.jpg','public_storage','media/kAybLV0esuqMBiD9VYPx6czmK8iumZra4SLEEOTJ.jpeg','jpeg','image/jpeg','138849','2021-05-25 18:29:33','2021-05-25 18:29:33'),(412,1,'E-commerce-shipping-box1-p4.jpg','public_storage','media/xa93AP48eGZY3jNePrKLgkkTBTcqjVqgj4VhJeai.jpeg','jpeg','image/jpeg','106958','2021-05-25 18:29:34','2021-05-25 18:29:34'),(413,1,'E-commerce-shipping-box1-p3.jpg','public_storage','media/cbUuTxOh25sENiN329ozLk8pJXSI6seeL6TieIiZ.jpeg','jpeg','image/jpeg','106966','2021-05-25 18:29:34','2021-05-25 18:29:34'),(414,1,'E-commerce-shipping-box2-p1.jpg','public_storage','media/KoV0g4f7yAQqkwAmgGXGoGop8vb8jFpD0Avf16Mp.jpeg','jpeg','image/jpeg','138388','2021-05-25 18:29:35','2021-05-25 18:29:35'),(415,1,'E-commerce-shipping-box2-p2.jpg','public_storage','media/b2CbV0k75llPKBev242iyOVcldk1RwNRiWuSQQ2F.jpeg','jpeg','image/jpeg','118890','2021-05-25 18:29:35','2021-05-25 18:29:35'),(416,1,'E-commerce-shipping-box2-p4.jpg','public_storage','media/SM2nVjfThf81onnRo98lzUDjcGuepfgEHncBwqSf.jpeg','jpeg','image/jpeg','106494','2021-05-25 18:29:36','2021-05-25 18:29:36'),(417,1,'E-commerce-shipping-box2-p3.jpg','public_storage','media/LYzgX9GHJjBFRZljago3F53JeYfT9lrM4NBvHxPe.jpeg','jpeg','image/jpeg','106517','2021-05-25 18:29:36','2021-05-25 18:29:36'),(418,1,'E-commerce-shipping-box3-p1.jpg','public_storage','media/uTt4yBuySnQAeAzZxVSC3AkFboHFZSA3wh6YQWI6.jpeg','jpeg','image/jpeg','144716','2021-05-25 18:29:36','2021-05-25 18:29:36'),(419,1,'E-commerce-shipping-box3-p2.jpg','public_storage','media/jpJ16Uq99D2yCWhu9Q387jk83hZ5idZhPXioeFEE.jpeg','jpeg','image/jpeg','104537','2021-05-25 18:29:36','2021-05-25 18:29:36'),(420,1,'E-commerce-shipping-box3-p3.jpg','public_storage','media/BFvV1Er93yYVPR46joJv6sbnzGXGpcKhvTHWkIfp.jpeg','jpeg','image/jpeg','124557','2021-05-25 18:29:37','2021-05-25 18:29:37'),(421,1,'E-commerce-shipping-box3-p4.jpg','public_storage','media/ijfotbOPzVuLU8imJxQcxciR4nVLI6xrGeDlYd52.jpeg','jpeg','image/jpeg','105752','2021-05-25 18:29:37','2021-05-25 18:29:37'),(422,1,'E-commerce-shipping-box4-p1.jpg','public_storage','media/rq8SZ38yRdtzQpgzFxNXghCwjr2cPSYa7CNbCXHf.jpeg','jpeg','image/jpeg','143788','2021-05-25 18:29:37','2021-05-25 18:29:37'),(423,1,'E-commerce-shipping-box4-p2.jpg','public_storage','media/XQpFS6VveMC9L2hYS9r4Z60t0OLtOPxmuBGvJ2a5.jpeg','jpeg','image/jpeg','104136','2021-05-25 18:29:38','2021-05-25 18:29:38'),(424,1,'E-commerce-shipping-box4-p3.jpg','public_storage','media/RKQfZOUHPqY0BMOMnZ0cRIruP5jyVguQhPlUw6GM.jpeg','jpeg','image/jpeg','124408','2021-05-25 18:29:38','2021-05-25 18:29:38'),(425,1,'E-commerce-shipping-box4-p4.jpg','public_storage','media/KIw7ZVTbr6nODCAHmOcjRINVwUVvXLjiqkDoEtpo.jpeg','jpeg','image/jpeg','105592','2021-05-25 18:29:38','2021-05-25 18:29:38'),(426,1,'Snack-Box-p1.jpg','public_storage','media/qvTufWf4yp9ttYwTm1iuuM6EMJQ0m9NXuoWRaO1h.jpeg','jpeg','image/jpeg','89864','2021-06-03 14:18:18','2021-06-03 14:18:18'),(427,1,'Snack-Box-p2.jpg','public_storage','media/1nEIWQuVKey5CvVpwjJn72cCgT8MYF5VHLKZB1rC.jpeg','jpeg','image/jpeg','52920','2021-06-03 14:18:18','2021-06-03 14:18:18'),(428,1,'Snack-Box-p3.jpg','public_storage','media/TMRuqhR63CWl5lHHK049WT1PRV9Hg8F2XfVfolwv.jpeg','jpeg','image/jpeg','48765','2021-06-03 14:18:19','2021-06-03 14:18:19'),(429,1,'Snack-Box-p4.jpg','public_storage','media/FeUutdyiq3MbWLyJDFfQOzv6I5g5MBtPgP1ki6s0.jpeg','jpeg','image/jpeg','61983','2021-06-03 14:18:19','2021-06-03 14:18:19'),(430,1,'Strawberry-Box-p1.jpg','public_storage','media/rCeWlA2ZH00SzlZx64EwMXHvbe297JqicJbo0Jgu.jpeg','jpeg','image/jpeg','104121','2021-06-03 14:58:37','2021-06-03 14:58:37'),(431,1,'Strawberry-Box-p2.jpg','public_storage','media/JQbmh1UOmVaetxPYvOPDwmV15WRRLJE0cUUW93wd.jpeg','jpeg','image/jpeg','117602','2021-06-03 14:58:37','2021-06-03 14:58:37'),(432,1,'Strawberry-Box-p3.jpg','public_storage','media/w84BYWGelUkGSaKA57pRzDc3klhfDHH8Ju7Jfa9z.jpeg','jpeg','image/jpeg','83071','2021-06-03 14:58:37','2021-06-03 14:58:37'),(433,1,'Strawberry-Box-p4.jpg','public_storage','media/bz43S4pOPvJIxchn6wlLPPGOW8v24YLuUhT2SuNn.jpeg','jpeg','image/jpeg','93652','2021-06-03 14:58:37','2021-06-03 14:58:37'),(436,1,'E-Commerce-Boxes-icon.png','public_storage','media/CED6hSeQQvVafsNbhjsV0ZYS1hOWD0x0PZgMJN3o.png','png','image/png','7912','2021-06-03 17:10:25','2021-06-03 17:10:25'),(440,1,'Restaurant-Plastic-Packaging-icon.png','public_storage','media/FLgxhpFPCpna1UR2Iy4LK6RT8ySpGhHmK3o3DbHc.png','png','image/png','6310','2021-06-03 17:41:08','2021-06-03 17:41:08'),(441,1,'Customized-Packaging-icon.png','public_storage','media/tOBybQBCtQnsuGjXMtXXvQDEqUVyKuY7C0MJaXb2.png','png','image/png','5086','2021-06-03 17:49:33','2021-06-03 17:49:33'),(444,1,'All-payments-method.jpg','public_storage','media/Ai652MiaHJATLgtmAgTpkyVWB5q7Qpn8jBUGaumX.jpeg','jpeg','image/jpeg','154291','2021-06-03 18:40:06','2021-06-03 18:40:06'),(445,1,'Bakery-Boxe-icon.png','public_storage','media/Wk8bDFpbohKP8pTp3roDEMNvt7ThhXj58QxWfbNc.png','png','image/png','12116','2021-06-03 19:44:49','2021-06-03 19:44:49'),(446,1,'Fast-Food-Packaging-Icon.png','public_storage','media/gyDt7i0tjdJEzlryG2oMUl8OLKrqPJfwqqnt4ZfS.png','png','image/png','15453','2021-06-03 19:44:49','2021-06-03 19:44:49'),(447,1,'Fruit-Box-Packaging-Icon.png','public_storage','media/nApnEx3f0SGq0biy7uSEGlX59UGhLRcQs3APoGui.png','png','image/png','9980','2021-06-03 19:44:49','2021-06-03 19:44:49'),(448,1,'shooting-carry-bags-icon.png','public_storage','media/9s5RKgAa6TnUgj3M3aARCy1tG8WENAc4Msv7UXjJ.png','png','image/png','7788','2021-06-03 19:44:49','2021-06-03 19:44:49'),(452,1,'Newsletter.jpg','public_storage','media/jpsrpN2aaJa2THhEjP0bZW6iSxxX0vAdgTL1IXzR.jpeg','jpeg','image/jpeg','26988','2021-06-04 11:46:49','2021-06-04 11:46:49'),(453,1,'banner01.jpg','public_storage','media/DLT7O8BqS7uR8Rj0IM702ysogu7UNbSM64OevIDM.jpeg','jpeg','image/jpeg','34802','2021-06-04 12:17:09','2021-06-04 12:17:09'),(454,1,'banner02.jpg','public_storage','media/hcOuJw4xsoEuT62Ulr2u3UrcV9co3PtX9rW1XvQ6.jpeg','jpeg','image/jpeg','23085','2021-06-04 12:25:46','2021-06-04 12:25:46'),(466,1,'modern-packagers-Banner.jpg','public_storage','media/2I7SaGvEKAIG2tjp2OSdTe1eqcfPiHQcPn3EMzn3.jpeg','jpeg','image/jpeg','21070','2021-06-07 11:19:34','2021-06-07 11:19:34'),(467,1,'2nd side Banner.jpeg','public_storage','media/Xmo19WsLCi8aQCIPHDvqmsBfBAkiD3OkgCFLzq7g.jpeg','jpeg','image/jpeg','23085','2021-06-07 11:22:06','2021-06-07 11:22:06'),(474,1,'Hader-slider-banner01.jpg','public_storage','media/GHLKtn9QpJWqjBnqGKo9umZxu161C57kxbOtihGP.jpeg','jpeg','image/jpeg','129605','2021-06-07 12:21:07','2021-06-07 12:21:07'),(484,1,'Newsletter.png','public_storage','media/Ih0BgicpCLxrieihS8GPfPFssZfPjqVrAKTDgS62.png','png','image/png','21553','2021-06-08 11:02:00','2021-06-08 11:02:00'),(485,1,'modern-packagers-favicon-black.png','public_storage','media/F7q3wYxhzJwpGOv2nSf2c2prC2gCn9UpLzPcOmfE.png','png','image/png','47542','2021-06-08 11:05:06','2021-06-08 11:05:06'),(491,1,'Hader-slider-banner02.jpg','public_storage','media/ifg1oP5NRIS9kDgN9ykX0JDRNDOLq7zMvdwqZ3K5.jpeg','jpeg','image/jpeg','218720','2021-06-08 11:35:52','2021-06-08 11:35:52'),(493,1,'side-banner-IInd.jpg','public_storage','media/6FKAHSn6jMFXmGK5CjxOTHIVdk8Fil66vOHpjhBM.jpeg','jpeg','image/jpeg','25739','2021-06-08 12:25:45','2021-06-08 12:25:45'),(498,1,'Hader-slider-banner03.jpg','public_storage','media/wbQY4GkPBcvWamH7hmTwB8Oz4QVsqVtSi15jEr3Z.jpeg','jpeg','image/jpeg','180728','2021-06-08 17:32:40','2021-06-08 17:32:40'),(499,1,'cake-box-2kg.png','public_storage','media/GDYmraH0N5LQqN1yuGLEWIRhHjUqtUYhKtmtUZ01.png','png','image/png','319122','2021-06-08 17:43:29','2021-06-08 17:43:29'),(500,1,'cake-box-open-2kg.png','public_storage','media/HzinJwp61hUGYyig4lHF6lWo6Sr0M9f3LfyqVRGJ.png','png','image/png','258398','2021-06-08 17:43:38','2021-06-08 17:43:38'),(501,1,'1.2-cake-box-p2.jpg','public_storage','media/Mf2rirDSvBrqwO72v03Z2Ty7aNLgq4bR9I5Itq7Y.jpeg','jpeg','image/jpeg','454375','2021-06-08 20:10:40','2021-06-08 20:10:40'),(502,1,'1.2-cake-box-p3.jpg','public_storage','media/gXSKPuVwhZKp9061MFZQpl4wTQh9pvtDpIcX5ZKQ.jpeg','jpeg','image/jpeg','738844','2021-06-08 20:10:41','2021-06-08 20:10:41'),(503,1,'1.2-cake-box-p4.jpg','public_storage','media/7YSi8uDzS6RJnopRKKnX9axzEKTb9gGid3h7Ze9N.jpeg','jpeg','image/jpeg','501335','2021-06-08 20:10:43','2021-06-08 20:10:43'),(504,1,'1kg-cake-box-p2.jpg','public_storage','media/mtTx9VQQZfWyA81MskERGX6KeYMUcBuK1mNlkAHg.jpeg','jpeg','image/jpeg','535710','2021-06-08 20:10:44','2021-06-08 20:10:44'),(505,1,'1kg-cake-box-p3.jpg','public_storage','media/QlpfTQ10CfOUr3cHF3LCLOJEjW8GgEJRmGPTg3EW.jpeg','jpeg','image/jpeg','491361','2021-06-08 20:10:45','2021-06-08 20:10:45'),(506,1,'1kg-cake-box-p4.jpg','public_storage','media/p110pfEjhYIVz9VGhgyHKpNvQMDmAUlQZfe9L1vq.jpeg','jpeg','image/jpeg','672315','2021-06-08 20:10:47','2021-06-08 20:10:47'),(507,1,'2kg-cake-box-p2.jpg','public_storage','media/RO2djjSOxeMu6cbM72eKl0u5Vrna09TxE066xPxN.jpeg','jpeg','image/jpeg','444554','2021-06-08 20:10:48','2021-06-08 20:10:48'),(508,1,'2kg-cake-box-p3.jpg','public_storage','media/gTPIR5XRfXUicYxtxRkJMrgtIcjf03Y7noasNojE.jpeg','jpeg','image/jpeg','367997','2021-06-08 20:10:48','2021-06-08 20:10:48'),(509,1,'2kg-cake-box-p4.jpg','public_storage','media/bpRqCnh7tOL22ckT53n9Dg5C0Twtedb8rrhGA35z.jpeg','jpeg','image/jpeg','454713','2021-06-08 20:10:49','2021-06-08 20:10:49'),(510,1,'cake-box-1kg.png','public_storage','media/5fwsl8UjQI6d6Jnw37yys9qWnRBR1hjZ4vwBW65u.png','png','image/png','385832','2021-06-08 20:12:29','2021-06-08 20:12:29'),(511,1,'cake-box-open-1.png','public_storage','media/LpfhGNqmTTGu2EOPcmUGL7j70XLzzhTqAaUGBRsW.png','png','image/png','372176','2021-06-08 20:15:09','2021-06-08 20:15:09'),(519,1,'side-banner.jpg','public_storage','media/e4GvJUdqZf16O0UyF2fdXNDCb4yfElUvaQAYpU0F.jpeg','jpeg','image/jpeg','51230','2021-06-09 13:47:21','2021-06-09 13:47:21'),(520,1,'side-banner-IInd.jpg','public_storage','media/vc8HolrTcOa0yQI9nPNoVhL1mDtcvEBC201BLOeg.jpeg','jpeg','image/jpeg','26580','2021-06-09 13:47:57','2021-06-09 13:47:57'),(522,1,'fastfood-packaging-Banner.jpg','public_storage','media/G5VRZSPMWfWN26bgVymzEUKVrg4TYwHTg3gE9v3G.jpeg','jpeg','image/jpeg','142051','2021-06-09 14:02:14','2021-06-09 14:02:14'),(527,1,'Gray-Apple-Box-p2.jpg','public_storage','media/04qbfF9yfuEiudkvhsRq0sSbW1RRfbVUJGHEdgh7.jpeg','jpeg','image/jpeg','129768','2021-06-09 17:56:11','2021-06-09 17:56:11'),(528,1,'Gray-Apple-Box-p1.jpg','public_storage','media/lZzPkdS6MFpUYfikrRtoOdSzROAr9YXLvqLozUNq.jpeg','jpeg','image/jpeg','226177','2021-06-09 17:56:11','2021-06-09 17:56:11'),(529,1,'Gray-Apple-Box-p4.jpg','public_storage','media/sUfY2c9lNT99M4g5fZI4glycQu9rsdpARNG3mFGY.jpeg','jpeg','image/jpeg','147090','2021-06-09 17:56:12','2021-06-09 17:56:12'),(530,1,'Gray-Apple-Box-p3.jpg','public_storage','media/z5tq2nPbwibH1okTknumunRfjT4pdIj21z6sQ770.jpeg','jpeg','image/jpeg','227158','2021-06-09 17:56:12','2021-06-09 17:56:12'),(531,1,'Gray-Apple-Box-p5.jpg','public_storage','media/nIqijMSwlk9AkuPpYB9CTzzhfYi6n7jP8d9d1EEC.jpeg','jpeg','image/jpeg','171779','2021-06-09 17:56:13','2021-06-09 17:56:13'),(532,1,'White Apple-Box-p1.jpg','public_storage','media/uFzSsbuxepZXeeD9TUpYSA5Yp6gZGUbAB0vCF6VT.jpeg','jpeg','image/jpeg','183993','2021-06-09 17:56:13','2021-06-09 17:56:13'),(533,1,'White Apple-Box-p2.jpg','public_storage','media/2n9hu0CPaR2ZKSMsYARy46HTSNwTBkaZGa5W7WU6.jpeg','jpeg','image/jpeg','106519','2021-06-09 17:56:13','2021-06-09 17:56:13'),(534,1,'White Apple-Box-p3.jpg','public_storage','media/V80TQImwGFVCyF3ddqXTMwJcw39oBo0k2cJkkEE3.jpeg','jpeg','image/jpeg','147958','2021-06-09 17:56:13','2021-06-09 17:56:13'),(535,1,'White Apple-Box-p4.jpg','public_storage','media/sTo3A2LYjIZSd0UZnR9sPsBX18P58KKe1DWVkJQv.jpeg','jpeg','image/jpeg','147609','2021-06-09 17:56:14','2021-06-09 17:56:14'),(536,1,'300-ml-Shake-Bottle-p1.jpg','public_storage','media/TmuBeqvAyoAyFvhF7BsxqaiFkLnr57JKRG9973Cz.jpeg','jpeg','image/jpeg','62753','2021-06-09 18:11:37','2021-06-09 18:11:37'),(537,1,'Double Decker Burger Box p2.jpg','public_storage','media/se0dtVNj9x0giXB80X4qwbRuwXY5leDbUQ06a9Fh.jpeg','jpeg','image/jpeg','51519','2021-06-10 13:53:57','2021-06-10 13:53:57'),(538,1,'Double-Decker-Burger-Box-p1.jpg','public_storage','media/ntMtUnqkIIfuu1SgvHKDp3yJBZhTfNG7QYO4TGYo.jpeg','jpeg','image/jpeg','85968','2021-06-10 13:53:58','2021-06-10 13:53:58'),(539,1,'Double-Decker-Burger-Box-p3.jpg','public_storage','media/T7FGytfdGpxP4GVyIrzArVBZ5aUuUxt9LRR5XuDo.jpeg','jpeg','image/jpeg','86271','2021-06-10 13:53:58','2021-06-10 13:53:58'),(540,1,'Double-Decker-Burger-Box-p4.jpg','public_storage','media/VjpUnpmdxyzqamMED3g3TYX66urJXRylQhQtTs7w.jpeg','jpeg','image/jpeg','72562','2021-06-10 13:53:58','2021-06-10 13:53:58'),(545,1,'2-CP-p2.jpg','public_storage','media/en6gL3uZ2LHaimtnk0c9BdKjnzlj8v9sVKlFWh97.jpeg','jpeg','image/jpeg','114845','2021-06-10 18:33:46','2021-06-10 18:33:46'),(546,1,'2-CP-p1.jpg','public_storage','media/jzNKeT9vZIQygNSBjdcRs2V2cpjlg3j2m5v0OngW.jpeg','jpeg','image/jpeg','113503','2021-06-10 18:33:46','2021-06-10 18:33:46'),(547,1,'2-CP-p3.jpg','public_storage','media/7dj3bAy30oXuqJiMiSUE0IflwtDGzoJ6ApyYCAv7.jpeg','jpeg','image/jpeg','94965','2021-06-10 18:33:47','2021-06-10 18:33:47'),(548,1,'2-CP-p4.jpg','public_storage','media/DGVF3hoA4IAX7p71IoFtvAtwU8TH6l5oEA4WDzPY.jpeg','jpeg','image/jpeg','119759','2021-06-10 18:33:47','2021-06-10 18:33:47'),(549,1,'8-CP-p2.jpg','public_storage','media/rST0uu66NplxQaKrEqVwah2DhyI6tFhGvqyUbZng.jpeg','jpeg','image/jpeg','142612','2021-06-10 19:09:52','2021-06-10 19:09:52'),(550,1,'8-CP-p1.jpg','public_storage','media/wfDsykmGUoppRhl4fU1fn5TT6qFQyulFWL0HHkuY.jpeg','jpeg','image/jpeg','276933','2021-06-10 19:09:52','2021-06-10 19:09:52'),(551,1,'8-CP-p3.jpg','public_storage','media/e9lRDtWI48xN2OUGif6eg8xSDQuS4QD93dfEsULQ.jpeg','jpeg','image/jpeg','114534','2021-06-10 19:09:52','2021-06-10 19:09:52'),(552,1,'8-CP-p4.jpg','public_storage','media/A00YEJyj6edVGKV9f1MUIXainnx5LoIDqABIsiyg.jpeg','jpeg','image/jpeg','264972','2021-06-10 19:09:53','2021-06-10 19:09:53'),(553,1,'3-CP-p1.jpg','public_storage','media/4Kor9209cTILUN7gBQce7nC1ptzgV49HxzdRCSbQ.jpeg','jpeg','image/jpeg','92466','2021-06-10 19:27:47','2021-06-10 19:27:47'),(554,1,'3-CP-p2.jpg','public_storage','media/IiGpiacmj4yOvmqev5wWU0TTZ5IlxonhptQwq69I.jpeg','jpeg','image/jpeg','143505','2021-06-10 19:27:47','2021-06-10 19:27:47'),(555,1,'3-CP-p3.jpg','public_storage','media/oTWW3tbB3iCAyHxWpV06hNsfqhv1ufifve7BKFfx.jpeg','jpeg','image/jpeg','67312','2021-06-10 19:27:47','2021-06-10 19:27:47'),(556,1,'3-CP-p4.jpg','public_storage','media/KT4gdkB8yk2RzLyxLKY9T1b02w4nHxG7oxJc3AGJ.jpeg','jpeg','image/jpeg','86806','2021-06-10 19:27:47','2021-06-10 19:27:47'),(564,1,'E-commerce-banner.jpg','public_storage','media/xaIy2SJ2TM99GhTnDdFipaYzLX8Uu4OXNLzCv19k.jpeg','jpeg','image/jpeg','197748','2021-06-12 11:23:04','2021-06-12 11:23:04'),(565,1,'fruit-banner.jpg','public_storage','media/IBrSOyTkaug8aRzBGsph3HUYPpYmIiMaDrtMFI33.jpeg','jpeg','image/jpeg','262835','2021-06-12 12:44:26','2021-06-12 12:44:26'),(566,1,'Bakery-Boxes-banner.jpg','public_storage','media/yUMzleuZDe8Sz9f5XI5qc5ftOcZM5vfafaL8Ceas.jpeg','jpeg','image/jpeg','316942','2021-06-12 13:54:11','2021-06-12 13:54:11'),(567,1,'restorent-fastfood-packaging-Banner.jpg','public_storage','media/m8MeQTfavXLB8xRCPSi2bGwUf01Xp2Lw1PO4GGM0.jpeg','jpeg','image/jpeg','243697','2021-06-12 16:36:50','2021-06-12 16:36:50'),(569,1,'carry-bags-banner.jpg','public_storage','media/DfVFH4M57QiT6Dz9TBpjWNLEB0yuYFIns6LXF0oJ.jpeg','jpeg','image/jpeg','162961','2021-06-12 18:34:21','2021-06-12 18:34:21'),(570,1,'CUSTOMIZE-BANNER.jpg','public_storage','media/BY0aO42yvnccLaaeaElOoTyHZ6RRQJC6x7rK2Em4.jpeg','jpeg','image/jpeg','1398071','2021-06-12 18:35:02','2021-06-12 18:35:02'),(571,1,'300-ml-round-Container-p1.jpg','public_storage','media/0GnKJzYLL0UBGhJ4Z6XIHn0isbV9iiwi9k0ItJf2.jpeg','jpeg','image/jpeg','115902','2021-06-14 12:47:33','2021-06-14 12:47:33'),(572,1,'300-ml-round-Container-p2.jpg','public_storage','media/h04OR5Ty6jS6LzvUptlOVfFIJuOgz7BUbImyyEnI.jpeg','jpeg','image/jpeg','108288','2021-06-14 12:47:33','2021-06-14 12:47:33'),(573,1,'300-ml-round-Container-p4.jpg','public_storage','media/jsJLFTa9PjlnKeQJATgBa8lZ9CfxMrfhQHPPZEeY.jpeg','jpeg','image/jpeg','76730','2021-06-14 12:47:34','2021-06-14 12:47:34'),(574,1,'300-ml-round-Container-p3.jpg','public_storage','media/CwKX7TlhOEC9LipEWzKphSSYGeA8fAanb9cvMIrQ.jpeg','jpeg','image/jpeg','95950','2021-06-14 12:47:34','2021-06-14 12:47:34'),(575,1,'100-Ml-Round-Container-p1.jpg','public_storage','media/JhN7Jd3QE1KoMlj9XFya0uWbixgYlNEwhGODuvSC.jpeg','jpeg','image/jpeg','98414','2021-06-14 12:50:19','2021-06-14 12:50:19'),(576,1,'100-Ml-Round-Container-p2.jpg','public_storage','media/YW31mRDVl7u2Oe7s5UIOiPhEbYbvPyk3qgXm0j8J.jpeg','jpeg','image/jpeg','78189','2021-06-14 12:50:19','2021-06-14 12:50:19'),(577,1,'100-Ml-Round-Container-p4.jpg','public_storage','media/kiz7YB1ph16WWiuAH3EnWK1Zx9yNrS0jcBGSXRHq.jpeg','jpeg','image/jpeg','123032','2021-06-14 12:50:20','2021-06-14 12:50:20'),(578,1,'100-Ml-Round-Container-p3.jpg','public_storage','media/58c4WBTstnQO2gRyZW347adN3xF4YvLLg3qGTWTM.jpeg','jpeg','image/jpeg','97302','2021-06-14 12:50:20','2021-06-14 12:50:20'),(579,1,'50-ml-Round-Container-p2.jpg','public_storage','media/4ja1E5ZsBmhFb9DEUijPyTAdUzR6dipzDTKWU5Bk.jpeg','jpeg','image/jpeg','89585','2021-06-14 13:28:46','2021-06-14 13:28:46'),(580,1,'50-ml-Round-Container-p1.jpg','public_storage','media/opz90V8lwoi3lXxOVDQMiAF0WgP4dTqhP7UjOtch.jpeg','jpeg','image/jpeg','121818','2021-06-14 13:28:46','2021-06-14 13:28:46'),(581,1,'50-ml-Round-Container-p3.jpg','public_storage','media/yka6ZMpomaAnv853ud22RjqjYu2Zi1sWscB9b30T.jpeg','jpeg','image/jpeg','70998','2021-06-14 13:28:47','2021-06-14 13:28:47'),(582,1,'50-ml-Round-Container-p4.jpg','public_storage','media/o4sxggQKQiCP0IsAu1aiVH3LmBrN1fTLne8xLNqr.jpeg','jpeg','image/jpeg','177723','2021-06-14 13:28:47','2021-06-14 13:28:47'),(583,1,'1000-ml-Round-Container-p1.jpg','public_storage','media/ij7U2S7yMcJZ7AjkbXHbuhB9gr2rXb676600tOoY.jpeg','jpeg','image/jpeg','144663','2021-06-14 18:31:24','2021-06-14 18:31:24'),(584,1,'1000-ml-Round-Container-p2.jpg','public_storage','media/9KcNw3JNPjm1jUOuQbGOSnYOea1dUmEJcF1X1nWN.jpeg','jpeg','image/jpeg','200284','2021-06-14 18:31:24','2021-06-14 18:31:24'),(585,1,'1000-ml-Round-Container-p4.jpg','public_storage','media/mBVss1rIUfBW6rjJho6RApFypIsKiztlGFyF1O5t.jpeg','jpeg','image/jpeg','100056','2021-06-14 18:31:25','2021-06-14 18:31:25'),(586,1,'1000-ml-Round-Container-p3.jpg','public_storage','media/tk62hKoP2az2HGfUE78hVcEpfRhE7eY4V4tIRqbU.jpeg','jpeg','image/jpeg','115547','2021-06-14 18:31:25','2021-06-14 18:31:25'),(587,1,'1200-ml-disposable-plastic-food-container-p2.jpg','public_storage','media/WEDdFVtWowlCQ3FAkdGM4tAprSruhUOZNNn67AAe.jpeg','jpeg','image/jpeg','82376','2021-06-14 18:52:36','2021-06-14 18:52:36'),(588,1,'1200-ml-disposable-plastic-food-container-p1.jpg','public_storage','media/mRBOKD2umvhBNrpnk99EggIzGRhDsqY0DgIOAclK.jpeg','jpeg','image/jpeg','120881','2021-06-14 18:52:36','2021-06-14 18:52:36'),(589,1,'1200-ml-disposable-plastic-food-container-p3.jpg','public_storage','media/5kZUm0JZxsV6tM2MQlj3Wx41QgYijsjyvhlz88vA.jpeg','jpeg','image/jpeg','92107','2021-06-14 18:52:37','2021-06-14 18:52:37'),(590,1,'1200-ml-disposable-plastic-food-container-p4.jpg','public_storage','media/NdUxRpjHkcCKyresP6J0jsFF4Ya5KguZYypYUQig.jpeg','jpeg','image/jpeg','87632','2021-06-14 18:52:37','2021-06-14 18:52:37'),(591,1,'750-ml-round-container-p1.jpg','public_storage','media/EBTYGQT8qt3CNmI57l8ng4mcvrqhjX7YeqjkahEN.jpeg','jpeg','image/jpeg','124485','2021-06-14 19:42:07','2021-06-14 19:42:07'),(598,1,'750-round-container-p2.jpg','public_storage','media/3wmNPBls645Qw1gVLX8UWaRuJHhxAALsYDmC4H6G.jpeg','jpeg','image/jpeg','97939','2021-06-14 19:44:05','2021-06-14 19:44:05'),(599,1,'750-round-container-p3.jpg','public_storage','media/A8R2FC2evupbT33koM0oeSqvxIxVwo6IjZk3YNeV.jpeg','jpeg','image/jpeg','110645','2021-06-14 19:44:06','2021-06-14 19:44:06'),(600,1,'750-round-container-p4.jpg','public_storage','media/KmGdgu8rI9pfXmi9UbLIC88EKKBxdN1FLrSXbTRI.jpeg','jpeg','image/jpeg','196117','2021-06-14 19:44:06','2021-06-14 19:44:06'),(601,1,'500-ml-round-container-p1.jpg','public_storage','media/2q5eH7gTue6IJcHP06fBLC6hoAC6Ih1pAG7w4EkA.jpeg','jpeg','image/jpeg','129524','2021-06-14 19:46:36','2021-06-14 19:46:36'),(602,1,'500-ml-round-container-p2.jpg','public_storage','media/mcKWKWScmrRFdgTwz5GpJgTbGQFh5fCC0ce7CSJY.jpeg','jpeg','image/jpeg','75103','2021-06-14 19:46:36','2021-06-14 19:46:36'),(603,1,'500-ml-round-container-p4.jpg','public_storage','media/ceRAPcQUzEOAk32cgBqDMOGix1YE2TdkrZOSWci5.jpeg','jpeg','image/jpeg','114343','2021-06-14 19:46:37','2021-06-14 19:46:37'),(604,1,'500-ml-round-container-p3.jpg','public_storage','media/Zv8k9Qhsvm4chCLVgRcpe0rAWSBvurM8LsbKsCMP.jpeg','jpeg','image/jpeg','101347','2021-06-14 19:46:37','2021-06-14 19:46:37'),(605,1,'32-OZ-Round-Container-p1.jpg','public_storage','media/hKMDZizV0nNSLWhIb3Vm47OrYhND9zHII8mUMLWk.jpeg','jpeg','image/jpeg','110086','2021-06-15 14:19:28','2021-06-15 14:19:28'),(606,1,'32-OZ-Round-Container-p2.jpg','public_storage','media/Co89nnmS3cwNhew091o84UC4LDLQYeJ3ao8VpXNo.jpeg','jpeg','image/jpeg','160878','2021-06-15 14:19:28','2021-06-15 14:19:28'),(607,1,'32-OZ-Round-Container-p3.jpg','public_storage','media/w1mQ2WXsc3zL2OdvcthB6T1amhmMY3b4adf8gH4x.jpeg','jpeg','image/jpeg','108289','2021-06-15 14:19:28','2021-06-15 14:19:28'),(608,1,'32-OZ-Round-Container-p4.jpg','public_storage','media/oOqZFvfGJp48JAyWQGLhBB8JLF7pWCFdIMcPUftl.jpeg','jpeg','image/jpeg','119672','2021-06-15 14:19:28','2021-06-15 14:19:28'),(609,1,'24-OZ-Round-Container-p1.jpg','public_storage','media/M344NReIp1LFSpf4eafeK0uv3vwzUtvFO68cc1tO.jpeg','jpeg','image/jpeg','121766','2021-06-15 14:27:14','2021-06-15 14:27:14'),(610,1,'24-OZ-Round-Container-p2.jpg','public_storage','media/aIvxjUEQUh38ZGAC1vgNTYBH6wFcPSXaIyQukX2i.jpeg','jpeg','image/jpeg','150893','2021-06-15 14:27:14','2021-06-15 14:27:14'),(611,1,'24-OZ-Round-Container-p3.jpg','public_storage','media/ItaNF60ZFDudUjUNNfyc756lgmOyFLci6JPHIH7I.jpeg','jpeg','image/jpeg','144350','2021-06-15 14:27:15','2021-06-15 14:27:15'),(612,1,'24-OZ-Round-Container-p4.jpg','public_storage','media/yd4TZ6jwspq1zkbJmO3QXYgNvbnADim2jtATc5Py.jpeg','jpeg','image/jpeg','133771','2021-06-15 14:27:15','2021-06-15 14:27:15'),(613,1,'6-cup-cake-hinge-box-p1.jpg','public_storage','media/ara72otFXEQSz40ffo1I6e3DNtzWC0TRifJBjARp.jpeg','jpeg','image/jpeg','118333','2021-06-15 15:38:39','2021-06-15 15:38:39'),(614,1,'6-cup-cake-hinge-box-p2.jpg','public_storage','media/D9I3fuKPSTzmaos55akFsFtPFBdfou5Wood2ypqd.jpeg','jpeg','image/jpeg','135868','2021-06-15 15:38:39','2021-06-15 15:38:39'),(615,1,'6-cup-cake-hinge-box-p4.jpg','public_storage','media/QaTVt64WhJ5b9aQ05uVf4cNF9XGWvvk2LTUJfPea.jpeg','jpeg','image/jpeg','136666','2021-06-15 15:38:40','2021-06-15 15:38:40'),(616,1,'6-cup-cake-hinge-box-p3.jpg','public_storage','media/Qosx871cehV2EMrt6EbUTrWO3Z8cpsL0u3gHImot.jpeg','jpeg','image/jpeg','253799','2021-06-15 15:38:40','2021-06-15 15:38:40'),(617,1,'4-CupCake-Hinge-box-p2.jpg','public_storage','media/6KBtIyhAs9YPCAgduKDundU0ifOnlZ1XJf9WwOVm.jpeg','jpeg','image/jpeg','155961','2021-06-15 16:00:22','2021-06-15 16:00:22'),(618,1,'4-CupCake-Hinge-box-p1.jpg','public_storage','media/y5bhQQLhJP19ZTpqWfHmbcrnBu72h4bVWM9tF2yD.jpeg','jpeg','image/jpeg','159248','2021-06-15 16:00:22','2021-06-15 16:00:22'),(619,1,'4-CupCake-Hinge-box-p3.jpg','public_storage','media/zM05LSbGpUc3hkiVsnrQmsm9nvVkq7oXAnkUcU0U.jpeg','jpeg','image/jpeg','126753','2021-06-15 16:00:22','2021-06-15 16:00:22'),(620,1,'4-CupCake-Hinge-box-p4.jpg','public_storage','media/fqJPBRiXPJqCBCjf40oezNRwXxOR2k96C0CsCrIj.jpeg','jpeg','image/jpeg','169938','2021-06-15 16:00:23','2021-06-15 16:00:23'),(621,1,'500-ml-rectangle-hinge-container-p2.jpg','public_storage','media/Ebz1VJblbbkfTYbEuW14RpacXjAgIw2JgTxI15jd.jpeg','jpeg','image/jpeg','89674','2021-06-15 16:45:59','2021-06-15 16:45:59'),(622,1,'500-ml-rectangle-hinge-container-p1.jpg','public_storage','media/FqIuEHa3O72uEPFbTYC0ckP10RekN4QFyzlw1iWb.jpeg','jpeg','image/jpeg','133577','2021-06-15 16:45:59','2021-06-15 16:45:59'),(623,1,'500-ml-rectangle-hinge-container-p4.jpg','public_storage','media/ILw8oke9cOgldZVvy5ElrNI9AdDuyMPFpamftGuZ.jpeg','jpeg','image/jpeg','119326','2021-06-15 16:46:00','2021-06-15 16:46:00'),(624,1,'500-ml-rectangle-hinge-container-p3.jpg','public_storage','media/auLPk4AXxQI6fxj6ngKX9yFS1kxkMWz2kokLc6fe.jpeg','jpeg','image/jpeg','108756','2021-06-15 16:46:00','2021-06-15 16:46:00'),(625,1,'375-ml-rectangle-hinge-container-p1.jpg','public_storage','media/WDCti1ANWB2YFdrY93wsAZOhvzzg4oyKmBdp56h3.jpeg','jpeg','image/jpeg','125070','2021-06-15 16:57:06','2021-06-15 16:57:06'),(626,1,'375-ml-rectangle-hinge-container-p2.jpg','public_storage','media/fuQxLSFL5dLZ1f7ARYdenoLeja44R5VUfniogwGo.jpeg','jpeg','image/jpeg','80330','2021-06-15 16:57:06','2021-06-15 16:57:06'),(627,1,'375-ml-rectangle-hinge-container-p3.jpg','public_storage','media/baA952fDWw3UtxRnzCCewFSHJbiSSeZcAehAz7Jf.jpeg','jpeg','image/jpeg','136051','2021-06-15 16:57:07','2021-06-15 16:57:07'),(628,1,'375-ml-rectangle-hinge-container-p4.jpg','public_storage','media/scAhf1Fzeuq0jTuQYnCw5emcSHQYSAAxPWgJt9pK.jpeg','jpeg','image/jpeg','157880','2021-06-15 16:57:07','2021-06-15 16:57:07'),(630,1,'big-bar-hinge-box-p2.jpg','public_storage','media/XENIWrvK0GLA1UtD7xOmPjyfAfwhS9zJgWTKeDho.jpeg','jpeg','image/jpeg','134835','2021-06-15 17:45:33','2021-06-15 17:45:33'),(631,1,'big-bar-hinge-box-p4.jpg','public_storage','media/aOLiNBg5FMMoLsuQtQbbxSl4V9NgL1SrWnArK61L.jpeg','jpeg','image/jpeg','72099','2021-06-15 17:45:33','2021-06-15 17:45:33'),(632,1,'big-bar-hinge-box-p3.jpg','public_storage','media/BIeYr0omQUygUrnnxZHwlcFRP2YwqMhS03f1Z09q.jpeg','jpeg','image/jpeg','125307','2021-06-15 17:45:33','2021-06-15 17:45:33'),(633,1,'250-ml-hinge-Rectangle-Container-p2.jpg','public_storage','media/MSihTeMofTIpjLExVtZFzQ9LEd87btuQORwJ0JHZ.jpeg','jpeg','image/jpeg','91253','2021-06-15 18:02:09','2021-06-15 18:02:09'),(634,1,'250-ml-hinge-Rectangle-Container p1.jpg','public_storage','media/Va71izhXksbpdpD4Do5ikOCA5ibUDgWzQfD6m2h1.jpeg','jpeg','image/jpeg','107339','2021-06-15 18:02:09','2021-06-15 18:02:09'),(635,1,'250-ml-hinge-Rectangle-Container-p4.jpg','public_storage','media/2ovf7QdybuVojXU40TxxJ3Udh6wMM9x82DCAZMDm.jpeg','jpeg','image/jpeg','115269','2021-06-15 18:02:09','2021-06-15 18:02:09'),(636,1,'250-ml-hinge-Rectangle-Container-p3.jpg','public_storage','media/NUXsg0gD7eDLdP4pzyrIdJDmqp2WEzoiV8ZIdcT9.jpeg','jpeg','image/jpeg','90019','2021-06-15 18:02:09','2021-06-15 18:02:09'),(638,1,'600-ml-Hinge-Rectangle-Box-p2.jpg','public_storage','media/VAD6IFk1Og5ydssugwxlWf0mLJ0QqFJSszCJuJ2Z.jpeg','jpeg','image/jpeg','119248','2021-06-15 18:24:40','2021-06-15 18:24:40'),(639,1,'600-ml-Hinge-Rectangle-Box-p3.jpg','public_storage','media/zdvO8uMSSKYNs2tf4UW3XOkm40FxElWGgVC47NAW.jpeg','jpeg','image/jpeg','95940','2021-06-15 18:24:40','2021-06-15 18:24:40'),(640,1,'600-ml-Hinge-Rectangle-Box-p4.jpg','public_storage','media/hmJlk2ccQiMiROg10BvPBLoBZ1hN8wq4I6Vdjt0F.jpeg','jpeg','image/jpeg','89700','2021-06-15 18:24:40','2021-06-15 18:24:40'),(642,1,'Jumbo-Burger-Box-p1.jpg','public_storage','media/mcU5rkTzmBOjaCR3pwohoxOst3VwrO5HsKk2hDHX.jpeg','jpeg','image/jpeg','143747','2021-06-21 17:53:37','2021-06-21 17:53:37'),(643,1,'Jumbo-Burger-Box-p2.jpg','public_storage','media/WCVBCaGojaqPkgRdOyoU6aZ7c8BQxnNKknDSL26c.jpeg','jpeg','image/jpeg','129578','2021-06-21 17:53:37','2021-06-21 17:53:37'),(644,1,'Jumbo-Burger-Box-p3.jpg','public_storage','media/7JCxe5meReP3qG7VKuznuvWH7xhUkidnAHNNiKnP.jpeg','jpeg','image/jpeg','109172','2021-06-21 17:53:37','2021-06-21 17:53:37'),(645,1,'Jumbo-Burger-Box-p4.jpg','public_storage','media/3GngYoVLH5AJhhIRF3jPc7v52ICWNs6wwftytUpz.jpeg','jpeg','image/jpeg','91989','2021-06-21 17:53:37','2021-06-21 17:53:37'),(647,1,'Two-Slide-Banner.jpg','public_storage','media/t24i94TBhO2LUmZ46XQOfY1fgqZELTCuNK4MPNw5.jpeg','jpeg','image/jpeg','39991','2021-06-22 12:33:10','2021-06-22 12:33:10'),(648,1,'Two-Slide-Banner-02.jpg','public_storage','media/eJlRWdvr31JLLKhcuI268GWvMNALzL8JqVTfvMKh.jpeg','jpeg','image/jpeg','42237','2021-06-22 13:20:21','2021-06-22 13:20:21'),(649,1,'Two-Slide-Banner-002.jpg','public_storage','media/C8lGaz9dTWiyYUZCLKl09GIHy7eWccL6sXcKDJ7P.jpeg','jpeg','image/jpeg','36999','2021-06-22 13:44:29','2021-06-22 13:44:29'),(651,1,'6-cupcake-box-p2.jpg','public_storage','media/K9fNWx7WJOdGBaqTzuI0Hy8cq6O6DpXCNjJMwrmR.jpeg','jpeg','image/jpeg','203838','2021-06-22 14:41:47','2021-06-22 14:41:47'),(652,1,'6-cupcake-box-p3.jpg','public_storage','media/D76peJo43qBHHBUYuwq9I4T1udScMnBuQeHzEVcl.jpeg','jpeg','image/jpeg','113095','2021-06-22 14:41:48','2021-06-22 14:41:48'),(653,1,'6-cupcake-box-p4.jpg','public_storage','media/ofNev6ct7e6V8yToRc05I8EfUJwROaSLaevM4Xfm.jpeg','jpeg','image/jpeg','149866','2021-06-22 14:41:48','2021-06-22 14:41:48'),(654,1,'3-CP-p2.jpg','public_storage','media/7l4TpGT6pOyiTfUA0xhIcT3UJAdEGG2Zali0X4t9.jpeg','jpeg','image/jpeg','143505','2021-06-22 15:12:07','2021-06-22 15:12:07'),(655,1,'3-CP-p1.jpg','public_storage','media/RTbDGzH50kktmt6lqg7rqpLiykgPNLNDyBCaFn9f.jpeg','jpeg','image/jpeg','92466','2021-06-22 15:12:07','2021-06-22 15:12:07'),(656,1,'3-CP-p3.jpg','public_storage','media/ad5VPeb2yTtuDLF5bJQPTAjdAfGpZAA2C4QgPetx.jpeg','jpeg','image/jpeg','67312','2021-06-22 15:12:07','2021-06-22 15:12:07'),(657,1,'3-CP-p4.jpg','public_storage','media/e7mD0SamdwbBnSV5geNQIexU87tsOJMEMyP5RgOB.jpeg','jpeg','image/jpeg','86806','2021-06-22 15:12:07','2021-06-22 15:12:07'),(658,1,'2-CP-p1.jpg','public_storage','media/C2tP82z5xfcnKccre5OYbtZmLgX9X5z1tHkueM9y.jpeg','jpeg','image/jpeg','113503','2021-06-22 15:12:20','2021-06-22 15:12:20'),(659,1,'2-CP-p2.jpg','public_storage','media/62OwaCMTgwbhaPedOc3VeQnMYaXrWqpzdkljdUoY.jpeg','jpeg','image/jpeg','114845','2021-06-22 15:12:20','2021-06-22 15:12:20'),(660,1,'2-CP-p3.jpg','public_storage','media/iYfmfjVnmlPpl1seDSuqWBfQgrMfyd9PliMEloIn.jpeg','jpeg','image/jpeg','94965','2021-06-22 15:12:21','2021-06-22 15:12:21'),(661,1,'2-CP-p4.jpg','public_storage','media/CqTAhHqHzPVvNawCUx1zuz07gvk2RC3sZiHZAlKt.jpeg','jpeg','image/jpeg','119759','2021-06-22 15:12:21','2021-06-22 15:12:21'),(662,1,'three-Slide-Banner-mid-02.jpg','public_storage','media/IkpTlY97H7DspaEoakZcctyKWTOq7zceXN0NgFhT.jpeg','jpeg','image/jpeg','35348','2021-06-22 17:52:34','2021-06-22 17:52:34'),(663,1,'three-Slide-Banner.jpg','public_storage','media/wjJB4lnGs1neVU6drVidvQ4gIGpyCw69sbkNbfI7.jpeg','jpeg','image/jpeg','43211','2021-06-22 17:52:34','2021-06-22 17:52:34'),(664,1,'three-Slide-Banner-mid-03.jpg','public_storage','media/PX1iOTRQ7doWLkIMzLRgcIadzSC5EbGekSv99ClR.jpeg','jpeg','image/jpeg','52072','2021-06-22 17:52:34','2021-06-22 17:52:34'),(665,1,'sLGOah1f0PtQVz9rcpx1tMI4QirUHc3RcPDCNGlc.jpeg','public_storage','media/IBa97TveUcTCZjdDi4yTDFInH3hEMLy4Td9iKIVU.jpeg','jpeg','image/jpeg','198101','2021-06-23 14:14:57','2021-06-23 14:14:57'),(668,1,'3 kg cake box p1.jpg','public_storage','media/IjH2BqOoxRsjuBM0O6PmLOeRX8SkVycV9yj02eLw.jpeg','jpeg','image/jpeg','77394','2021-06-25 16:34:33','2021-06-25 16:34:33'),(669,1,'3-kg-cake-box-p2.jpg','public_storage','media/TcOhesmLyJnrFOK9HZp95oMEwtvukF3yns8MsGo7.jpeg','jpeg','image/jpeg','71461','2021-06-25 16:34:33','2021-06-25 16:34:33'),(670,1,'3-kg-cake-box-p3.jpg','public_storage','media/dGtzyEMxYCMTYo8BMaxpXN6ykX4m2Y8xTaIGAhAO.jpeg','jpeg','image/jpeg','55590','2021-06-25 16:34:33','2021-06-25 16:34:33'),(671,1,'3-kg-cake-box-p4.jpg','public_storage','media/zZbGzgS3cr4fF3coNzrwVGn7MNjLdaNA5zfSTm92.jpeg','jpeg','image/jpeg','43895','2021-06-25 16:34:33','2021-06-25 16:34:33'),(672,1,'5-kg-cake-box-p1.jpg','public_storage','media/gkwu8Q8wLJvr8lTRCUquaYsRn6BjzVtGTCzIIxUq.jpeg','jpeg','image/jpeg','113471','2021-06-25 17:33:45','2021-06-25 17:33:45'),(673,1,'5-kg-cake-box-p2.jpg','public_storage','media/T1jL8p3hcLDpuFPTsmA9xkt0hlniSm8nnJyn63BE.jpeg','jpeg','image/jpeg','44515','2021-06-25 17:33:45','2021-06-25 17:33:45'),(674,1,'5-kg-cake-box-p3.jpg','public_storage','media/CdKdOHEJwU8k9jIfGQqjJ1yuUsrIIWWMJuhPRyZy.jpeg','jpeg','image/jpeg','90532','2021-06-25 17:33:45','2021-06-25 17:33:45'),(675,1,'5-kg-cake-box-p4.jpg','public_storage','media/6SvUs1jteicaAWlvBWSQRhoNR6X30yoDu1ti17OZ.jpeg','jpeg','image/jpeg','50186','2021-06-25 17:33:46','2021-06-25 17:33:46'),(676,1,'750-ML-HINGED-BOX-p2.jpg','public_storage','media/rrtVd7LwXzDSZR6wUTUztytYd4W9WooSGwVNHYjW.jpeg','jpeg','image/jpeg','37435','2021-06-26 15:32:24','2021-06-26 15:32:24'),(677,1,'750-ML-HINGED-BOX-p1.jpg','public_storage','media/sstJwT5irSqEj5a4ZAnJQLjZ2H3nV45MH1lkN4ar.jpeg','jpeg','image/jpeg','69600','2021-06-26 15:32:24','2021-06-26 15:32:24'),(678,1,'750-ML-HINGED-BOX-p3.jpg','public_storage','media/bMM6bQX23Sx5bAcrH4cce08h4mvVV9sGBdpoxjc7.jpeg','jpeg','image/jpeg','53945','2021-06-26 15:32:24','2021-06-26 15:32:24'),(679,1,'750-ML-HINGED-BOX-p4.jpg','public_storage','media/l7zq0EGIhF0YRCMQYHftdPXBqLrZH7naLM3jbmkO.jpeg','jpeg','image/jpeg','55185','2021-06-26 15:32:24','2021-06-26 15:32:24'),(680,1,'1000-ml-Hinged-Box-p2.jpg','public_storage','media/vH1tF5VwwNwH6XWsrE1DgplaJIHfD4sjo7Z2u739.jpeg','jpeg','image/jpeg','101136','2021-06-26 17:37:03','2021-06-26 17:37:03'),(681,1,'1000-ml-Hinged-Box p1.jpg','public_storage','media/mqjEjJ3q3M1CxmcARBraTyOx76Hcxyl9tGh0yh0c.jpeg','jpeg','image/jpeg','119242','2021-06-26 17:37:03','2021-06-26 17:37:03'),(682,1,'1000-ml-Hinged-Box-p3.jpg','public_storage','media/gYIqYTF6sQW8fuvo0qzYZ4lkUySzdp6IB8xjMg9f.jpeg','jpeg','image/jpeg','127617','2021-06-26 17:37:04','2021-06-26 17:37:04'),(683,1,'1000-ml-Hinged-Box-p4.jpg','public_storage','media/D2SalYm35WcBOG8T3GcAnskTNsCu64Cfdsk5AUjh.jpeg','jpeg','image/jpeg','144362','2021-06-26 17:37:04','2021-06-26 17:37:04'),(692,1,'half-kg-window-box-p1.jpg','public_storage','media/JSODuwgWY8YJBs4y5X0tw8QcSygjx8T56sJhZjWg.jpeg','jpeg','image/jpeg','61472','2021-06-28 19:55:00','2021-06-28 19:55:00'),(693,1,'half-kg-window-box-p2.jpg','public_storage','media/pxb7Iz5ntktpTxYyiFc95cEN63E0jCiXdW0UuOPB.jpeg','jpeg','image/jpeg','37663','2021-06-28 19:55:00','2021-06-28 19:55:00'),(694,1,'half-kg-window-box-p3.jpg','public_storage','media/4ncSINaWTc1yxTCs0148jRu9dijpHWsKuHwGcHRJ.jpeg','jpeg','image/jpeg','37844','2021-06-28 19:55:01','2021-06-28 19:55:01'),(695,1,'half-kg-window-box-p4.jpg','public_storage','media/J7otbxbP9oRrEh8Q3QxZ1QcquBRy4yffS1c9TI1U.jpeg','jpeg','image/jpeg','50174','2021-06-28 19:55:01','2021-06-28 19:55:01'),(697,1,'One-kg-window-box-p2.jpg','public_storage','media/lRi4JJmSWixEcO1dpx9OYFBFK3eLbg9ytwpdHVbC.jpeg','jpeg','image/jpeg','39964','2021-06-28 19:55:02','2021-06-28 19:55:02'),(698,1,'One-kg-window-box-p3.jpg','public_storage','media/Mh48hsjeVNHC7sgzlrSkXnGIkSr0LcDSGFsel5om.jpeg','jpeg','image/jpeg','40452','2021-06-28 19:55:03','2021-06-28 19:55:03'),(699,1,'One-kg-window-box-p4.jpg','public_storage','media/bMafIeF0JaIZfoG304nr8YcvDW3XI0KTDKtrSHXw.jpeg','jpeg','image/jpeg','40507','2021-06-28 19:55:03','2021-06-28 19:55:03'),(700,1,'2000-ml--henge-box-p1.jpg','public_storage','media/m5tMkI3xvbkcJpc4pTRwQ31QlEMuvqTygBoOo26P.jpeg','jpeg','image/jpeg','101935','2021-06-30 15:05:27','2021-06-30 15:05:27'),(701,1,'2000-ml--henge-box-p2.jpg','public_storage','media/dUw3IiOq7I0X0p2gBygU3GKnj0rwhLq4CIaC6Wxl.jpeg','jpeg','image/jpeg','72733','2021-06-30 15:05:27','2021-06-30 15:05:27'),(702,1,'2000-ml--henge-box-p3.jpg','public_storage','media/1LxEOLU4dNlvjmE2qe9DBcoQ9sIiHRW49hQUoXXF.jpeg','jpeg','image/jpeg','89708','2021-06-30 15:05:28','2021-06-30 15:05:28'),(703,1,'2000-ml--henge-box-p4.jpg','public_storage','media/mZktETrUG44paH1M86XFnYZ5JIA5Px0zRPqLtsCb.jpeg','jpeg','image/jpeg','91537','2021-06-30 15:05:28','2021-06-30 15:05:28'),(704,1,'2000-ml--henge-box-p5.jpg','public_storage','media/1TcWX4tkoLHfTOVMgZXwMiWY1H8giMkYlI5zYOmq.jpeg','jpeg','image/jpeg','94092','2021-06-30 15:05:29','2021-06-30 15:05:29'),(705,1,'small-bar-henge-bar-p2.jpg','public_storage','media/X36LiTqXfhLz1trUzDCVrXxHf9DpMB9uNkNyxOlr.jpeg','jpeg','image/jpeg','90984','2021-06-30 15:39:46','2021-06-30 15:39:46'),(707,1,'small-bar-henge-bar-p3.jpg','public_storage','media/sa6DE6ZeqiGwtpmD6QINfqeMXTWr7HetBH5iyU08.jpeg','jpeg','image/jpeg','76110','2021-06-30 15:39:46','2021-06-30 15:39:46'),(708,1,'small-bar-henge-bar-p4.jpg','public_storage','media/K3qAKDFpTyYb7BDBvLsJ2h3OMMnq1tWLcuDgkKfq.jpeg','jpeg','image/jpeg','101831','2021-06-30 15:39:47','2021-06-30 15:39:47'),(709,1,'Bigbar-henge-bar-p1.jpg','public_storage','media/zZk2Uxd68S3BZCFpP89ZbC7yX8gMbgJBpHT7fcc7.jpeg','jpeg','image/jpeg','105400','2021-06-30 15:58:28','2021-06-30 15:58:28'),(710,1,'carry-bags-11x3x16-clothes-p1.jpg','public_storage','media/QkporcYs3inEePeZ4V4p9cnnG4KODNRt4PgVRdbZ.jpeg','jpeg','image/jpeg','54470','2021-06-30 16:38:13','2021-06-30 16:38:13'),(713,1,'E-commerce-9.5x3.5x3-p1.jpg','public_storage','media/m1BEaLZpIwDU4CJqJ1eU9cWQ2CKSQUTEg48I6HMZ.jpeg','jpeg','image/jpeg','81196','2021-06-30 19:36:50','2021-06-30 19:36:50'),(714,1,'E-commerce-9.5x3-p2.jpg','public_storage','media/r0vBITZ8MfY42XR2XeYMZYMBLfkpMpxysisRic3L.jpeg','jpeg','image/jpeg','364206','2021-06-30 19:36:54','2021-06-30 19:36:54'),(715,1,'E-commerce-9-p3.jpg','public_storage','media/2gUeAr0K3yngnCska2Y5VYSdcI7zGXplWfKBvnFe.jpeg','jpeg','image/jpeg','623230','2021-06-30 19:37:03','2021-06-30 19:37:03'),(716,1,'E-commerce-9-p4.jpg','public_storage','media/d2KSTNe3Rb8qUVechnaiMVVBMjNbNJLDu14CZEwL.jpeg','jpeg','image/jpeg','510921','2021-06-30 19:37:04','2021-06-30 19:37:04'),(717,1,'E-commerce-8.5x5.5x2-p1.jpg','public_storage','media/6iG34d9ymIr6ocIc5pgTSlbcdwuUvlFxWeainWD5.jpeg','jpeg','image/jpeg','70552','2021-07-01 11:27:42','2021-07-01 11:27:42'),(718,1,'E-commerce-8.5x5.5x2-p2.jpg','public_storage','media/x8cELXYkey5DdhaeaqneWfGWosA4uUeglAiMCGoa.jpeg','jpeg','image/jpeg','72815','2021-07-01 11:27:42','2021-07-01 11:27:42'),(719,1,'E-commerce-8.5x5.5x2-p3.jpg','public_storage','media/yu4kbG3GFPmpqLdj6PPLIjrFm4NUr3kRWe8W3C5H.jpeg','jpeg','image/jpeg','62587','2021-07-01 11:27:42','2021-07-01 11:27:42'),(720,1,'E-commerce-8.5x5.5x2-p4.jpg','public_storage','media/omqpRNbKc9uw4zmOUQx73kBa80Yeu8ThlCyUSALX.jpeg','jpeg','image/jpeg','64101','2021-07-01 11:27:42','2021-07-01 11:27:42'),(721,1,'E-commerce-8.5x5.5x2-p1.jpg','public_storage','media/UcYDQ45ZFH984lrLtnLyt1LAbO8xSBNJ4EIebCkh.jpeg','jpeg','image/jpeg','70921','2021-07-01 14:28:31','2021-07-01 14:28:31'),(722,1,'E-commerce-8.5x5 (2).jpg','public_storage','media/RTlHtpHwDqZ7Qmo5w8KMTje0YI9TkdQZscy1oQtl.jpeg','jpeg','image/jpeg','63904','2021-07-01 14:32:18','2021-07-01 14:32:18'),(723,1,'E-commerce-8.5x5 (1).jpg','public_storage','media/4ik6dO5WIcdfLHK9mDB1JAQ9Z70Scxpul70T6rdw.jpeg','jpeg','image/jpeg','67047','2021-07-01 14:32:18','2021-07-01 14:32:18'),(724,1,'E-commerce-8.5x5 (4).jpg','public_storage','media/Memsev02IAS78MrDVPRbalTJv95tEJxwa557tbqZ.jpeg','jpeg','image/jpeg','76373','2021-07-01 14:32:19','2021-07-01 14:32:19'),(725,1,'E-commerce-8.5x5 (3).jpg','public_storage','media/I8CyWSpcbkTBbApLyGjAADliXFO28jQF1Lss9Gjq.jpeg','jpeg','image/jpeg','89087','2021-07-01 14:32:19','2021-07-01 14:32:19'),(726,1,'E-commerc-5x3.5x1.5 p1.jpg','public_storage','media/qw1PpuyMj973IL4I6XJ9UymY9jG7L3sylH5PU3kc.jpeg','jpeg','image/jpeg','336728','2021-07-02 13:21:39','2021-07-02 13:21:39'),(727,1,'E-commerc-5x3.5x1.5-p3.jpg','public_storage','media/MFOnAylgxGKuasEyn4htqHg5FfeUhXpDpRTE0AgK.jpeg','jpeg','image/jpeg','234001','2021-07-02 13:22:00','2021-07-02 13:22:00'),(728,1,'E-commerc-5x3.5x1.5-p2.jpg','public_storage','media/mIsX3OZmUvySV8gTpplJGFgeqHxfHe9hn7ELclwa.jpeg','jpeg','image/jpeg','301724','2021-07-02 13:22:00','2021-07-02 13:22:00'),(729,1,'E-commerc-5x3.5x1.5-p4.jpg','public_storage','media/wyK1BaSRmhXU60Nf3S6EEhgf31uQWC15n2P90Cbc.jpeg','jpeg','image/jpeg','275070','2021-07-02 13:22:01','2021-07-02 13:22:01'),(730,1,'17x4x14-02-p1.jpg','public_storage','media/uOigZgfy8O4XQFMuTmBuLWm6ptFhnCP8ZUhFj7ML.jpeg','jpeg','image/jpeg','211070','2021-07-02 13:34:21','2021-07-02 13:34:21'),(731,1,'17x4x14-02-p2.jpg','public_storage','media/h8N8fWDJNfyV40gjuBBplyaTh3OKhe9LTUv5mdm7.jpeg','jpeg','image/jpeg','181407','2021-07-02 13:34:22','2021-07-02 13:34:22'),(732,1,'17x4x14-02-p3.jpg','public_storage','media/SS66Gfc6T9AQ7uWW02BQ6Wwlccq3MnxX4JupaDJG.jpeg','jpeg','image/jpeg','177358','2021-07-02 13:34:22','2021-07-02 13:34:22'),(733,1,'17x4x14-02-p4.jpg','public_storage','media/oLG68UUFAhELEJcAJfC1xfI7X29OGoRh3yTzpIJ1.jpeg','jpeg','image/jpeg','179081','2021-07-02 13:34:22','2021-07-02 13:34:22'),(734,1,'E-commerce-11x4x14-p1.png','public_storage','media/Fujs1RqhwA78kywdJMRYuvPd5iidwNxxBvvz0Yjg.png','png','image/png','138384','2021-07-02 15:41:07','2021-07-02 15:41:07'),(735,1,'E-commerce-11x4x14-p2.jpg','public_storage','media/IbcZHQog9Rw25xlBKCYtWf4YNX1AR9hyKODzOCyU.jpeg','jpeg','image/jpeg','69326','2021-07-02 15:43:09','2021-07-02 15:43:09'),(736,1,'E-commerce-11x4x14-p3.jpg','public_storage','media/sztyAVS4tGkoRUnhSRBLoZlDFQNXU64od2QCo8vf.jpeg','jpeg','image/jpeg','82949','2021-07-02 15:43:09','2021-07-02 15:43:09'),(737,1,'E-commerce-11x4x14-p5.jpg','public_storage','media/LpyOziv1JKUCiQbPqkmONqdxwMwwyhIyvDmxrPHH.jpeg','jpeg','image/jpeg','74193','2021-07-02 15:43:10','2021-07-02 15:43:10'),(738,1,'E-commerce-11x4x14-p4.jpg','public_storage','media/OprCgn6IDSbE1fXWVCqdwMdKDulkH0YLd81owgbJ.jpeg','jpeg','image/jpeg','84052','2021-07-02 15:43:10','2021-07-02 15:43:10'),(739,1,'11.5x11.5x10-p2.jpg','public_storage','media/08gsyKeHIcCWTYf6IhImf4ixZAnun1r9htE0Cu0Z.jpeg','jpeg','image/jpeg','306612','2021-07-02 17:12:20','2021-07-02 17:12:20'),(740,1,'11.5x11.5x10-p1.jpg','public_storage','media/j5UC3ZOghmrnDuKOPS0iup2jxrtwskomoayHIDL8.jpeg','jpeg','image/jpeg','260695','2021-07-02 17:12:20','2021-07-02 17:12:20'),(741,1,'11.5x11.5x10-p4.jpg','public_storage','media/xG6mKPHH6v5pA1IU6ko8uIdVfiyFbubjnYyAZpQ2.jpeg','jpeg','image/jpeg','202133','2021-07-02 17:12:21','2021-07-02 17:12:21'),(742,1,'11.5x11.5x10-p3.jpg','public_storage','media/Xvwx6pHCTfBZBCI6MjGH67xomoI73zGj9gA1vWuC.jpeg','jpeg','image/jpeg','347800','2021-07-02 17:12:22','2021-07-02 17:12:22'),(743,1,'carry-bag-9x2x12-p1.jpg','public_storage','media/Lc3ZetgMSmGehdhWsmKb60PCPjkRBrlnSWNAut8y.jpeg','jpeg','image/jpeg','340942','2021-07-02 18:20:10','2021-07-02 18:20:10'),(744,1,'carry-bag-9x2x12-p2.jpg','public_storage','media/s0EeT2ICXyQ1XCqegDqWPaMUWKdnKCdY91j2xb1s.jpeg','jpeg','image/jpeg','413964','2021-07-02 18:20:10','2021-07-02 18:20:10'),(745,1,'carry-bag-9x2x12-p4.jpg','public_storage','media/HiryWRYHTIIW0kPAC2UsXbwFx5RJ6yzd4EHYVOFA.jpeg','jpeg','image/jpeg','275276','2021-07-02 18:20:12','2021-07-02 18:20:12'),(746,1,'carry-bag-9x2x12-p3.jpg','public_storage','media/cexRS6qkTs73W4EFrzJkhS3e6Oc2PCmQuMjC0rCh.jpeg','jpeg','image/jpeg','421893','2021-07-02 18:20:12','2021-07-02 18:20:12'),(747,1,'Carry Bag 11.5x3x16 p1.png','public_storage','media/OgrIllySCYglvzrgsAcdr6SLnIHYU3v7vNiyq6RW.png','png','image/png','139834','2021-07-02 18:58:22','2021-07-02 18:58:22'),(748,1,'E-commerce Box No.7.jpeg','public_storage','media/B7lSYuBKJBCkBLXpTpyFQ3DPW922pX5dxSSpAu7k.jpeg','jpeg','image/jpeg','227779','2021-07-03 12:24:33','2021-07-03 12:24:33'),(749,1,'E-commerce Box No.3 p1.jpeg','public_storage','media/BEYWtC7GgbTpdqzO8cljWHLHaB0mFPzDIWyN4qQ6.jpeg','jpeg','image/jpeg','417286','2021-07-03 13:05:32','2021-07-03 13:05:32'),(750,1,'Carry-Bag-9x7x7-p1.jpg','public_storage','media/Pzux61Y5aaQoA2NjN69hBsn3ifGewprr114Xxmad.jpeg','jpeg','image/jpeg','62895','2021-07-03 14:52:54','2021-07-03 14:52:54'),(751,1,'Carry-Bag-9x7x7-p2.jpg','public_storage','media/vwbxmBp6Z0viHkF5gzWwpRnKpeorhTWgugOLl6F0.jpeg','jpeg','image/jpeg','72274','2021-07-03 14:52:54','2021-07-03 14:52:54'),(752,1,'Carry-Bag-9x7x7-p3.jpg','public_storage','media/aF3sly2nf4v2pG8e5Yz35pxh8aB8BQ7QwNJK83H6.jpeg','jpeg','image/jpeg','54296','2021-07-03 14:52:54','2021-07-03 14:52:54'),(753,1,'Carry-Bag-9x7x7-p4.jpg','public_storage','media/h972ahzBq0QuDTiO54viVab4kh78RkL6awO3XcB2.jpeg','jpeg','image/jpeg','50191','2021-07-03 14:52:54','2021-07-03 14:52:54'),(754,1,'Carry-Bag-9x7x7-p3.jpg','public_storage','media/1uhjzv8fW4a69WG5mTQyEwYaSezruGyaSVD5QmIG.jpeg','jpeg','image/jpeg','54895','2021-07-03 16:45:39','2021-07-03 16:45:39'),(755,1,'Carry-Bag-8.5x8.5x9-p1.jpg','public_storage','media/ZxMVJnjsPypm7hfk8Tj4i7igfz8iIajPM4pfsiwR.jpeg','jpeg','image/jpeg','61549','2021-07-03 16:50:13','2021-07-03 16:50:13'),(756,1,'Carry-Bag-8.5x8.5x9-p2.jpg','public_storage','media/omWoKubCPAgRqjTYrgDntUllGVVrSqf3mxSSkJgW.jpeg','jpeg','image/jpeg','74910','2021-07-03 16:50:13','2021-07-03 16:50:13'),(757,1,'Carry-Bag-8.5x8.5x9-p3.jpg','public_storage','media/CvfuZ9oxzEW8DIt4jejruJRCyNQ4MPMdbefVCJzN.jpeg','jpeg','image/jpeg','47440','2021-07-03 16:50:14','2021-07-03 16:50:14'),(758,1,'Carry-Bag-8.5x8.5x9-p4.jpg','public_storage','media/9PlXuETH8ZGDoJofoukIGLoI1dzBxSImJuNsVBpy.jpeg','jpeg','image/jpeg','52253','2021-07-03 16:50:14','2021-07-03 16:50:14'),(759,1,'modeern packagers LOGO.png','public_storage','media/rN6zQa4u3FribVjCgFzF057cO0aVwtNPTanrTBaY.png','png','image/png','10450','2021-07-03 16:56:09','2021-07-03 16:56:09'),(760,1,'small Bar p1.jpeg','public_storage','media/CWwk3PJTIdDPqjuEXeHSFaiZYs4SdUJONorEZZ5e.jpeg','jpeg','image/jpeg','330702','2021-07-07 11:20:45','2021-07-07 11:20:45'),(761,1,'600 ml transparent hinged box.jpeg','public_storage','media/LVSHWafFYkgbYlTdF3PVZGlCzOcfCe5Y4g7TBSXn.jpeg','jpeg','image/jpeg','362408','2021-07-07 12:11:46','2021-07-07 12:11:46'),(762,1,'apple box 20-25 kg p1.jpeg','public_storage','media/0gzi6bAaTRBB7ubpUfx13cUIHc4XQ5pLUV5Ay1wm.jpeg','jpeg','image/jpeg','487880','2021-07-07 15:55:34','2021-07-07 15:55:34'),(763,1,'apple-10-kg-box-p2.jpg','public_storage','media/9XJKLHpkdWM9uAbAYCOa8mBZkpZelbETCMUYyHEm.jpeg','jpeg','image/jpeg','48883','2021-07-07 15:57:30','2021-07-07 15:57:30'),(764,1,'apple-10-kg-box-p1.jpg','public_storage','media/0QlJkT4XzyFkvfiZEsv2kCCgKmwlli1WTofgmIy3.jpeg','jpeg','image/jpeg','89321','2021-07-07 15:57:30','2021-07-07 15:57:30'),(765,1,'apple-10-kg-box-p3.jpg','public_storage','media/fUasDwEHkTEPIgOsnD6KBGSQMKKn4FrYPjonu3Mo.jpeg','jpeg','image/jpeg','67860','2021-07-07 15:57:31','2021-07-07 15:57:31'),(766,1,'apple-10-kg-box-p4.jpg','public_storage','media/lbhSRo3CwJNcdNJjwkcAis15SnHtoLDKiMAjkiwX.jpeg','jpeg','image/jpeg','50052','2021-07-07 15:57:31','2021-07-07 15:57:31'),(767,1,'apple-10-kg-box-p5.jpg','public_storage','media/uNmKicBNGNn8mdtmatyIrjPokN8XNDGaLUPFjbOm.jpeg','jpeg','image/jpeg','68817','2021-07-07 15:57:33','2021-07-07 15:57:33'),(768,1,'6-cup-cake-box-p1.jpg','public_storage','media/XQdZabJBvGp1Xh5bASWWKkYIfP3Aluupxh207chS.jpeg','jpeg','image/jpeg','125402','2021-07-08 15:40:22','2021-07-08 15:40:22'),(769,1,'Half kg window cake box p1.jpeg','public_storage','media/Yv0mFuRxzyyzZ4Ky3ykAfXJugW60lOrl4PQo0m6o.jpeg','jpeg','image/jpeg','201425','2021-07-08 16:23:51','2021-07-08 16:23:51'),(770,1,'One kg window cake box p1.jpeg','public_storage','media/euDCigif8p1h3SUKVmsYMfPk0DwoNQcjcwbtrsSg.jpeg','jpeg','image/jpeg','198134','2021-07-08 16:40:06','2021-07-08 16:40:06'),(771,1,'2 pc pastry box p1.jpeg','public_storage','media/BOAh0rSO0Gco1ZreGYHveMKiF3TXpQ9feEUSb5J2.jpeg','jpeg','image/jpeg','685801','2021-07-08 17:00:04','2021-07-08 17:00:04'),(779,177,'01.jpg','public_storage','media/4JHzTwVS7HyslgZEm44I3qTTgM0FAdZUrXdKs3J3.jpeg','jpeg','image/jpeg','145414','2021-08-26 14:55:18','2021-08-26 14:55:18'),(780,177,'Paper-Bags-p1.jpg','public_storage','media/AJnt6KBcB8UXfFn1FgnDaLCBiNH5JnnEFJGk9ECJ.jpeg','jpeg','image/jpeg','145414','2021-08-26 16:34:26','2021-08-26 16:34:26'),(781,177,'Paper-Bags-p2.jpg','public_storage','media/AjLSj93hhY6qctjchs76uT9zKGRpbc4Oi8I7D3pz.jpeg','jpeg','image/jpeg','354528','2021-08-26 16:34:27','2021-08-26 16:34:27'),(782,177,'Paper-Bags-p3.jpg','public_storage','media/N67W7C53DczzWoE6KyfWKjV6FT6cgQvlRVpB8pcC.jpeg','jpeg','image/jpeg','96110','2021-08-26 16:34:27','2021-08-26 16:34:27'),(783,177,'Paper-Bags-p4.jpg','public_storage','media/otOAiqBZvM11r6pbCORSKI1Rr11oljYGkkmQFNYK.jpeg','jpeg','image/jpeg','115737','2021-08-26 16:34:28','2021-08-26 16:34:28'),(784,177,'Paper-medium-Bag-01.jpg','public_storage','media/3dIsah5JPXvq7xQfgJn9OUDpo0BaaESftkEcoXRR.jpeg','jpeg','image/jpeg','186616','2021-08-26 16:46:19','2021-08-26 16:46:19'),(785,177,'Paper-medium-Bag-02.jpg','public_storage','media/HgzSzF6JBM85Gmujc26bdhfCWYgl4yVPyRChPssb.jpeg','jpeg','image/jpeg','266621','2021-08-26 16:46:19','2021-08-26 16:46:19'),(786,177,'Paper-medium-Bag-03.jpg','public_storage','media/gaQuqXC77eqGhI8CPzJqRZamJhfszgytwwLuKG6a.jpeg','jpeg','image/jpeg','241635','2021-08-26 16:46:21','2021-08-26 16:46:21'),(787,177,'Paper-medium-Bag-04.jpg','public_storage','media/Eg1hItt2EBWPt7ZtSxqPT5oUjuyDeVNVst4vnES6.jpeg','jpeg','image/jpeg','208861','2021-08-26 16:46:21','2021-08-26 16:46:21'),(788,177,'small-Paper-Bags-p1.jpg','public_storage','media/bhdkLJFlffQLGxTuZJDlZg61iRSST0D976AKe7Xc.jpeg','jpeg','image/jpeg','129438','2021-08-26 16:56:57','2021-08-26 16:56:57'),(789,177,'small-Paper-Bags-p2.jpg','public_storage','media/Jmq3rTaOGvZMshv8CpLMAra9A7IbDzZXgy5wpIaF.jpeg','jpeg','image/jpeg','145537','2021-08-26 16:56:58','2021-08-26 16:56:58'),(790,177,'small-Paper-Bags-p3.jpg','public_storage','media/hOmPi5s5MkTcC9DrD6K3QP0w2hL3hmYGmrkLMtv2.jpeg','jpeg','image/jpeg','253012','2021-08-26 16:56:58','2021-08-26 16:56:58'),(791,177,'small-Paper-Bags-p4.jpg','public_storage','media/PEZaK2uLfqXehqawQIwKKDEQQVrqzf5Vl5vXsq5A.jpeg','jpeg','image/jpeg','314830','2021-08-26 16:56:59','2021-08-26 16:56:59'),(792,177,'SwrinkWrap-p1.jpg','public_storage','media/37S8ANvFRc3lKxMh3r4nErxagxF0JOBkHthYAFxJ.jpeg','jpeg','image/jpeg','104474','2021-08-28 15:45:11','2021-08-28 15:45:11'),(793,177,'SwrinkWrap-p2.jpg','public_storage','media/dQEAlFRt8dK6DM19RLwfCHneH7LLmiqnEuU2Oe3S.jpeg','jpeg','image/jpeg','75104','2021-08-28 15:45:11','2021-08-28 15:45:11'),(794,177,'SwrinkWrap-p3.jpg','public_storage','media/IpKx3TJGNZRmx3BHtNoX5XvSBfCmUmmOrhUwKbC8.jpeg','jpeg','image/jpeg','95115','2021-08-28 15:45:12','2021-08-28 15:45:12'),(795,177,'SwrinkWrap-p4.jpg','public_storage','media/W8nEK91VJsQ8sufUOJFf6mEwfBLTlWVPNQgp2MmN.jpeg','jpeg','image/jpeg','85240','2021-08-28 15:45:12','2021-08-28 15:45:12'),(796,177,'Bubble-wrap-p2.jpg','public_storage','media/oXrlI15PHGGai7NcfTuZKXPzi76SsqRAq5cBKdQJ.jpeg','jpeg','image/jpeg','130959','2021-08-28 17:45:55','2021-08-28 17:45:55'),(797,177,'Bubble-wrap-p1.jpg','public_storage','media/Az8HP5Iti6BbCfxS6YOyl9pP8K5mZrJDUqoCKPci.jpeg','jpeg','image/jpeg','166882','2021-08-28 17:45:55','2021-08-28 17:45:55'),(798,177,'Bubble-wrap-p3.jpg','public_storage','media/uvsP1WwE5hFOI3b7UYO1fTzOQRoVSaz4mPPIOJjZ.jpeg','jpeg','image/jpeg','124311','2021-08-28 17:45:56','2021-08-28 17:45:56'),(799,177,'Bubble-wrap-p4.jpg','public_storage','media/51jg85Jt5HBtHJoxhSd5DOMWT9lONAYqTWs4unC7.jpeg','jpeg','image/jpeg','169539','2021-08-28 17:45:56','2021-08-28 17:45:56'),(800,177,'Tap-p1.jpg','public_storage','media/NBfVL2rn6Z409S2RCIaSM5aaqYnYoUUArbRqoX19.jpeg','jpeg','image/jpeg','130891','2021-08-28 18:17:17','2021-08-28 18:17:17'),(801,177,'Tap-p01.jpg','public_storage','media/RltwJ5ZXxOmgmBEgr4x2AjSc0EkYNKO3VpGpt4iC.jpeg','jpeg','image/jpeg','181477','2021-08-28 18:17:17','2021-08-28 18:17:17'),(802,177,'Tap-p02.jpg','public_storage','media/hPo7QvC1HvgGRsaO0H0mVRYuh4cWnHgY3tkO3zs0.jpeg','jpeg','image/jpeg','158054','2021-08-28 18:17:18','2021-08-28 18:17:18'),(803,177,'Tap-p2.jpg','public_storage','media/qFiqv4URpIqDnwySZP8hlqIpQtSJiuLLd7VrsJbH.jpeg','jpeg','image/jpeg','139948','2021-08-28 18:17:18','2021-08-28 18:17:18'),(804,177,'Tap-p3.jpg','public_storage','media/Ukb91BVfB7C7Ma5ydGyH0CEgFHp6ezvPtlp7lAko.jpeg','jpeg','image/jpeg','132821','2021-08-28 18:17:19','2021-08-28 18:17:19'),(805,177,'Tap-p03.jpg','public_storage','media/Bx6rQInzn3RSuEfYGbTic1P0jSDIOib40VbtptDx.jpeg','jpeg','image/jpeg','247972','2021-08-28 18:17:20','2021-08-28 18:17:20'),(806,177,'Tap-p4.jpg','public_storage','media/WkzdDcL96YpDdwE5mePXbMspqTqqGQH95683rqA9.jpeg','jpeg','image/jpeg','86251','2021-08-28 18:17:20','2021-08-28 18:17:20'),(807,177,'poly10x1201 (2).jpg','public_storage','media/oUO4oqdxiqe0TRfqJPZgkqs0557HXIjphwESpyKq.jpeg','jpeg','image/jpeg','92402','2021-08-28 19:08:43','2021-08-28 19:08:43'),(808,177,'poly10x1201 (1).jpg','public_storage','media/11v0GUygqLTkFcTKeciWzfP9ZdIEKesEW4dFfMZ1.jpeg','jpeg','image/jpeg','145317','2021-08-28 19:08:43','2021-08-28 19:08:43'),(809,177,'poly10x1201 (3).jpg','public_storage','media/jEMFjKYoBc0BufG8p6aU2ZVDInDbQrOryqVWDfnN.jpeg','jpeg','image/jpeg','105671','2021-08-28 19:08:45','2021-08-28 19:08:45'),(810,177,'poly10x1201 (4).jpg','public_storage','media/rVDMdf5RkcpGPoHt1uS7oseFdO9nkUTb47xd8q6m.jpeg','jpeg','image/jpeg','174214','2021-08-28 19:08:45','2021-08-28 19:08:45'),(811,177,'poly10x1201 (5).jpg','public_storage','media/2bnLsxZiHbUH0G9ajGl2OeNNbPfmCV16WQl8x1Df.jpeg','jpeg','image/jpeg','184983','2021-08-28 19:08:45','2021-08-28 19:08:45'),(812,177,'poly-01.jpg','public_storage','media/vZTS3C8o08SWyYYeB9Ptr7Y0Y1fABDJbr8lA8MEg.jpeg','jpeg','image/jpeg','58778','2021-08-28 19:14:32','2021-08-28 19:14:32'),(813,177,'poly-02.jpg','public_storage','media/Z3FSIgMRkIzg6VeDvphahzPD2zeWiBkL6vfJOAQW.jpeg','jpeg','image/jpeg','95179','2021-08-28 19:14:33','2021-08-28 19:14:33'),(814,177,'poly-03.jpg','public_storage','media/ux0ZvifjY2YYc0PNpBhbPtYOh3th4j1AIkRNO284.jpeg','jpeg','image/jpeg','91838','2021-08-28 19:14:33','2021-08-28 19:14:33'),(815,177,'poly-04.jpg','public_storage','media/G1XDfwW5nbWV4v7A87Pv3Ygzo1PCDyszUq4zioQ4.jpeg','jpeg','image/jpeg','105551','2021-08-28 19:14:33','2021-08-28 19:14:33'),(816,177,'poly-05.jpg','public_storage','media/cAQ1UmHyz0zVEdmkaYx4ri366M1yTQVpJvkgbqJ9.jpeg','jpeg','image/jpeg','184983','2021-08-28 19:14:34','2021-08-28 19:14:34'),(817,177,'Poly-8x10-p2.jpg','public_storage','media/3U5b7d2ZQIvNWEuVx6QNIxHeU9DvmaqSDuDm0cTe.jpeg','jpeg','image/jpeg','92402','2021-08-28 19:18:17','2021-08-28 19:18:17'),(818,177,'Poly-8x10-p1.jpg','public_storage','media/ERH4iopIhfYZ53c2u8RXeIXCYhnMaXAtQhRp103O.jpeg','jpeg','image/jpeg','198134','2021-08-28 19:18:17','2021-08-28 19:18:17'),(819,177,'Poly-8x10-p3.jpg','public_storage','media/P4nxoMc2AFIhXfYBhddO0aoO5pY9nAzDfd0e5OzO.jpeg','jpeg','image/jpeg','105671','2021-08-28 19:18:18','2021-08-28 19:18:18'),(820,177,'Poly-8x10-p4.jpg','public_storage','media/J4Ah1v208kFskFZsI5YBbHqCOfr2R2lgK2qa3szV.jpeg','jpeg','image/jpeg','174214','2021-08-28 19:18:18','2021-08-28 19:18:18'),(821,177,'Poly-8x10-p5.jpg','public_storage','media/qVX9kNqt7ZjBmGwEugHkudU6ernVreAeN1vtGtJ7.jpeg','jpeg','image/jpeg','184983','2021-08-28 19:18:19','2021-08-28 19:18:19'),(822,177,'Poly-6x8-p1.jpg','public_storage','media/S3NQKHGt6AGcywTuffHWdEovm2rE2yfTKMYkisv2.jpeg','jpeg','image/jpeg','197777','2021-08-28 19:21:33','2021-08-28 19:21:33'),(823,177,'Poly-6x8-p2.jpg','public_storage','media/aoMCKvD2n5mJc1QLkMRXYCRArjfeYeLY7ieGbGZb.jpeg','jpeg','image/jpeg','184983','2021-08-28 19:21:33','2021-08-28 19:21:33'),(824,177,'Poly-6x8-p3.jpg','public_storage','media/luRJ4Vpl8YKwvUrriyglmn5ktGtoHcU3et8akSYu.jpeg','jpeg','image/jpeg','174214','2021-08-28 19:21:34','2021-08-28 19:21:34'),(825,177,'Poly-6x8-p4.jpg','public_storage','media/iUEeezlxgXEoM07cLGWmIXHfNUOtmL7UUFoWm3B0.jpeg','jpeg','image/jpeg','180110','2021-08-28 19:21:34','2021-08-28 19:21:34'),(826,177,'Poly-6x8-p5.jpg','public_storage','media/Fd5lnCjJDPdwDANfQGfz6MEczbfSWGhYNloTaK2h.jpeg','jpeg','image/jpeg','113544','2021-08-28 19:21:34','2021-08-28 19:21:34'),(827,177,'Pizza-box02.jpg','public_storage','media/ckEm5KNtnFxQSyi3Cj4WHV9dIZD3bRiUBZrNGMBy.jpeg','jpeg','image/jpeg','133352','2021-09-14 11:25:56','2021-09-14 11:25:56'),(828,177,'Pizza-box01.jpg','public_storage','media/sIch2EyfotujPfYiQSd8m0iVViZIRdeS0VP6zdvr.jpeg','jpeg','image/jpeg','117627','2021-09-14 11:25:56','2021-09-14 11:25:56'),(829,177,'Pizza-box03.jpg','public_storage','media/j3yxqF8dtbPAb81HRCjuDhw5Y4U9D8mJWvSWOcnq.jpeg','jpeg','image/jpeg','93296','2021-09-14 11:25:57','2021-09-14 11:25:57'),(830,177,'Pizza-box04.jpg','public_storage','media/YsruY1vc5Odj6FSqrLflDibv6fqp6fYgiuWdZR0d.jpeg','jpeg','image/jpeg','124743','2021-09-14 11:25:57','2021-09-14 11:25:57'),(831,177,'Pizza-box11-p1.jpg','public_storage','media/KYKN1n7crpClIvjVpFiuew6PCHHTCX7LfHxaYxZk.jpeg','jpeg','image/jpeg','119813','2021-09-14 11:55:51','2021-09-14 11:55:51'),(832,177,'Pizza-box11-p2.jpg','public_storage','media/QMeT874vqlnz8uwbjNYPBR3Uw57tPNqJlkM1HRWI.jpeg','jpeg','image/jpeg','194891','2021-09-14 11:55:51','2021-09-14 11:55:51'),(833,177,'Pizza-box11-p3.jpg','public_storage','media/WQILJTxtzxWADg9Twaqqcb6FypC3gHPgOmrLUD9G.jpeg','jpeg','image/jpeg','73793','2021-09-14 11:55:52','2021-09-14 11:55:52'),(834,177,'Pizza-box11-p4.jpg','public_storage','media/dEGRqjzClqtxXPLQ5lXHHgWMZ0gTeOs0diSrsDiu.jpeg','jpeg','image/jpeg','69516','2021-09-14 11:55:52','2021-09-14 11:55:52'),(835,177,'Pizza-box12-p1.jpg','public_storage','media/qnL432v5IGHDrzXge5FeZpASGy2FroFHs1sq6n69.jpeg','jpeg','image/jpeg','119899','2021-09-14 12:10:54','2021-09-14 12:10:54'),(836,177,'Pizza-box12-p2.jpg','public_storage','media/eS42ZXZUg0xNbjNVaJygnLPeRJlTZYP7I7nQOujh.jpeg','jpeg','image/jpeg','194891','2021-09-14 12:10:54','2021-09-14 12:10:54'),(837,177,'Pizza-box12-p4.jpg','public_storage','media/4i1yjAZgPTKGadpLIc3UNGga1uhG7qEUVUBs9E4q.jpeg','jpeg','image/jpeg','69516','2021-09-14 12:10:54','2021-09-14 12:10:54'),(838,177,'Pizza-box12-p3.jpg','public_storage','media/Xp6uGuYL6w5vhKUiYtkumpnlF1JUOj7wBuqPWbDl.jpeg','jpeg','image/jpeg','226803','2021-09-14 12:10:54','2021-09-14 12:10:54'),(839,177,'Pizza-box14.5-p1.jpg','public_storage','media/BHPdaITIx9ybBpIpxDqNbeEFpoEKdDzCQdmYSWga.jpeg','jpeg','image/jpeg','112354','2021-09-14 12:25:46','2021-09-14 12:25:46'),(840,177,'Pizza-box14.5-p2.jpg','public_storage','media/Hw2zT2YVD6EcXag7Kba1mN1MHctjpSftgR4ZXIYm.jpeg','jpeg','image/jpeg','194891','2021-09-14 12:25:46','2021-09-14 12:25:46'),(841,177,'Pizza-box14.5-p4.jpg','public_storage','media/T27qCtqvo0rzlc5TugbPk1MDZu8QbYtZcgpR5toN.jpeg','jpeg','image/jpeg','69516','2021-09-14 12:25:46','2021-09-14 12:25:46'),(842,177,'Pizza-box14.5-p3.jpg','public_storage','media/0KTH7AC4cEq3Wtt9UN7EnqezEVXY6wPt6JmINSWv.jpeg','jpeg','image/jpeg','227594','2021-09-14 12:25:46','2021-09-14 12:25:46'),(843,177,'4.75x4.75-Burger-Boxp1.jpg','public_storage','media/mQfml5ojUcKe7bXIkKXa8ZhZCg877Hf1FHJfzd5a.jpeg','jpeg','image/jpeg','244162','2021-09-17 20:59:42','2021-09-17 20:59:42'),(844,177,'4.75x4.75-Burger-Boxp2.jpg','public_storage','media/Am7yDro6ZXVSfs5A23VxN03ZKrLCr3UX0bscovqk.jpeg','jpeg','image/jpeg','303221','2021-09-17 20:59:43','2021-09-17 20:59:43'),(845,177,'4.75x4.75-Burger-Boxp3.jpg','public_storage','media/N2IVdNjf8iA6hglJtYpXNIYEnhLG9IFTpwXpPW8L.jpeg','jpeg','image/jpeg','148287','2021-09-17 20:59:43','2021-09-17 20:59:43'),(846,177,'4.75x4.75-Burger-Boxp4.jpg','public_storage','media/KtzqoBitnUJ4mYK5WNrD73XbaNPIo4maAGJmwegR.jpeg','jpeg','image/jpeg','230922','2021-09-17 20:59:44','2021-09-17 20:59:44'),(847,177,'Jar-350ml-p1.jpg','public_storage','media/VxPzZdZeXfy5geAK8cPxneGKzcdbkFSAERy4LUa4.jpeg','jpeg','image/jpeg','150147','2021-09-17 21:13:52','2021-09-17 21:13:52'),(848,177,'Jar-350ml-p2.jpg','public_storage','media/4JkjGuVKbEtk3YPixioO1Bz5QwJjdDLoOnAmyzgl.jpeg','jpeg','image/jpeg','232582','2021-09-17 21:13:52','2021-09-17 21:13:52'),(849,177,'Jar-350ml-p3.jpg','public_storage','media/g7o9nVyO36cU23G6aEb2AbjJYtjbUbxQOkhWwdzK.jpeg','jpeg','image/jpeg','181820','2021-09-17 21:13:54','2021-09-17 21:13:54'),(850,177,'Jar-350ml-p4.jpg','public_storage','media/c1OLbDBzMbNtRzQapqcR0R6Z0leJ8yTOP4NMADS1.jpeg','jpeg','image/jpeg','601592','2021-09-17 21:13:57','2021-09-17 21:13:57'),(851,177,'p1.jpg','public_storage','media/Z23L01wsjc307b3OTJb9nBLg87reImXAe70r4j8v.jpeg','jpeg','image/jpeg','119119','2021-10-17 22:58:45','2021-10-17 22:58:45'),(852,177,'p4.jpg','public_storage','media/lbVwqBj18W49V923ILmeGmRbzDyoOOS0Bipol0JR.jpeg','jpeg','image/jpeg','181920','2021-10-17 22:58:48','2021-10-17 22:58:48'),(853,177,'p2 (1).jpg','public_storage','media/oLqIQjVXSeqpmzqgzRmhmKwoxVuBS2NNjTmhgVja.jpeg','jpeg','image/jpeg','117820','2021-10-17 23:04:52','2021-10-17 23:04:52'),(854,177,'p4 (1).jpg','public_storage','media/U8vjNUFhRF8PC54jLLj0DDL3SPCGVwkC2HdMDOF9.jpeg','jpeg','image/jpeg','125901','2021-10-17 23:05:08','2021-10-17 23:05:08'),(855,177,'p3 (2).jpg','public_storage','media/m12qysRuTeyAJgxajrqTXgjeGgj8UWoD7AFNSQEL.jpeg','jpeg','image/jpeg','194122','2021-10-17 23:05:30','2021-10-17 23:05:30'),(856,177,'p1.jpg','public_storage','media/l5Mkwxag27wMw3bKjIYjC6gPNVa2dvlRnWCewaia.jpeg','jpeg','image/jpeg','269968','2021-10-29 14:36:42','2021-10-29 14:36:42'),(857,177,'gift pack p3.jpg','public_storage','media/xqk5vnv0q0jAdOVVjm4Mv3RrbAIuPZLLfo08r40A.jpeg','jpeg','image/jpeg','261991','2021-10-29 14:38:35','2021-10-29 14:38:35'),(858,177,'gift pack p2.jpg','public_storage','media/luIfreCrsuKMd3whlkqXEyfkoaHB1ls3UZsJtsPC.jpeg','jpeg','image/jpeg','319863','2021-10-29 14:38:35','2021-10-29 14:38:35'),(859,177,'gift pack p4.jpg','public_storage','media/xVAEHUewDRtQ44T1pAtYHsKIKW3HMgHOJY6Y5v0x.jpeg','jpeg','image/jpeg','215411','2021-10-29 14:38:36','2021-10-29 14:38:36'),(860,177,'Pizza-Saver-Tripod-Stool-01.jpg','public_storage','media/VsK1GooQndzVlYPuLVPmVAax6hCXvgEaSBSEIdXB.jpeg','jpeg','image/jpeg','101898','2021-11-18 15:40:02','2021-11-18 15:40:02'),(861,177,'Pizza-Saver-Tripod-Stool-03.jpg','public_storage','media/JpSHRDNj95n8t8bvB88CQE8zdx42Qq5MErzgN1dL.jpeg','jpeg','image/jpeg','65427','2021-11-18 15:41:17','2021-11-18 15:41:17'),(862,177,'Pizza-Saver-Tripod-Stool-02.jpg','public_storage','media/lCNpWwSeSFcm14rUK6RkpAV7QSJ2goRoyzyB3tnY.jpeg','jpeg','image/jpeg','463967','2021-11-18 15:41:24','2021-11-18 15:41:24'),(863,177,'Pizza-Saver-Tripod-Stool-04.jpg','public_storage','media/JqVdQ0zGRodrMBlE3Cea3Kj15zhprjcKbN5so6zX.jpeg','jpeg','image/jpeg','731328','2021-11-18 15:41:25','2021-11-18 15:41:25'),(864,177,'giftbox01.jpg','public_storage','media/Qhwaw1laIKEnkVEHdPUoi3zt5LKx53mv8egkPwQP.jpeg','jpeg','image/jpeg','199874','2021-11-18 16:27:37','2021-11-18 16:27:37'),(865,177,'giftbox02.jpg','public_storage','media/SgWLM1XJvRX1jrT46bLXzJbwCONvOW4Ge8deuHeh.jpeg','jpeg','image/jpeg','403157','2021-11-18 16:28:12','2021-11-18 16:28:12'),(866,177,'giftbox.jpg','public_storage','media/7dptbVzVUrQ5GBlo8XJlNhN46tItgixMxAu6S2IO.jpeg','jpeg','image/jpeg','703224','2021-11-18 16:28:12','2021-11-18 16:28:12'),(867,177,'giftbox4.jpg','public_storage','media/b7WoUQYP25lZYTUGDGHirsbpSyrshPWROan27zQL.jpeg','jpeg','image/jpeg','5098','2021-11-18 16:28:13','2021-11-18 16:28:13'),(868,177,'giftbox5.jpg','public_storage','media/NL6cxIfmE53JPPCIi1uT9Z8xNWkPAFP6IrTTzfdH.jpeg','jpeg','image/jpeg','7439','2021-11-18 16:28:14','2021-11-18 16:28:14'),(869,177,'giftbox03.jpg','public_storage','media/6WnVAuBeZKEjNNY1y7Jfud7f1M6ExvbS6yysZSKj.jpeg','jpeg','image/jpeg','660198','2021-11-18 16:28:14','2021-11-18 16:28:14'),(870,177,'giftbox6.jpg','public_storage','media/fAR7wqBuS1mHk4kFOCLDHV4aqRFyTGSbOBtlvTSz.jpeg','jpeg','image/jpeg','7530','2021-11-18 16:28:14','2021-11-18 16:28:14'),(871,177,'giftbox07.jpg','public_storage','media/MphLvhLyLzh6hgMrXgWc0Kc9YS3i3f31TytuEGYw.jpeg','jpeg','image/jpeg','45708','2021-11-18 16:28:14','2021-11-18 16:28:14'),(873,177,'L-shape-window-cake-box-p2.jpg','public_storage','media/5LyzhCEC8fhXjHcqZzwLCSzxJSTPuaOZ6FdHhMxx.jpeg','jpeg','image/jpeg','123398','2021-11-21 21:09:12','2021-11-21 21:09:12'),(874,177,'L-shape-window-cake-box-p3.jpg','public_storage','media/QCRmnCGDvqvUJMLu3gpOYAHJFNwD2JGLmqgGu0Fy.jpeg','jpeg','image/jpeg','140236','2021-11-21 21:09:12','2021-11-21 21:09:12'),(875,177,'L-shape-window-cake-box-p5.jpg','public_storage','media/cejGyEpYNWBNZO9vYMlhoBjm1I8TAntiwhP7LuFE.jpeg','jpeg','image/jpeg','182342','2021-11-21 21:09:14','2021-11-21 21:09:14'),(876,177,'L-shape-window-cake-box-p4.jpg','public_storage','media/CY4k9XyYjnzVQCvseeMQzHeyuiE5JF5Ow1WFRY3s.jpeg','jpeg','image/jpeg','725851','2021-11-21 21:09:17','2021-11-21 21:09:17'),(877,177,'2kg-green-01.jpg','public_storage','media/icGosXEtnzX3H8yOcOiKb1YXyGZjxtNCNpJQp82g.jpeg','jpeg','image/jpeg','160744','2021-11-21 22:08:45','2021-11-21 22:08:45'),(878,177,'2kg-green.jpg','public_storage','media/bTARLq8aWsKZ203Z76s6VHoqxCaN90ecMUpniOF2.jpeg','jpeg','image/jpeg','154413','2021-11-21 22:12:59','2021-11-21 22:12:59'),(879,177,'0b01872.png','public_storage','media/CuX4Qc7Xgak1iJv9GZfarp5k4cpSSTEVTEsrfMRM.png','png','image/png','183936','2021-11-21 22:13:45','2021-11-21 22:13:45'),(880,177,'brownie-box-p1.jpg','public_storage','media/BOd53m1dl2cq3VY1VUfo87HJlrTi8iqfb00KhHlj.jpeg','jpeg','image/jpeg','119048','2021-11-21 22:48:48','2021-11-21 22:48:48'),(881,177,'brownie-box-p2.jpg','public_storage','media/7NH0YExEow0xslGtjE9B2zUugT0CUqn4ydAKXE5l.jpeg','jpeg','image/jpeg','111018','2021-11-21 22:49:11','2021-11-21 22:49:11'),(882,177,'brownie-box-p3.jpg','public_storage','media/ReWEenXs9et6ob4kmusF0i8sUwO5DZICFpkN0dSJ.jpeg','jpeg','image/jpeg','138627','2021-11-21 22:49:11','2021-11-21 22:49:11'),(883,177,'brownie-box-p4.jpg','public_storage','media/xK0Mg51t3Hsw5UMtURaR7kzD4ZkyN4jNpILza30S.jpeg','jpeg','image/jpeg','163346','2021-11-21 22:49:12','2021-11-21 22:49:12'),(884,177,'brownie-box-p5.jpg','public_storage','media/uSET6eE0cqZgPot07k1xTbQ2DEFHiZQ2EtLCEmEH.jpeg','jpeg','image/jpeg','174372','2021-11-21 22:49:12','2021-11-21 22:49:12'),(885,177,'one kg green box.jpeg','public_storage','media/eu1fl0Lz6W7NzQs2638Ah66KA3fiBaT2bWvgsloh.jpeg','jpeg','image/jpeg','184538','2021-11-24 11:47:21','2021-11-24 11:47:21'),(886,177,'L Shape Window cake box 2 KG.jfif','public_storage','media/2fKyopRMgcSR99qASFcy0OqOJUTS1VjUoF3yL1I1.jpeg','jpeg','image/jpeg','73909','2021-11-24 11:53:23','2021-11-24 11:53:23'),(887,177,'browni.jpeg','public_storage','media/bz5WFtvMJJosJ30OydqBC3oVyYcovpcMmxwn7nIo.jpeg','jpeg','image/jpeg','138026','2021-11-24 12:00:58','2021-11-24 12:00:58'),(888,177,'4-PC-window-cake-Box.jpg','public_storage','media/WfpPDmwqGsOSQ6CBn8uHvC3k0eXdyKKSjrqtrqTP.jpeg','jpeg','image/jpeg','300658','2021-11-24 15:53:02','2021-11-24 15:53:02'),(889,177,'4-PC-window-cake-Box-p2.jpg','public_storage','media/2KkwFNioT4XT9KbbD9E0VIEc2IjjJCIg0gQeMeLn.jpeg','jpeg','image/jpeg','293801','2021-11-24 15:53:02','2021-11-24 15:53:02'),(890,177,'4-PC-window-cake-Box-p3.jpg','public_storage','media/36ohiTqWAA7ZXiavgmfakrOLdpLwTuWDJVf3S94o.jpeg','jpeg','image/jpeg','277549','2021-11-24 15:53:03','2021-11-24 15:53:03'),(891,177,'4-PC-window-cake-Box-p4.jpg','public_storage','media/4e7MguuN3m3xMezfPu066hVLr9oRBmlYq8CEHUsf.jpeg','jpeg','image/jpeg','262338','2021-11-24 15:53:03','2021-11-24 15:53:03'),(892,177,'4-PC-window-cake-Box-p5.jpg','public_storage','media/78E8yUHMniV2ELzAabmPcZuhfZ5fsCQFikOY0ehw.jpeg','jpeg','image/jpeg','549530','2021-11-24 15:53:04','2021-11-24 15:53:04'),(893,177,'window-Half-Kg-cake-Box-p2.jpg','public_storage','media/bSip0Xb2nWklJG8apfrpwrjGefT8S2jEiHw9BBel.jpeg','jpeg','image/jpeg','104951','2021-11-24 16:41:59','2021-11-24 16:41:59'),(894,177,'window-Half-Kg-cake-Box-p1.jpg','public_storage','media/8bXo7eBBH1ht019yXfuJcD6BpBFZ9oXlR0IYpn4C.jpeg','jpeg','image/jpeg','163712','2021-11-24 16:42:00','2021-11-24 16:42:00'),(895,177,'window-Half-Kg-cake-Box-p3.jpg','public_storage','media/F3cPZcm7Z2HbTWtWVnLEeRpEQPvHwtbvhzIEJGDq.jpeg','jpeg','image/jpeg','195111','2021-11-24 16:42:01','2021-11-24 16:42:01'),(896,177,'window-Half-Kg-cake-Box-p4.jpg','public_storage','media/TvBcj0oQDzEXFJXjYTkipo05q0daF0z0aiA80G5v.jpeg','jpeg','image/jpeg','166998','2021-11-24 16:42:01','2021-11-24 16:42:01'),(897,177,'window-Half-Kg-cake-Box-p5.jpg','public_storage','media/fyYaHGgSLaDJTqB2pMIwkjj2WtvZnFnTJmpGJ2Tf.jpeg','jpeg','image/jpeg','174351','2021-11-24 16:42:02','2021-11-24 16:42:02'),(898,177,'window-Half-Kg-cake-Box-p6.jpg','public_storage','media/Fl47KyzOtTPDbnRWahrc9qJwZH2TgyXy9U5bFT8V.jpeg','jpeg','image/jpeg','472263','2021-11-24 16:42:03','2021-11-24 16:42:03'),(899,177,'IMG-20211222-WA0044.jpg','public_storage','media/E9HRg2ngAJlOxBmOOiUDXT6694WGR8ZQ6zhPbtQR.jpeg','jpeg','image/jpeg','44442','2021-12-26 21:24:41','2021-12-26 21:24:41'),(900,177,'IMG-20211220-WA0024.jpg','public_storage','media/wq4CSvAx0UJcEiTladSHL6LMrACxkiE4YGeOZ6fm.jpeg','jpeg','image/jpeg','25350','2021-12-26 21:24:45','2021-12-26 21:24:45'),(901,177,'jambo-box-10x10-p1.jpg','public_storage','media/dQY1n9EJ8nsBx1CX7O452mIlledIVGUSDtjUX6QO.jpeg','jpeg','image/jpeg','134107','2022-01-19 22:30:29','2022-01-19 22:30:29'),(902,177,'jambo-box-10x10-p2.jpg','public_storage','media/bY6QS4kphfSBwAhMPwnQBRH8bhN9DXfzDxyqrTRD.jpeg','jpeg','image/jpeg','87693','2022-01-19 22:30:29','2022-01-19 22:30:29'),(903,177,'jambo-box-10x10-p4.jpg','public_storage','media/xdmjroYmSgf280gqNQRTdRTLmRGWWgWLRd1ZCwQl.jpeg','jpeg','image/jpeg','42014','2022-01-19 22:30:30','2022-01-19 22:30:30'),(904,177,'jambo-box-10x10-p3.jpg','public_storage','media/7w5sEXutv4hHvAGId7yPasacO6GcRKqdLrlttHOJ.jpeg','jpeg','image/jpeg','63557','2022-01-19 22:30:30','2022-01-19 22:30:30'),(905,177,'jambo-box-12x12-p1.jpg','public_storage','media/mZReaj59jRqefEMgwJai1RhpWvpby396XoutlEHR.jpeg','jpeg','image/jpeg','134106','2022-01-19 22:34:46','2022-01-19 22:34:46'),(906,177,'Talk Cake Box.jpg','public_storage','media/b2UbPyugJRukYvnBf1Zs6H5iP34QGO1pZqHpkTPC.jpeg','jpeg','image/jpeg','543717','2022-01-24 19:29:00','2022-01-24 19:29:00');
/*!40000 ALTER TABLE `files` ENABLE KEYS */;
UNLOCK TABLES;

--
-- Table structure for table `flash_sale_product_orders`
--

DROP TABLE IF EXISTS `flash_sale_product_orders`;
/*!40101 SET @saved_cs_client     = @@character_set_client */;
/*!40101 SET character_set_client = utf8 */;
CREATE TABLE `flash_sale_product_orders` (
  `flash_sale_product_id` int(10) unsigned NOT NULL,
  `order_id` int(10) unsigned NOT NULL,
  `qty` int(11) NOT NULL,
  PRIMARY KEY (`flash_sale_product_id`,`order_id`),
  KEY `flash_sale_product_orders_order_id_foreign` (`order_id`),
  CONSTRAINT `flash_sale_product_orders_flash_sale_product_id_foreign` FOREIGN KEY (`flash_sale_product_id`) REFERENCES `flash_sale_products` (`id`) ON DELETE CASCADE,
  CONSTRAINT `flash_sale_product_orders_order_id_foreign` FOREIGN KEY (`order_id`) REFERENCES `orders` (`id`) ON DELETE CASCADE
) ENGINE=InnoDB DEFAULT CHARSET=utf8mb4 COLLATE=utf8mb4_unicode_ci;
/*!40101 SET character_set_client = @saved_cs_client */;

--
-- Dumping data for table `flash_sale_product_orders`
--

LOCK TABLES `flash_sale_product_orders` WRITE;
/*!40000 ALTER TABLE `flash_sale_product_orders` DISABLE KEYS */;
/*!40000 ALTER TABLE `flash_sale_product_orders` ENABLE KEYS */;
UNLOCK TABLES;

--
-- Table structure for table `flash_sale_products`
--

DROP TABLE IF EXISTS `flash_sale_products`;
/*!40101 SET @saved_cs_client     = @@character_set_client */;
/*!40101 SET character_set_client = utf8 */;
CREATE TABLE `flash_sale_products` (
  `id` int(10) unsigned NOT NULL AUTO_INCREMENT,
  `flash_sale_id` int(10) unsigned NOT NULL,
  `product_id` int(10) unsigned NOT NULL,
  `end_date` date NOT NULL,
  `price` decimal(18,4) unsigned NOT NULL,
  `qty` int(11) NOT NULL,
  `position` int(11) NOT NULL,
  PRIMARY KEY (`id`),
  KEY `flash_sale_products_flash_sale_id_foreign` (`flash_sale_id`),
  KEY `flash_sale_products_product_id_foreign` (`product_id`),
  CONSTRAINT `flash_sale_products_flash_sale_id_foreign` FOREIGN KEY (`flash_sale_id`) REFERENCES `flash_sales` (`id`) ON DELETE CASCADE,
  CONSTRAINT `flash_sale_products_product_id_foreign` FOREIGN KEY (`product_id`) REFERENCES `products` (`id`) ON DELETE CASCADE
) ENGINE=InnoDB AUTO_INCREMENT=4 DEFAULT CHARSET=utf8mb4 COLLATE=utf8mb4_unicode_ci;
/*!40101 SET character_set_client = @saved_cs_client */;

--
-- Dumping data for table `flash_sale_products`
--

LOCK TABLES `flash_sale_products` WRITE;
/*!40000 ALTER TABLE `flash_sale_products` DISABLE KEYS */;
INSERT INTO `flash_sale_products` VALUES (1,1,15,'2022-02-10',520.0000,15,0),(2,1,36,'2022-08-12',480.0000,20,1),(3,1,33,'2023-01-13',560.0000,22,2);
/*!40000 ALTER TABLE `flash_sale_products` ENABLE KEYS */;
UNLOCK TABLES;

--
-- Table structure for table `flash_sale_translations`
--

DROP TABLE IF EXISTS `flash_sale_translations`;
/*!40101 SET @saved_cs_client     = @@character_set_client */;
/*!40101 SET character_set_client = utf8 */;
CREATE TABLE `flash_sale_translations` (
  `id` int(10) unsigned NOT NULL AUTO_INCREMENT,
  `flash_sale_id` int(10) unsigned NOT NULL,
  `locale` varchar(191) COLLATE utf8mb4_unicode_ci NOT NULL,
  `campaign_name` varchar(191) COLLATE utf8mb4_unicode_ci NOT NULL,
  PRIMARY KEY (`id`),
  UNIQUE KEY `flash_sale_translations_flash_sale_id_locale_unique` (`flash_sale_id`,`locale`),
  CONSTRAINT `flash_sale_translations_flash_sale_id_foreign` FOREIGN KEY (`flash_sale_id`) REFERENCES `flash_sales` (`id`) ON DELETE CASCADE
) ENGINE=InnoDB AUTO_INCREMENT=2 DEFAULT CHARSET=utf8mb4 COLLATE=utf8mb4_unicode_ci;
/*!40101 SET character_set_client = @saved_cs_client */;

--
-- Dumping data for table `flash_sale_translations`
--

LOCK TABLES `flash_sale_translations` WRITE;
/*!40000 ALTER TABLE `flash_sale_translations` DISABLE KEYS */;
INSERT INTO `flash_sale_translations` VALUES (1,1,'en','Flash Sale');
/*!40000 ALTER TABLE `flash_sale_translations` ENABLE KEYS */;
UNLOCK TABLES;

--
-- Table structure for table `flash_sales`
--

DROP TABLE IF EXISTS `flash_sales`;
/*!40101 SET @saved_cs_client     = @@character_set_client */;
/*!40101 SET character_set_client = utf8 */;
CREATE TABLE `flash_sales` (
  `id` int(10) unsigned NOT NULL AUTO_INCREMENT,
  `created_at` timestamp NULL DEFAULT NULL,
  `updated_at` timestamp NULL DEFAULT NULL,
  PRIMARY KEY (`id`)
) ENGINE=InnoDB AUTO_INCREMENT=2 DEFAULT CHARSET=utf8mb4 COLLATE=utf8mb4_unicode_ci;
/*!40101 SET character_set_client = @saved_cs_client */;

--
-- Dumping data for table `flash_sales`
--

LOCK TABLES `flash_sales` WRITE;
/*!40000 ALTER TABLE `flash_sales` DISABLE KEYS */;
INSERT INTO `flash_sales` VALUES (1,'2020-10-23 16:58:51','2020-10-23 16:58:51');
/*!40000 ALTER TABLE `flash_sales` ENABLE KEYS */;
UNLOCK TABLES;

--
-- Table structure for table `menu_item_translations`
--

DROP TABLE IF EXISTS `menu_item_translations`;
/*!40101 SET @saved_cs_client     = @@character_set_client */;
/*!40101 SET character_set_client = utf8 */;
CREATE TABLE `menu_item_translations` (
  `id` int(10) unsigned NOT NULL AUTO_INCREMENT,
  `menu_item_id` int(10) unsigned NOT NULL,
  `locale` varchar(191) COLLATE utf8mb4_unicode_ci NOT NULL,
  `name` varchar(191) COLLATE utf8mb4_unicode_ci NOT NULL,
  PRIMARY KEY (`id`),
  UNIQUE KEY `menu_item_translations_menu_item_id_locale_unique` (`menu_item_id`,`locale`),
  CONSTRAINT `menu_item_translations_menu_item_id_foreign` FOREIGN KEY (`menu_item_id`) REFERENCES `menu_items` (`id`) ON DELETE CASCADE
) ENGINE=InnoDB AUTO_INCREMENT=26 DEFAULT CHARSET=utf8mb4 COLLATE=utf8mb4_unicode_ci;
/*!40101 SET character_set_client = @saved_cs_client */;

--
-- Dumping data for table `menu_item_translations`
--

LOCK TABLES `menu_item_translations` WRITE;
/*!40000 ALTER TABLE `menu_item_translations` DISABLE KEYS */;
INSERT INTO `menu_item_translations` VALUES (3,3,'en','root'),(5,5,'en','Carry Bags'),(6,6,'en','E-Commerce Boxes'),(7,7,'en','Fast Food Packaging'),(8,8,'en','Fruit Box Packaging'),(9,9,'en','Restaurant Plastic Packaging'),(11,11,'en','root'),(12,12,'en','About Us'),(13,13,'en','Terms And Conditions'),(14,14,'en','Contact Us'),(16,16,'en','Privacy Policy'),(23,23,'en','Sweet & Bakery Box'),(25,25,'en','Customized Packaging');
/*!40000 ALTER TABLE `menu_item_translations` ENABLE KEYS */;
UNLOCK TABLES;

--
-- Table structure for table `menu_items`
--

DROP TABLE IF EXISTS `menu_items`;
/*!40101 SET @saved_cs_client     = @@character_set_client */;
/*!40101 SET character_set_client = utf8 */;
CREATE TABLE `menu_items` (
  `id` int(10) unsigned NOT NULL AUTO_INCREMENT,
  `menu_id` int(10) unsigned NOT NULL,
  `parent_id` int(10) unsigned DEFAULT NULL,
  `category_id` int(10) unsigned DEFAULT NULL,
  `page_id` int(10) unsigned DEFAULT NULL,
  `type` varchar(191) COLLATE utf8mb4_unicode_ci NOT NULL,
  `url` varchar(191) COLLATE utf8mb4_unicode_ci DEFAULT NULL,
  `icon` varchar(191) COLLATE utf8mb4_unicode_ci DEFAULT NULL,
  `target` varchar(191) COLLATE utf8mb4_unicode_ci NOT NULL,
  `position` int(10) unsigned DEFAULT NULL,
  `is_root` tinyint(1) NOT NULL DEFAULT 0,
  `is_fluid` tinyint(1) NOT NULL,
  `is_active` tinyint(1) NOT NULL,
  `created_at` timestamp NULL DEFAULT NULL,
  `updated_at` timestamp NULL DEFAULT NULL,
  PRIMARY KEY (`id`),
  KEY `menu_items_parent_id_foreign` (`parent_id`),
  KEY `menu_items_category_id_foreign` (`category_id`),
  KEY `menu_items_page_id_foreign` (`page_id`),
  KEY `menu_items_menu_id_index` (`menu_id`),
  CONSTRAINT `menu_items_category_id_foreign` FOREIGN KEY (`category_id`) REFERENCES `categories` (`id`) ON DELETE CASCADE,
  CONSTRAINT `menu_items_menu_id_foreign` FOREIGN KEY (`menu_id`) REFERENCES `menus` (`id`) ON DELETE CASCADE,
  CONSTRAINT `menu_items_page_id_foreign` FOREIGN KEY (`page_id`) REFERENCES `pages` (`id`) ON DELETE CASCADE,
  CONSTRAINT `menu_items_parent_id_foreign` FOREIGN KEY (`parent_id`) REFERENCES `menu_items` (`id`) ON DELETE CASCADE
) ENGINE=InnoDB AUTO_INCREMENT=26 DEFAULT CHARSET=utf8mb4 COLLATE=utf8mb4_unicode_ci;
/*!40101 SET character_set_client = @saved_cs_client */;

--
-- Dumping data for table `menu_items`
--

LOCK TABLES `menu_items` WRITE;
/*!40000 ALTER TABLE `menu_items` DISABLE KEYS */;
INSERT INTO `menu_items` VALUES (3,2,NULL,NULL,NULL,'URL',NULL,NULL,'_self',0,1,0,1,'2020-08-24 04:32:07','2020-08-24 04:32:07'),(5,2,3,15,NULL,'category',NULL,'las la-car-battery','_self',5,0,0,1,'2020-08-24 04:35:32','2021-06-10 12:04:56'),(6,2,3,16,NULL,'category',NULL,'las la-car-battery','_self',3,0,0,1,'2020-08-24 04:35:58','2021-06-10 12:04:56'),(7,2,3,2,7,'category',NULL,'las la-car-battery','_self',0,0,0,1,'2020-08-24 04:36:30','2021-06-04 13:49:44'),(8,2,3,19,NULL,'category',NULL,'las la-car-battery','_self',4,0,0,1,'2020-08-24 04:36:55','2021-06-10 12:04:56'),(9,2,3,22,NULL,'category',NULL,'las la-car-battery','_self',2,0,0,1,'2020-08-24 04:37:35','2021-06-10 12:04:56'),(11,3,NULL,NULL,NULL,'URL',NULL,NULL,'_self',0,1,0,1,'2020-10-11 18:50:52','2020-10-11 18:50:52'),(12,3,11,NULL,1,'page',NULL,NULL,'_self',0,0,0,1,'2020-10-11 18:53:39','2020-12-17 00:26:03'),(13,3,11,NULL,5,'page',NULL,NULL,'_self',2,0,0,1,'2020-10-11 18:58:35','2021-07-29 11:14:46'),(14,3,11,NULL,NULL,'url','https://modernpackagers.in/contact',NULL,'_self',4,0,0,1,'2020-10-13 03:49:59','2021-07-29 11:14:46'),(16,3,11,NULL,6,'page',NULL,NULL,'_self',3,0,0,1,'2020-12-17 00:26:38','2021-07-29 11:14:46'),(23,2,3,36,NULL,'category',NULL,'las la-car-battery','_self',1,0,0,1,'2021-06-10 12:04:48','2021-06-10 12:05:48'),(25,3,11,NULL,7,'url','https://fxxrls1ipjtlpibdzovvuq-on.drv.tw/CUSTOMIZE WEBPAGE/',NULL,'_self',1,0,0,1,'2021-07-29 11:06:19','2021-08-26 17:20:37');
/*!40000 ALTER TABLE `menu_items` ENABLE KEYS */;
UNLOCK TABLES;

--
-- Table structure for table `menu_translations`
--

DROP TABLE IF EXISTS `menu_translations`;
/*!40101 SET @saved_cs_client     = @@character_set_client */;
/*!40101 SET character_set_client = utf8 */;
CREATE TABLE `menu_translations` (
  `id` int(10) unsigned NOT NULL AUTO_INCREMENT,
  `menu_id` int(10) unsigned NOT NULL,
  `locale` varchar(191) COLLATE utf8mb4_unicode_ci NOT NULL,
  `name` varchar(191) COLLATE utf8mb4_unicode_ci NOT NULL,
  PRIMARY KEY (`id`),
  UNIQUE KEY `menu_translations_menu_id_locale_unique` (`menu_id`,`locale`),
  CONSTRAINT `menu_translations_menu_id_foreign` FOREIGN KEY (`menu_id`) REFERENCES `menus` (`id`) ON DELETE CASCADE
) ENGINE=InnoDB AUTO_INCREMENT=7 DEFAULT CHARSET=utf8mb4 COLLATE=utf8mb4_unicode_ci;
/*!40101 SET character_set_client = @saved_cs_client */;

--
-- Dumping data for table `menu_translations`
--

LOCK TABLES `menu_translations` WRITE;
/*!40000 ALTER TABLE `menu_translations` DISABLE KEYS */;
INSERT INTO `menu_translations` VALUES (2,2,'en','Primary'),(3,3,'en','secondary');
/*!40000 ALTER TABLE `menu_translations` ENABLE KEYS */;
UNLOCK TABLES;

--
-- Table structure for table `menus`
--

DROP TABLE IF EXISTS `menus`;
/*!40101 SET @saved_cs_client     = @@character_set_client */;
/*!40101 SET character_set_client = utf8 */;
CREATE TABLE `menus` (
  `id` int(10) unsigned NOT NULL AUTO_INCREMENT,
  `is_active` tinyint(1) NOT NULL,
  `created_at` timestamp NULL DEFAULT NULL,
  `updated_at` timestamp NULL DEFAULT NULL,
  PRIMARY KEY (`id`)
) ENGINE=InnoDB AUTO_INCREMENT=7 DEFAULT CHARSET=utf8mb4 COLLATE=utf8mb4_unicode_ci;
/*!40101 SET character_set_client = @saved_cs_client */;

--
-- Dumping data for table `menus`
--

LOCK TABLES `menus` WRITE;
/*!40000 ALTER TABLE `menus` DISABLE KEYS */;
INSERT INTO `menus` VALUES (2,1,'2020-08-24 04:32:07','2021-06-04 11:46:27'),(3,1,'2020-10-11 18:50:52','2020-10-11 18:51:06');
/*!40000 ALTER TABLE `menus` ENABLE KEYS */;
UNLOCK TABLES;

--
-- Table structure for table `meta_data`
--

DROP TABLE IF EXISTS `meta_data`;
/*!40101 SET @saved_cs_client     = @@character_set_client */;
/*!40101 SET character_set_client = utf8 */;
CREATE TABLE `meta_data` (
  `id` int(10) unsigned NOT NULL AUTO_INCREMENT,
  `entity_type` varchar(191) COLLATE utf8mb4_unicode_ci NOT NULL,
  `entity_id` bigint(20) unsigned NOT NULL,
  `created_at` timestamp NULL DEFAULT NULL,
  `updated_at` timestamp NULL DEFAULT NULL,
  PRIMARY KEY (`id`),
  KEY `meta_data_entity_type_entity_id_index` (`entity_type`,`entity_id`)
) ENGINE=InnoDB AUTO_INCREMENT=134 DEFAULT CHARSET=utf8mb4 COLLATE=utf8mb4_unicode_ci;
/*!40101 SET character_set_client = @saved_cs_client */;

--
-- Dumping data for table `meta_data`
--

LOCK TABLES `meta_data` WRITE;
/*!40000 ALTER TABLE `meta_data` DISABLE KEYS */;
INSERT INTO `meta_data` VALUES (1,'Modules\\Product\\Entities\\Product',1,'2020-07-30 02:20:32','2020-07-30 02:20:32'),(2,'Modules\\Product\\Entities\\Product',2,'2020-07-31 00:47:45','2020-07-31 00:47:45'),(3,'Modules\\Product\\Entities\\Product',3,'2020-07-31 01:15:47','2020-07-31 01:15:47'),(4,'Modules\\Product\\Entities\\Product',4,'2020-07-31 01:26:18','2020-07-31 01:26:18'),(5,'Modules\\Product\\Entities\\Product',5,'2020-07-31 01:35:34','2020-07-31 01:35:34'),(6,'Modules\\Product\\Entities\\Product',6,'2020-07-31 01:45:46','2020-07-31 01:45:46'),(7,'Modules\\Product\\Entities\\Product',7,'2020-07-31 01:55:59','2020-07-31 01:55:59'),(8,'Modules\\Product\\Entities\\Product',8,'2020-07-31 02:06:47','2020-07-31 02:06:47'),(9,'Modules\\Product\\Entities\\Product',9,'2020-07-31 02:34:31','2020-07-31 02:34:31'),(10,'Modules\\Product\\Entities\\Product',10,'2020-07-31 02:40:53','2020-07-31 02:40:53'),(11,'Modules\\Product\\Entities\\Product',11,'2020-07-31 02:47:14','2020-07-31 02:47:14'),(12,'Modules\\Product\\Entities\\Product',12,'2020-08-23 03:38:17','2020-08-23 03:38:17'),(13,'Modules\\Product\\Entities\\Product',13,'2020-08-23 03:40:17','2020-08-23 03:40:17'),(14,'Modules\\Product\\Entities\\Product',14,'2020-08-23 03:49:27','2020-08-23 03:49:27'),(15,'Modules\\Product\\Entities\\Product',15,'2020-08-23 03:51:22','2020-08-23 03:51:22'),(16,'Modules\\Product\\Entities\\Product',16,'2020-08-23 03:53:12','2020-08-23 03:53:12'),(17,'Modules\\Product\\Entities\\Product',17,'2020-08-23 03:56:21','2020-08-23 03:56:21'),(18,'Modules\\Product\\Entities\\Product',18,'2020-08-23 04:00:33','2020-08-23 04:00:33'),(19,'Modules\\Product\\Entities\\Product',19,'2020-08-23 04:36:37','2020-08-23 04:36:37'),(20,'Modules\\Product\\Entities\\Product',20,'2020-08-23 04:40:56','2020-08-23 04:40:56'),(21,'Modules\\Product\\Entities\\Product',21,'2020-08-23 04:43:09','2020-08-23 04:43:09'),(22,'Modules\\Product\\Entities\\Product',22,'2020-08-23 04:53:53','2020-08-23 04:53:53'),(23,'Modules\\Product\\Entities\\Product',23,'2020-08-23 05:00:14','2020-08-23 05:00:14'),(24,'Modules\\Product\\Entities\\Product',24,'2020-08-23 05:04:33','2020-08-23 05:04:33'),(25,'Modules\\Product\\Entities\\Product',25,'2020-08-23 05:07:51','2020-08-23 05:07:51'),(26,'Modules\\Product\\Entities\\Product',26,'2020-09-02 17:07:10','2020-09-02 17:07:10'),(27,'Modules\\Product\\Entities\\Product',27,'2020-09-02 17:08:50','2020-09-02 17:08:50'),(28,'Modules\\Page\\Entities\\Page',1,'2020-10-11 16:35:14','2020-10-11 16:35:14'),(29,'Modules\\Page\\Entities\\Page',2,'2020-10-11 16:38:01','2020-10-11 16:38:01'),(30,'Modules\\Page\\Entities\\Page',3,'2020-10-11 16:38:53','2020-10-11 16:38:53'),(31,'Modules\\Page\\Entities\\Page',4,'2020-10-11 16:39:17','2020-10-11 16:39:17'),(32,'Modules\\Page\\Entities\\Page',5,'2020-10-11 16:41:16','2020-10-11 16:41:16'),(33,'Modules\\Product\\Entities\\Product',28,'2020-10-21 21:15:45','2020-10-21 21:15:45'),(34,'Modules\\Product\\Entities\\Product',29,'2020-10-21 21:23:42','2020-10-21 21:23:42'),(35,'Modules\\Product\\Entities\\Product',30,'2020-10-21 22:04:43','2020-10-21 22:04:43'),(36,'Modules\\Product\\Entities\\Product',31,'2020-10-21 22:23:34','2020-10-21 22:23:34'),(37,'Modules\\Product\\Entities\\Product',32,'2020-10-21 23:53:21','2020-10-21 23:53:21'),(38,'Modules\\Product\\Entities\\Product',33,'2020-10-21 23:58:58','2020-10-21 23:58:58'),(39,'Modules\\Product\\Entities\\Product',34,'2020-10-22 00:04:26','2020-10-22 00:04:26'),(40,'Modules\\Product\\Entities\\Product',35,'2020-10-22 00:09:28','2020-10-22 00:09:28'),(41,'Modules\\Product\\Entities\\Product',36,'2020-10-22 00:35:25','2020-10-22 00:35:25'),(42,'Modules\\Product\\Entities\\Product',37,'2020-10-22 00:37:35','2020-10-22 00:37:35'),(43,'Modules\\Product\\Entities\\Product',38,'2020-10-22 00:43:32','2020-10-22 00:43:32'),(44,'Modules\\Product\\Entities\\Product',39,'2020-10-22 00:51:17','2020-10-22 00:51:17'),(45,'Modules\\Product\\Entities\\Product',40,'2020-10-22 00:59:12','2020-10-22 00:59:12'),(46,'Modules\\Product\\Entities\\Product',41,'2020-10-22 01:24:31','2020-10-22 01:24:31'),(47,'Modules\\Product\\Entities\\Product',42,'2020-10-22 01:26:42','2020-10-22 01:26:42'),(48,'Modules\\Product\\Entities\\Product',43,'2020-10-22 01:44:13','2020-10-22 01:44:13'),(49,'Modules\\Product\\Entities\\Product',44,'2020-10-22 01:45:46','2020-10-22 01:45:46'),(50,'Modules\\Product\\Entities\\Product',45,'2020-10-22 01:47:20','2020-10-22 01:47:20'),(51,'Modules\\Product\\Entities\\Product',46,'2020-10-22 01:48:58','2020-10-22 01:48:58'),(52,'Modules\\Page\\Entities\\Page',6,'2020-12-17 00:23:08','2020-12-17 00:23:08'),(53,'Modules\\Page\\Entities\\Page',7,'2020-12-27 22:37:13','2020-12-27 22:37:13'),(54,'Modules\\Product\\Entities\\Product',47,'2021-02-24 16:20:01','2021-02-24 16:20:01'),(55,'Modules\\Product\\Entities\\Product',48,'2021-03-01 13:35:43','2021-03-01 13:35:43'),(56,'Modules\\Product\\Entities\\Product',49,'2021-03-01 13:46:28','2021-03-01 13:46:28'),(57,'Modules\\Product\\Entities\\Product',50,'2021-03-01 14:00:24','2021-03-01 14:00:24'),(58,'Modules\\Product\\Entities\\Product',51,'2021-03-01 14:10:20','2021-03-01 14:10:20'),(59,'Modules\\Product\\Entities\\Product',52,'2021-03-01 14:12:47','2021-03-01 14:12:47'),(60,'Modules\\Product\\Entities\\Product',53,'2021-03-01 14:14:10','2021-03-01 14:14:10'),(61,'Modules\\Product\\Entities\\Product',54,'2021-03-01 14:25:09','2021-03-01 14:25:09'),(62,'Modules\\Product\\Entities\\Product',55,'2021-03-01 14:27:20','2021-03-01 14:27:20'),(63,'Modules\\Product\\Entities\\Product',56,'2021-03-01 14:35:34','2021-03-01 14:35:34'),(64,'Modules\\Product\\Entities\\Product',57,'2021-03-01 15:21:31','2021-03-01 15:21:31'),(65,'Modules\\Product\\Entities\\Product',58,'2021-03-01 15:23:42','2021-03-01 15:23:42'),(66,'Modules\\Product\\Entities\\Product',59,'2021-03-01 15:26:57','2021-03-01 15:26:57'),(67,'Modules\\Product\\Entities\\Product',60,'2021-04-27 20:47:37','2021-04-27 20:47:37'),(68,'Modules\\Product\\Entities\\Product',61,'2021-06-09 15:41:42','2021-06-09 15:41:42'),(69,'Modules\\Product\\Entities\\Product',62,'2021-06-09 18:51:21','2021-06-09 18:51:21'),(70,'Modules\\Product\\Entities\\Product',63,'2021-06-10 16:07:42','2021-06-10 16:07:42'),(71,'Modules\\Product\\Entities\\Product',64,'2021-06-10 18:40:47','2021-06-10 18:40:47'),(72,'Modules\\Product\\Entities\\Product',65,'2021-06-10 19:10:45','2021-06-10 19:10:45'),(73,'Modules\\Product\\Entities\\Product',66,'2021-06-10 19:28:27','2021-06-10 19:28:27'),(74,'Modules\\Product\\Entities\\Product',67,'2021-06-14 18:53:06','2021-06-14 18:53:06'),(75,'Modules\\Product\\Entities\\Product',68,'2021-06-14 19:45:04','2021-06-14 19:45:04'),(76,'Modules\\Product\\Entities\\Product',69,'2021-06-14 19:47:35','2021-06-14 19:47:35'),(77,'Modules\\Product\\Entities\\Product',70,'2021-06-15 14:19:57','2021-06-15 14:19:57'),(78,'Modules\\Product\\Entities\\Product',71,'2021-06-15 14:27:39','2021-06-15 14:27:39'),(79,'Modules\\Product\\Entities\\Product',72,'2021-06-15 15:40:48','2021-06-15 15:40:48'),(80,'Modules\\Product\\Entities\\Product',73,'2021-06-15 16:01:26','2021-06-15 16:01:26'),(81,'Modules\\Product\\Entities\\Product',74,'2021-06-15 16:47:11','2021-06-15 16:47:11'),(82,'Modules\\Product\\Entities\\Product',75,'2021-06-15 16:57:31','2021-06-15 16:57:31'),(83,'Modules\\Product\\Entities\\Product',76,'2021-06-15 17:45:57','2021-06-15 17:45:57'),(84,'Modules\\Product\\Entities\\Product',77,'2021-06-15 18:02:49','2021-06-15 18:02:49'),(85,'Modules\\Product\\Entities\\Product',78,'2021-06-15 18:25:08','2021-06-15 18:25:08'),(86,'Modules\\Product\\Entities\\Product',79,'2021-06-22 14:43:36','2021-06-22 14:43:36'),(87,'Modules\\Product\\Entities\\Product',80,'2021-06-22 15:12:46','2021-06-22 15:12:46'),(88,'Modules\\Product\\Entities\\Product',81,'2021-06-22 16:59:06','2021-06-22 16:59:06'),(89,'Modules\\Product\\Entities\\Product',82,'2021-06-23 14:54:55','2021-06-23 14:54:55'),(90,'Modules\\Brand\\Entities\\Brand',1,'2021-06-24 19:57:06','2021-06-24 19:57:06'),(91,'Modules\\Product\\Entities\\Product',83,'2021-06-26 15:33:07','2021-06-26 15:33:07'),(92,'Modules\\Product\\Entities\\Product',84,'2021-06-26 17:40:34','2021-06-26 17:40:34'),(93,'Modules\\Product\\Entities\\Product',85,'2021-06-28 13:41:11','2021-06-28 13:41:11'),(94,'Modules\\Product\\Entities\\Product',86,'2021-06-28 13:58:27','2021-06-28 13:58:27'),(95,'Modules\\Product\\Entities\\Product',87,'2021-06-30 15:08:43','2021-06-30 15:08:43'),(96,'Modules\\Product\\Entities\\Product',88,'2021-06-30 15:43:27','2021-06-30 15:43:27'),(97,'Modules\\Product\\Entities\\Product',89,'2021-06-30 17:20:39','2021-06-30 17:20:39'),(98,'Modules\\Product\\Entities\\Product',90,'2021-06-30 17:25:52','2021-06-30 17:25:52'),(99,'Modules\\Product\\Entities\\Product',91,'2021-06-30 17:28:51','2021-06-30 17:28:51'),(100,'Modules\\Product\\Entities\\Product',92,'2021-06-30 19:39:23','2021-06-30 19:39:23'),(101,'Modules\\Product\\Entities\\Product',93,'2021-07-01 11:30:10','2021-07-01 11:30:10'),(102,'Modules\\Product\\Entities\\Product',105,'2021-07-01 17:30:12','2021-07-01 17:30:12'),(103,'Modules\\Product\\Entities\\Product',106,'2021-07-01 19:24:06','2021-07-01 19:24:06'),(104,'Modules\\Product\\Entities\\Product',107,'2021-07-03 14:54:41','2021-07-03 14:54:41'),(105,'Modules\\Product\\Entities\\Product',108,'2021-07-03 16:51:12','2021-07-03 16:51:12'),(106,'Modules\\Product\\Entities\\Product',109,'2021-07-07 16:01:27','2021-07-07 16:01:27'),(107,'Modules\\Product\\Entities\\Product',110,'2021-08-26 14:55:49','2021-08-26 14:55:49'),(108,'Modules\\Product\\Entities\\Product',111,'2021-08-26 16:47:44','2021-08-26 16:47:44'),(109,'Modules\\Product\\Entities\\Product',112,'2021-08-26 16:57:35','2021-08-26 16:57:35'),(110,'Modules\\Product\\Entities\\Product',113,'2021-08-28 15:45:45','2021-08-28 15:45:45'),(111,'Modules\\Product\\Entities\\Product',114,'2021-08-28 17:56:04','2021-08-28 17:56:04'),(112,'Modules\\Product\\Entities\\Product',115,'2021-08-28 18:21:54','2021-08-28 18:21:54'),(113,'Modules\\Product\\Entities\\Product',116,'2021-08-28 19:11:14','2021-08-28 19:11:14'),(114,'Modules\\Product\\Entities\\Product',117,'2021-08-28 19:16:25','2021-08-28 19:16:25'),(115,'Modules\\Product\\Entities\\Product',118,'2021-08-28 19:19:50','2021-08-28 19:19:50'),(116,'Modules\\Product\\Entities\\Product',119,'2021-08-28 19:22:48','2021-08-28 19:22:48'),(117,'Modules\\Product\\Entities\\Product',120,'2021-09-14 11:39:22','2021-09-14 11:39:22'),(118,'Modules\\Product\\Entities\\Product',121,'2021-09-14 11:58:23','2021-09-14 11:58:23'),(119,'Modules\\Product\\Entities\\Product',122,'2021-09-14 12:12:56','2021-09-14 12:12:56'),(120,'Modules\\Product\\Entities\\Product',123,'2021-09-14 12:28:05','2021-09-14 12:28:05'),(121,'Modules\\Product\\Entities\\Product',124,'2021-09-17 21:00:21','2021-09-17 21:00:21'),(122,'Modules\\Product\\Entities\\Product',125,'2021-09-17 21:18:26','2021-09-17 21:18:26'),(123,'Modules\\Product\\Entities\\Product',126,'2021-10-29 14:42:04','2021-10-29 14:42:04'),(124,'Modules\\Brand\\Entities\\Brand',2,'2021-10-30 23:47:45','2021-10-30 23:47:45'),(125,'Modules\\Product\\Entities\\Product',127,'2021-10-30 23:51:56','2021-10-30 23:51:56'),(126,'Modules\\Product\\Entities\\Product',128,'2021-11-18 15:58:30','2021-11-18 15:58:30'),(127,'Modules\\Product\\Entities\\Product',129,'2021-11-18 16:36:09','2021-11-18 16:36:09'),(128,'Modules\\Product\\Entities\\Product',130,'2021-11-21 21:13:02','2021-11-21 21:13:02'),(129,'Modules\\Product\\Entities\\Product',131,'2021-11-21 22:52:57','2021-11-21 22:52:57'),(130,'Modules\\Product\\Entities\\Product',132,'2021-11-24 15:55:01','2021-11-24 15:55:01'),(131,'Modules\\Product\\Entities\\Product',133,'2021-12-26 21:25:33','2021-12-26 21:25:33'),(132,'Modules\\Product\\Entities\\Product',134,'2022-01-19 22:32:21','2022-01-19 22:32:21'),(133,'Modules\\Product\\Entities\\Product',135,'2022-01-19 22:37:22','2022-01-19 22:37:22');
/*!40000 ALTER TABLE `meta_data` ENABLE KEYS */;
UNLOCK TABLES;

--
-- Table structure for table `meta_data_translations`
--

DROP TABLE IF EXISTS `meta_data_translations`;
/*!40101 SET @saved_cs_client     = @@character_set_client */;
/*!40101 SET character_set_client = utf8 */;
CREATE TABLE `meta_data_translations` (
  `id` int(10) unsigned NOT NULL AUTO_INCREMENT,
  `meta_data_id` int(10) unsigned NOT NULL,
  `locale` varchar(191) COLLATE utf8mb4_unicode_ci NOT NULL,
  `meta_title` varchar(191) COLLATE utf8mb4_unicode_ci DEFAULT NULL,
  `meta_description` text COLLATE utf8mb4_unicode_ci DEFAULT NULL,
  PRIMARY KEY (`id`),
  UNIQUE KEY `meta_data_translations_meta_data_id_locale_unique` (`meta_data_id`,`locale`),
  CONSTRAINT `meta_data_translations_meta_data_id_foreign` FOREIGN KEY (`meta_data_id`) REFERENCES `meta_data` (`id`) ON DELETE CASCADE
) ENGINE=InnoDB AUTO_INCREMENT=134 DEFAULT CHARSET=utf8mb4 COLLATE=utf8mb4_unicode_ci;
/*!40101 SET character_set_client = @saved_cs_client */;

--
-- Dumping data for table `meta_data_translations`
--

LOCK TABLES `meta_data_translations` WRITE;
/*!40000 ALTER TABLE `meta_data_translations` DISABLE KEYS */;
INSERT INTO `meta_data_translations` VALUES (1,1,'en',NULL,NULL),(2,2,'en','7.5 Inches Pizza boxes','Modern Packagers Provide the best quality of Pizza boxes regular sizes 7.5 Inches, 10 Inches, 13 Inches, and customized pizza boxes minimum order quantity is 500 pieces.'),(3,3,'en','10 Inches Pizza Boxes','Modern Packagers Provide the best quality of Pizza boxes regular sizes 7.5 Inches, 10 Inches, 13 Inches, and customized pizza boxes minimum order quantity is 500 pieces.'),(4,4,'en','13 inches Pizza Box','Modern Packagers Provide the best quality of Pizza boxes regular sizes 7.5 Inches, 10 Inches, 13 Inches, and customized pizza boxes minimum order quantity is 500 pieces.'),(5,5,'en','Burger Box','Regular Burger Box (100 piece minimum quantity)'),(6,6,'en','1 Kg Cake Box','These Cake boxes are common printed boxes made of 3 Ply Corrugated Sheet with Printed Paper over the Top'),(7,7,'en','1/2 Kg Cake Box','These Cake Boxes are common printed boxes made of 3 Ply Corrugated Sheet with Printed Paper over the Top'),(8,8,'en','2 kg Cake Box','Buy Cake and cupcakes boxes online direct from the manufacture of Bakery Packaging - Specialized in Paper Cake Box, Handle Cake Boxes and Cupcake ...'),(9,9,'en',NULL,NULL),(10,10,'en',NULL,NULL),(11,11,'en',NULL,NULL),(12,12,'en','5 Compartment Plastic black Meal Tray','Plastic black Meal Tray 5 Compartment'),(13,13,'en','4 Pc Pastry Box','4 Pc Pastry Box 330 gsm Duplex White Back'),(14,14,'en','50 ml Round container','50 ML Round Disposable Plastic Food Container'),(15,15,'en','100ml Round Container','Modern Packagers provide 100ml Round Container'),(16,16,'en',NULL,NULL),(17,17,'en','1000 ml Black Round Plastic Container with White/Transparent Lid','1000 ml Black Round Plastic Container with White/Transparent Lid'),(18,18,'en','Brown Apple Box with 4 Trays','Brown Apple Box with 4 Trays(25 minimum order) Holding Capacity 11 - 25 Kg'),(19,19,'en','Carry Bags Brown Kraft Paper','Modern paper providing Carry Bags Brown Kraft Paper.'),(20,20,'en',NULL,'#shippingbox #eccomercebox #courierbox'),(21,21,'en',NULL,'#shippingbox #eccomercebox #courierbox'),(22,22,'en','Food Trays - Heavy-Duty, Grease-Resistant, Black Paper Nacho Boats, For Hot Dogs, Corn Dogs,','Food Trays - Heavy-Duty, Grease-Resistant, Black Paper Nacho Boats, For Hot Dogs, Corn Dogs,'),(23,23,'en','French fries pouch','Modern Packagers Manufacturing and providing French fries pouch  FBB BOARD'),(24,24,'en','snack box, French fries box , hot dog box','Modern Packagers is specially designed for these box prepare snack wrapping, such as French fries, hot dog, etc.'),(25,25,'en','Strawberry Corrugated Box','Modern Packagers is a leading organization, engaged in offering an excellent quality range of Strawberry Corrugated Boxes'),(26,26,'en',NULL,NULL),(27,27,'en',NULL,NULL),(28,28,'en',NULL,NULL),(29,29,'en',NULL,NULL),(30,30,'en',NULL,NULL),(31,31,'en',NULL,NULL),(32,32,'en',NULL,NULL),(33,33,'en',NULL,'#shippingbox #eccomercebox #courierbox'),(34,34,'en',NULL,'#shippingbox #eccomercebox #courierbox'),(35,35,'en',NULL,NULL),(36,36,'en',NULL,NULL),(37,37,'en',NULL,NULL),(38,38,'en',NULL,NULL),(39,39,'en',NULL,NULL),(40,40,'en',NULL,NULL),(41,41,'en','200 ml Shake Glass Bottles','200 Ml Glass Bottle'),(42,42,'en','300 ml Glass Bottles','300 ml Hygienic Air Tight Italian Glass Bottles'),(43,43,'en','Butter Paper One Sheet Size 20x30','Modern Packagers providing butter paper it keeps food fresh and Microwave oven, Freezer and Grill safe Non-stick, grease-locking paper and Oilproof which keeps dishes and hands clean.'),(44,44,'en','Garlic Bread Box 10 Inch','10 Inch Garlic Bread Box'),(45,45,'en','Meal Box Food Packaging','Modern Packagers is a manufacturer and supplier of Restaurant meal packaging Boxes.'),(46,46,'en','Pastry Box','Pastry Boxes suppliers, manufacturers, selling in India'),(47,47,'en','2 Pc Pastry Box','2 Pc Pastry Box 330 gsm Duplex White Back'),(48,48,'en','500 ml Rectangular Container','500 ml Rectangular Container'),(49,49,'en','650 ml Rectangle  Container','650 ml Rectangle  Container food packaging'),(50,50,'en','750 ml Rectangle  Container','750 ml Rectangle  Container Size(mm): Length = 170 , Width = 115 , Height =  60'),(51,51,'en','1000 ml rectangle container','1000 ml rectangle container, Plastic rectangle container'),(52,52,'en',NULL,NULL),(53,53,'en',NULL,NULL),(54,54,'en',NULL,NULL),(55,55,'en',NULL,NULL),(56,56,'en',NULL,NULL),(57,57,'en',NULL,NULL),(58,58,'en',NULL,NULL),(59,59,'en',NULL,NULL),(60,60,'en',NULL,NULL),(61,61,'en',NULL,NULL),(62,62,'en',NULL,NULL),(63,63,'en',NULL,NULL),(64,64,'en',NULL,NULL),(65,65,'en',NULL,NULL),(66,66,'en',NULL,NULL),(67,67,'en',NULL,NULL),(68,68,'en','double decker burger box','Burger Packaging Boxes at the best price. Free Paper Box ... We supply a standard size burger box and then we have a double-decker burger box.'),(69,69,'en','Apple Box Corrugated Double Wall - 5 Ply Fruit Packaging Box','Apple Box Corrugated Double Wall - 5 Ply Fruit Packaging Boxes'),(70,70,'en','Jumbo burger box','Burger Packaging Boxes at the best price. Paper Box ... We supply a standard size burger box and then we have a Jumbo burger box.'),(71,71,'en','2 Compartments Meal tray','2 Compartments Meal tray (Size : 210x167x40)mm'),(72,72,'en','8 Compartment Tray with Lid','8 Compartment Tray with Lid size(300x235x35)mm'),(73,73,'en','2 Compartments Meal tray','2 Compartments Meal tray (Size : 210x167x40)mm'),(74,74,'en','1200 ml Disposable Plastic Food Container','1200 ml Disposable Plastic Food Container size (top=115mm X botom =65mm x height= 70mm)'),(75,75,'en','750 ml round container','750 ml Round Container'),(76,76,'en','500 ml round container','500ml Round Container is convenient, economical, disposable, recyclable, and efficient.'),(77,77,'en','HINGED BOX ROUND','32-oz-plastic-hinged-round-box'),(78,78,'en','24OZ DL HINGED BOX ROUND','HINGED BOX ROUND 24OZ DL'),(79,79,'en','6 pieces cupcake','Modern packagers offering 6 Pieces Cupcake Box'),(80,80,'en','4 pieces Cupcake','Modern Packagers - Offering Reusable Plastic 4 Cupcake Box'),(81,81,'en','500 ml rectangle hinge container','500 Ml Hinged Rectangular Container'),(82,82,'en','HINGED BOX 375 ML','375 ML Hinged Transparent Container'),(83,83,'en','Big Bar Hinge Box','Big bar Oracle Hinged Box'),(84,84,'en','250 ml Food Containers','Disposable plastic Cookies box hinged, Box Capacity: 11-20 Kg, Size: 250ml ... Plastic Disposable Rectangular Pet Hinged Container 250ml 2000ml For Food.'),(85,85,'en','600  ml Plastic Container','Transparent Plastic Box With Lid | Rectangular | 600 ML. The 600ml transparent container comes with a hinged lid. The rectangular disposable container'),(86,86,'en',NULL,NULL),(87,87,'en',NULL,NULL),(88,88,'en',NULL,NULL),(89,89,'en','Cup cake Boxes','Cupcake Boxes with Inserts 6 Holders, 9x6x3inch Large White Standard Bakery Boxes with Window Food Grade Cake Carrier Container for Muffins, Gift Treat Box Bulk, Pack of 15 Online at Low'),(90,90,'en',NULL,NULL),(91,91,'en','750 Ml Hinged Rectangular Container','750 Ml Hinged Rectangular Container attached LID for better transportation of food.'),(92,92,'en','1000 ml Hinged Box','Modern packagers provide you 1000 ml Hinged Box you can keep your food fresh for long time.'),(93,93,'en','Half Kg Window cake box','Half Kg Window cake box size 8x8x5 Inches (50 Pieces /pack)'),(94,94,'en','One Kg Window cake box','Modern Packagers Providing All types of Bakery Packaging Products.'),(95,95,'en','2000 ML Plastic Hinged Box','Morden Packagers providing 2000 Ml plastic hinged box it can be used to serve cold food and cookies items'),(96,96,'en','Small Bar henged box','Modern Packagers providing Small Bar henged box it can be used to food Packaging Containers and more....'),(97,97,'en','Carry Bag 9x2x12 Inches (500 PC PACK)','Modern Packagers are dealing with kraft paper carry bags these types of bags are used by most of the retail stores.'),(98,98,'en','Brown Kraft Paper Carry Bags 17x4x14 Inches','Modern Packagers are dealing with kraft paper carry bags these types of bags are used by most of the retail stores.'),(99,99,'en','Carry Bag 11x11x10 Inches','Modern Packagers are dealing with kraft paper carry bags these types of bags are used by most of the retail stores.'),(100,100,'en','E-commerce  Brown box Size: 9.5 X 3.5 X 3 Inches','E-commerce  Brown box Size: 9.5 X 3.5 X 3 Inches'),(101,101,'en','E-commerce  Brown box','Modern Packagers Made high-quality Corrugated boxes.'),(102,102,'en','E-commerce  Brown box','Modern Packagers Providing E-commerce  Brown box Size: 8.5 X 5.5 X2 Inches.'),(103,103,'en','E-Commerce Size: 5x3.5x1.5 Inches','#shippingbox #eccomercebox #courierbox #ecommerce'),(104,104,'en','Carry Bags Brown Kraft Paper','Modern Packagers are dealing with kraft paper carry bags these types of bags are used by most of the fast-food bakeries and retail stores.'),(105,105,'en','Carry Bag 9x7x7 Inches','Modern Packagers are dealing with kraft paper carry bags these types of bags are used by most of the fast-food bakeries and retail stores.'),(106,106,'en','White Apple Box Packaging Corrugated Box','Modern packagers providing White Apple Box Packaging Corrugated Boxes.'),(107,107,'en','Brown paper bags','Modern Packagers since 1990. Find here Paper Carry Bags, Craft Paper Carry Bags manufacturers, suppliers & exporters in India.'),(108,108,'en','Brown paper bags Kraft paper bags','Modern Packagers since 1990. Find here Paper Carry Bags, Craft Paper Carry Bags manufacturers, suppliers & exporters in India.'),(109,109,'en','Brown paper bags Kraft paper bags','Modern Packagers since 1990. Find here Paper Carry Bags, Craft Paper Carry Bags manufacturers, suppliers & exporters in India.'),(110,110,'en',NULL,NULL),(111,111,'en','Bubble Wrap Packing Material','Modern Packagers Providing an original  Bubble Wrap Cushioning keeps objects protected whether they\'re in the mail or on the move. Featuring a barrier layer that maintains consistent cushioning and long-lasting protection, this Bubble Wrap Cushioning easily conforms around your most treasured items and gifts for light-as-air cushioning. Plus it fills up empty voids when you\'re packaging boxes so your valuables stay put during mailing, shipping, moving, and storage. Ideal packaging material, packing material, packing roll, bubble roll.'),(112,112,'en','brown and white tap','Modern Packagers Providing High-Quality Packaging material tape dispensers and can be used for packing, binding, sealings, and much more.'),(113,113,'en','courier bags 10x12','Tamper Proof Plastic Polybags for Shipping/Packing'),(114,114,'en','Courier Bag Size: 12x16','Poly Bags Packing Material Courier Bag Size: 12x16 inches (one Kg)'),(115,115,'en','Poly Bags Packing Material Courier Bag','Black/white. Poly Bags Packing Material Courier Bag, 60 mic, tamper-evident proof bags. Minimum Order One Kilogram'),(116,116,'en','Poly Bags Packing Material Courier Bag','Black/white. Poly Bags Packing Material Courier Bag, 60 mic, tamper-evident proof bags. Minimum Order One Kilogram'),(117,117,'en','Pizza box Modern packagers','#Quality pizza boxes made of brown Corrugated Paperboard., Top layer of the box - Brown High Strength Kraft Paper customizable to carry customer artwork ...'),(118,118,'en','Pizza Boxes 11 Inches Modern Packagers','Pizza boxes made of brown Corrugated Paperboard., Top layer of the box - Brown High Strength Kraft Paper customizable to carry customer artwork ...'),(119,119,'en','Modern Packagers Pizza Boxes 12 Inches','Pizza boxes made of brown Corrugated Paperboard., Top layer of the box - Brown High Strength Kraft Paper customizable to carry customer artwork ...'),(120,120,'en','Pizza Box 14.5 Inches Modern Packagers','Modern packagers presented 14.5 Inches pizza boxes made of brown Corrugated Paperboard., Top layer of the box - Brown High Strength Kraft Paper customizable to carry customer artwork ...'),(121,121,'en','Burger Boxes','Burger Box.\r\nWith immense experience of the Burger king, we are manufacturing and supplying a wide range of white Kraft Paper Square Burger Box Plain and Customized Printing plane paper, Printed or Corrugated Boxes.'),(122,122,'en','350 ML Glass Jar','Transparent 350 ML Glass Jar, \r\nType:- Packaging'),(123,123,'en','Gift pack box','These boxes are the perfect size to hold T-shirts, chocolate, jewelry, presentation photos, keepsake, and bridesmaid proposal gifts such as champagne bottles, bridesmaid robes. Perfect for baby showers, bridal showers, birthday gifts, girl birthday gift gift hamper box pack'),(124,124,'en','Damati','Damati 100 ml round 200 ml round 300 ml round rectangle 500 ml 650 ml 750 1000 1200 350 250 450'),(125,125,'en',NULL,NULL),(126,126,'en','Pizza saver stools','Pizza saver stools prevent the top of a pizza box or cake box from collapsing at the centre and touching/damaging the food inside.'),(127,127,'en','Design: Gift pack Box, Box for 1 cupcake','Gift pack Paper Box Eye-catching and attractive designs High-quality paper gift box'),(128,128,'en','L Shape Window Cake Box','L Shape Window Cake Box white paper best quality food grade paper.'),(129,129,'en','White Plane Paper Brownie Box','White Plane Paper Brownie box size: 15x8x4.5 Inches'),(130,130,'en','Pink Blossom Cupcake Box','The 4pc Cupcake Box is a modern yet simple box that is used mainly for cupcakes, but can also be used for brownies, muffins, pastries , chocolates, etc.'),(131,131,'en',NULL,NULL),(132,132,'en','Jumbo box','Modern Packagers presented Jumbo cake boxes'),(133,133,'en','JUMBO CAKE BOX 12X12','MODERN PACKAGERS PRESENTED JUMBO CAKE BOXES');
/*!40000 ALTER TABLE `meta_data_translations` ENABLE KEYS */;
UNLOCK TABLES;

--
-- Table structure for table `migrations`
--

DROP TABLE IF EXISTS `migrations`;
/*!40101 SET @saved_cs_client     = @@character_set_client */;
/*!40101 SET character_set_client = utf8 */;
CREATE TABLE `migrations` (
  `id` int(10) unsigned NOT NULL AUTO_INCREMENT,
  `migration` varchar(191) COLLATE utf8mb4_unicode_ci NOT NULL,
  `batch` int(11) NOT NULL,
  PRIMARY KEY (`id`)
) ENGINE=InnoDB AUTO_INCREMENT=86 DEFAULT CHARSET=utf8mb4 COLLATE=utf8mb4_unicode_ci;
/*!40101 SET character_set_client = @saved_cs_client */;

--
-- Dumping data for table `migrations`
--

LOCK TABLES `migrations` WRITE;
/*!40000 ALTER TABLE `migrations` DISABLE KEYS */;
INSERT INTO `migrations` VALUES (1,'2014_07_02_230147_migration_cartalyst_sentinel',1),(2,'2014_10_14_200250_create_settings_table',1),(3,'2014_10_26_162751_create_files_table',1),(4,'2014_10_30_191858_create_pages_table',1),(5,'2014_11_31_125848_create_page_translations_table',1),(6,'2015_02_27_105241_create_entity_files_table',1),(7,'2015_11_20_184604486385_create_translations_table',1),(8,'2015_11_20_184604743083_create_translation_translations_table',1),(9,'2017_05_29_155126144426_create_products_table',1),(10,'2017_05_30_155126416338_create_product_translations_table',1),(11,'2017_08_02_153217_create_options_table',1),(12,'2017_08_02_153348_create_option_translations_table',1),(13,'2017_08_02_153406_create_option_values_table',1),(14,'2017_08_02_153736_create_option_value_translations_table',1),(15,'2017_08_03_156576_create_product_options_table',1),(16,'2017_08_17_170128_create_related_products_table',1),(17,'2017_08_17_175236_create_up_sell_products_table',1),(18,'2017_08_17_175828_create_cross_sell_products_table',1),(19,'2017_11_09_141332910964_create_categories_table',1),(20,'2017_11_09_141332931539_create_category_translations_table',1),(21,'2017_11_26_083614526622_create_meta_data_table',1),(22,'2017_11_26_083614526828_create_meta_data_translations_table',1),(23,'2018_01_24_125642_create_product_categories_table',1),(24,'2018_02_04_150917488267_create_coupons_table',1),(25,'2018_02_04_150917488698_create_coupon_translations_table',1),(26,'2018_03_11_181317_create_coupon_products_table',1),(27,'2018_03_15_091937_create_coupon_categories_table',1),(28,'2018_04_18_154028776225_create_reviews_table',1),(29,'2018_05_17_115822452977_create_currency_rates_table',1),(30,'2018_07_03_124153537506_create_sliders_table',1),(31,'2018_07_03_124153537695_create_slider_translations_table',1),(32,'2018_07_03_133107770172_create_slider_slides_table',1),(33,'2018_07_03_133107770486_create_slider_slide_translations_table',1),(34,'2018_07_28_190524758357_create_attribute_sets_table',1),(35,'2018_07_28_190524758497_create_attribute_set_translations_table',1),(36,'2018_07_28_190524758646_create_attributes_table',1),(37,'2018_07_28_190524758877_create_attribute_translations_table',1),(38,'2018_07_28_190524759461_create_product_attributes_table',1),(39,'2018_08_01_001919718631_create_tax_classes_table',1),(40,'2018_08_01_001919718935_create_tax_class_translations_table',1),(41,'2018_08_01_001919723551_create_tax_rates_table',1),(42,'2018_08_01_001919723781_create_tax_rate_translations_table',1),(43,'2018_08_03_195922206748_create_attribute_values_table',1),(44,'2018_08_03_195922207019_create_attribute_value_translations_table',1),(45,'2018_08_04_190524764275_create_product_attribute_values_table',1),(46,'2018_08_07_135631306565_create_orders_table',1),(47,'2018_08_07_135631309451_create_order_products_table',1),(48,'2018_08_07_135631309512_create_order_product_options_table',1),(49,'2018_08_07_135631309624_create_order_product_option_values_table',1),(50,'2018_09_11_213926106353_create_transactions_table',1),(51,'2018_09_19_081602135631_create_order_taxes_table',1),(52,'2018_09_19_103745_create_setting_translations_table',1),(53,'2018_10_01_224852175056_create_wish_lists_table',1),(54,'2018_10_04_185608_create_search_terms_table',1),(55,'2018_11_03_160015_create_menus_table',1),(56,'2018_11_03_160138_create_menu_translations_table',1),(57,'2018_11_03_160753_create_menu_items_table',1),(58,'2018_11_03_160804_create_menu_item_translation_table',1),(59,'2019_02_05_162605_add_position_to_slider_slides_table',1),(60,'2019_02_09_164343_remove_file_id_from_slider_slides_table',1),(61,'2019_02_09_164434_add_file_id_to_slider_slide_translations_table',1),(62,'2019_02_14_103408_create_attribute_categories_table',1),(63,'2019_08_09_164759_add_slug_column_to_attributes_table',1),(64,'2019_11_01_201511_add_special_price_type_column_to_products_table',1),(65,'2019_11_23_193101_add_value_column_to_order_product_options_table',1),(66,'2020_01_04_211424_add_icon_column_to_menu_items_table',1),(67,'2020_01_05_160502_add_direction_column_to_slider_slide_translations_table',1),(68,'2020_01_05_234014_add_speed_column_to_sliders_table',1),(69,'2020_01_05_235014_add_fade_column_to_sliders_table',1),(70,'2020_01_15_000346259038_create_flash_sales_table',1),(71,'2020_01_15_000346259349_create_flash_sale_translations_table',1),(72,'2020_01_23_011234_create_flash_sale_products_table',1),(73,'2020_01_30_015722_create_flash_sale_product_orders_table',1),(74,'2020_02_22_215943_delete_meta_keywords_column_from_meta_data_translations_table',1),(75,'2020_03_05_214602901973_create_brands_table',1),(76,'2020_03_05_214602902369_create_brand_translations_table',1),(77,'2020_03_06_234605_add_brand_id_column_to_products_table',1),(78,'2020_04_06_211526_add_note_column_to_orders_table',1),(79,'2020_04_28_034118164376_create_tags_table',1),(80,'2020_04_28_034118164618_create_tag_translations_table',1),(81,'2020_04_28_225657_create_product_tags_table',1),(82,'2020_05_10_041616_create_updater_scripts_table',1),(83,'2021_06_06_233417_add_mobile_to_users_table',2),(85,'2022_01_31_220330_create_onetimepasswords_table',3);
/*!40000 ALTER TABLE `migrations` ENABLE KEYS */;
UNLOCK TABLES;

--
-- Table structure for table `onetimepasswords`
--

DROP TABLE IF EXISTS `onetimepasswords`;
/*!40101 SET @saved_cs_client     = @@character_set_client */;
/*!40101 SET character_set_client = utf8 */;
CREATE TABLE `onetimepasswords` (
  `id` bigint(20) unsigned NOT NULL AUTO_INCREMENT,
  `otp` int(11) NOT NULL,
  `mobile` varchar(191) COLLATE utf8mb4_unicode_ci NOT NULL,
  `confirm` varchar(191) COLLATE utf8mb4_unicode_ci NOT NULL,
  `created_at` timestamp NULL DEFAULT NULL,
  `updated_at` timestamp NULL DEFAULT NULL,
  PRIMARY KEY (`id`),
  UNIQUE KEY `onetimepasswords_mobile_unique` (`mobile`)
) ENGINE=InnoDB AUTO_INCREMENT=68 DEFAULT CHARSET=utf8mb4 COLLATE=utf8mb4_unicode_ci;
/*!40101 SET character_set_client = @saved_cs_client */;

--
-- Dumping data for table `onetimepasswords`
--

LOCK TABLES `onetimepasswords` WRITE;
/*!40000 ALTER TABLE `onetimepasswords` DISABLE KEYS */;
INSERT INTO `onetimepasswords` VALUES (65,6150,'7008653156','1','2022-02-06 23:01:59','2022-02-06 23:02:33'),(66,1261,'7814230573','0','2022-02-06 23:03:06','2022-02-06 23:03:06'),(67,5384,'07814230573','0','2022-02-06 23:04:42','2022-02-06 23:04:42');
/*!40000 ALTER TABLE `onetimepasswords` ENABLE KEYS */;
UNLOCK TABLES;

--
-- Table structure for table `option_translations`
--

DROP TABLE IF EXISTS `option_translations`;
/*!40101 SET @saved_cs_client     = @@character_set_client */;
/*!40101 SET character_set_client = utf8 */;
CREATE TABLE `option_translations` (
  `id` int(10) unsigned NOT NULL AUTO_INCREMENT,
  `option_id` int(10) unsigned NOT NULL,
  `locale` varchar(191) COLLATE utf8mb4_unicode_ci NOT NULL,
  `name` varchar(191) COLLATE utf8mb4_unicode_ci NOT NULL,
  PRIMARY KEY (`id`),
  UNIQUE KEY `option_translations_option_id_locale_unique` (`option_id`,`locale`),
  CONSTRAINT `option_translations_option_id_foreign` FOREIGN KEY (`option_id`) REFERENCES `options` (`id`) ON DELETE CASCADE
) ENGINE=InnoDB AUTO_INCREMENT=8 DEFAULT CHARSET=utf8mb4 COLLATE=utf8mb4_unicode_ci;
/*!40101 SET character_set_client = @saved_cs_client */;

--
-- Dumping data for table `option_translations`
--

LOCK TABLES `option_translations` WRITE;
/*!40000 ALTER TABLE `option_translations` DISABLE KEYS */;
INSERT INTO `option_translations` VALUES (1,1,'en','options'),(2,2,'en','Test'),(3,3,'en','Quantity'),(4,4,'en','Different Lots'),(5,5,'en','New Option'),(6,6,'en','New Option'),(7,7,'en','Bulk_Rate');
/*!40000 ALTER TABLE `option_translations` ENABLE KEYS */;
UNLOCK TABLES;

--
-- Table structure for table `option_value_translations`
--

DROP TABLE IF EXISTS `option_value_translations`;
/*!40101 SET @saved_cs_client     = @@character_set_client */;
/*!40101 SET character_set_client = utf8 */;
CREATE TABLE `option_value_translations` (
  `id` int(10) unsigned NOT NULL AUTO_INCREMENT,
  `option_value_id` int(10) unsigned NOT NULL,
  `locale` varchar(191) COLLATE utf8mb4_unicode_ci NOT NULL,
  `label` varchar(191) COLLATE utf8mb4_unicode_ci NOT NULL,
  PRIMARY KEY (`id`),
  UNIQUE KEY `option_value_translations_option_value_id_locale_unique` (`option_value_id`,`locale`),
  CONSTRAINT `option_value_translations_option_value_id_foreign` FOREIGN KEY (`option_value_id`) REFERENCES `option_values` (`id`) ON DELETE CASCADE
) ENGINE=InnoDB AUTO_INCREMENT=23 DEFAULT CHARSET=utf8mb4 COLLATE=utf8mb4_unicode_ci;
/*!40101 SET character_set_client = @saved_cs_client */;

--
-- Dumping data for table `option_value_translations`
--

LOCK TABLES `option_value_translations` WRITE;
/*!40000 ALTER TABLE `option_value_translations` DISABLE KEYS */;
INSERT INTO `option_value_translations` VALUES (1,1,'en','test'),(10,10,'en','test2'),(12,12,'en','Test New'),(13,13,'en','Test 2 New'),(14,14,'en','Kool'),(15,15,'en','Kool 2'),(16,16,'en','upto 500'),(17,17,'en','500 to 1000'),(20,20,'en','50 pieces'),(21,21,'en','100 - 500 pieces'),(22,22,'en','More than 500 pieces');
/*!40000 ALTER TABLE `option_value_translations` ENABLE KEYS */;
UNLOCK TABLES;

--
-- Table structure for table `option_values`
--

DROP TABLE IF EXISTS `option_values`;
/*!40101 SET @saved_cs_client     = @@character_set_client */;
/*!40101 SET character_set_client = utf8 */;
CREATE TABLE `option_values` (
  `id` int(10) unsigned NOT NULL AUTO_INCREMENT,
  `option_id` int(10) unsigned NOT NULL,
  `price` decimal(18,4) unsigned DEFAULT NULL,
  `price_type` varchar(10) COLLATE utf8mb4_unicode_ci NOT NULL,
  `position` int(10) unsigned NOT NULL,
  `created_at` timestamp NULL DEFAULT NULL,
  `updated_at` timestamp NULL DEFAULT NULL,
  PRIMARY KEY (`id`),
  KEY `option_values_option_id_index` (`option_id`),
  CONSTRAINT `option_values_option_id_foreign` FOREIGN KEY (`option_id`) REFERENCES `options` (`id`) ON DELETE CASCADE
) ENGINE=InnoDB AUTO_INCREMENT=23 DEFAULT CHARSET=utf8mb4 COLLATE=utf8mb4_unicode_ci;
/*!40101 SET character_set_client = @saved_cs_client */;

--
-- Dumping data for table `option_values`
--

LOCK TABLES `option_values` WRITE;
/*!40000 ALTER TABLE `option_values` DISABLE KEYS */;
INSERT INTO `option_values` VALUES (1,1,657.0000,'percent',0,'2020-09-27 22:21:46','2020-12-06 14:08:22'),(10,1,123.0000,'fixed',1,'2020-12-06 14:57:57','2020-12-06 14:57:57'),(12,5,200.0000,'fixed',0,'2020-12-06 17:18:08','2020-12-06 17:18:08'),(13,5,300.0000,'fixed',1,'2020-12-06 17:18:08','2020-12-06 17:18:08'),(14,6,NULL,'fixed',0,'2020-12-06 17:20:13','2020-12-06 17:20:13'),(15,6,200.0000,'fixed',1,'2020-12-06 17:20:30','2020-12-06 17:20:30'),(16,4,50.0000,'fixed',0,'2021-02-21 11:42:42','2021-02-21 11:42:42'),(17,4,0.0000,'fixed',1,'2021-02-24 15:38:13','2021-02-24 15:38:13'),(20,7,500.0000,'fixed',0,'2021-08-02 18:54:12','2021-08-02 18:54:12'),(21,7,450.0000,'fixed',1,'2021-08-02 18:54:12','2021-08-02 18:54:12'),(22,7,400.0000,'fixed',2,'2021-08-02 18:54:12','2021-08-02 18:54:12');
/*!40000 ALTER TABLE `option_values` ENABLE KEYS */;
UNLOCK TABLES;

--
-- Table structure for table `options`
--

DROP TABLE IF EXISTS `options`;
/*!40101 SET @saved_cs_client     = @@character_set_client */;
/*!40101 SET character_set_client = utf8 */;
CREATE TABLE `options` (
  `id` int(10) unsigned NOT NULL AUTO_INCREMENT,
  `type` varchar(191) COLLATE utf8mb4_unicode_ci NOT NULL,
  `is_required` tinyint(1) NOT NULL,
  `is_global` tinyint(1) NOT NULL DEFAULT 1,
  `position` int(10) unsigned DEFAULT NULL,
  `deleted_at` timestamp NULL DEFAULT NULL,
  `created_at` timestamp NULL DEFAULT NULL,
  `updated_at` timestamp NULL DEFAULT NULL,
  PRIMARY KEY (`id`)
) ENGINE=InnoDB AUTO_INCREMENT=8 DEFAULT CHARSET=utf8mb4 COLLATE=utf8mb4_unicode_ci;
/*!40101 SET character_set_client = @saved_cs_client */;

--
-- Dumping data for table `options`
--

LOCK TABLES `options` WRITE;
/*!40000 ALTER TABLE `options` DISABLE KEYS */;
INSERT INTO `options` VALUES (1,'checkbox',0,1,NULL,'2021-02-25 11:52:04','2020-09-27 22:21:21','2021-02-25 11:52:04'),(2,'checkbox_custom',0,0,0,NULL,'2020-11-03 22:56:31','2020-11-28 22:45:35'),(3,'radio',0,0,0,NULL,'2020-11-28 22:28:41','2021-02-25 11:49:40'),(4,'radio',0,0,0,NULL,'2020-12-01 17:26:26','2020-12-01 17:26:26'),(5,'radio',0,1,NULL,'2020-12-06 17:19:47','2020-12-06 17:18:07','2020-12-06 17:19:47'),(6,'radio',0,1,NULL,'2021-02-25 11:52:04','2020-12-06 17:20:13','2021-02-25 11:52:04'),(7,'radio',1,1,NULL,'2021-08-02 18:59:10','2021-08-02 18:51:22','2021-08-02 18:59:10');
/*!40000 ALTER TABLE `options` ENABLE KEYS */;
UNLOCK TABLES;

--
-- Table structure for table `order_product_option_values`
--

DROP TABLE IF EXISTS `order_product_option_values`;
/*!40101 SET @saved_cs_client     = @@character_set_client */;
/*!40101 SET character_set_client = utf8 */;
CREATE TABLE `order_product_option_values` (
  `order_product_option_id` int(10) unsigned NOT NULL,
  `option_value_id` int(10) unsigned NOT NULL,
  `price` decimal(18,4) unsigned DEFAULT NULL,
  PRIMARY KEY (`order_product_option_id`,`option_value_id`),
  KEY `order_product_option_values_option_value_id_foreign` (`option_value_id`),
  CONSTRAINT `order_product_option_values_option_value_id_foreign` FOREIGN KEY (`option_value_id`) REFERENCES `option_values` (`id`) ON DELETE CASCADE,
  CONSTRAINT `order_product_option_values_order_product_option_id_foreign` FOREIGN KEY (`order_product_option_id`) REFERENCES `order_product_options` (`id`) ON DELETE CASCADE
) ENGINE=InnoDB DEFAULT CHARSET=utf8mb4 COLLATE=utf8mb4_unicode_ci;
/*!40101 SET character_set_client = @saved_cs_client */;

--
-- Dumping data for table `order_product_option_values`
--

LOCK TABLES `order_product_option_values` WRITE;
/*!40000 ALTER TABLE `order_product_option_values` DISABLE KEYS */;
/*!40000 ALTER TABLE `order_product_option_values` ENABLE KEYS */;
UNLOCK TABLES;

--
-- Table structure for table `order_product_options`
--

DROP TABLE IF EXISTS `order_product_options`;
/*!40101 SET @saved_cs_client     = @@character_set_client */;
/*!40101 SET character_set_client = utf8 */;
CREATE TABLE `order_product_options` (
  `id` int(10) unsigned NOT NULL AUTO_INCREMENT,
  `order_product_id` int(10) unsigned NOT NULL,
  `option_id` int(10) unsigned NOT NULL,
  `value` text COLLATE utf8mb4_unicode_ci DEFAULT NULL,
  PRIMARY KEY (`id`),
  UNIQUE KEY `order_product_options_order_product_id_option_id_unique` (`order_product_id`,`option_id`),
  KEY `order_product_options_option_id_foreign` (`option_id`),
  CONSTRAINT `order_product_options_option_id_foreign` FOREIGN KEY (`option_id`) REFERENCES `options` (`id`) ON DELETE CASCADE,
  CONSTRAINT `order_product_options_order_product_id_foreign` FOREIGN KEY (`order_product_id`) REFERENCES `order_products` (`id`) ON DELETE CASCADE
) ENGINE=InnoDB DEFAULT CHARSET=utf8mb4 COLLATE=utf8mb4_unicode_ci;
/*!40101 SET character_set_client = @saved_cs_client */;

--
-- Dumping data for table `order_product_options`
--

LOCK TABLES `order_product_options` WRITE;
/*!40000 ALTER TABLE `order_product_options` DISABLE KEYS */;
/*!40000 ALTER TABLE `order_product_options` ENABLE KEYS */;
UNLOCK TABLES;

--
-- Table structure for table `order_products`
--

DROP TABLE IF EXISTS `order_products`;
/*!40101 SET @saved_cs_client     = @@character_set_client */;
/*!40101 SET character_set_client = utf8 */;
CREATE TABLE `order_products` (
  `id` int(10) unsigned NOT NULL AUTO_INCREMENT,
  `order_id` int(10) unsigned NOT NULL,
  `product_id` int(10) unsigned NOT NULL,
  `unit_price` decimal(18,4) unsigned NOT NULL,
  `qty` int(11) NOT NULL,
  `line_total` decimal(18,4) unsigned NOT NULL,
  PRIMARY KEY (`id`),
  KEY `order_products_order_id_foreign` (`order_id`),
  KEY `order_products_product_id_foreign` (`product_id`),
  CONSTRAINT `order_products_order_id_foreign` FOREIGN KEY (`order_id`) REFERENCES `orders` (`id`) ON DELETE CASCADE,
  CONSTRAINT `order_products_product_id_foreign` FOREIGN KEY (`product_id`) REFERENCES `products` (`id`) ON DELETE CASCADE
) ENGINE=InnoDB AUTO_INCREMENT=136 DEFAULT CHARSET=utf8mb4 COLLATE=utf8mb4_unicode_ci;
/*!40101 SET character_set_client = @saved_cs_client */;

--
-- Dumping data for table `order_products`
--

LOCK TABLES `order_products` WRITE;
/*!40000 ALTER TABLE `order_products` DISABLE KEYS */;
INSERT INTO `order_products` VALUES (1,1,25,120.0000,1,120.0000),(2,2,25,120.0000,1,120.0000),(3,3,25,120.0000,1,120.0000),(4,4,3,200.0000,1,200.0000),(5,5,8,896.0000,1,896.0000),(6,6,8,896.0000,1,896.0000),(7,7,8,896.0000,1,896.0000),(8,8,8,896.0000,1,896.0000),(9,9,2,448.0000,1,448.0000),(10,10,46,800.0000,1,800.0000),(11,11,46,800.0000,1,800.0000),(12,12,46,800.0000,1,800.0000),(13,13,46,800.0000,1,800.0000),(14,14,46,800.0000,1,800.0000),(15,15,46,800.0000,2,1600.0000),(16,16,46,800.0000,2,1600.0000),(17,17,46,800.0000,1,800.0000),(18,18,10,756.0000,1,756.0000),(19,19,2,448.0000,1,448.0000),(20,20,42,472.0000,1,472.0000),(21,21,42,472.0000,1,472.0000),(22,22,46,800.0000,1,800.0000),(23,23,46,800.0000,1,800.0000),(24,24,46,800.0000,1,800.0000),(25,25,46,800.0000,1,800.0000),(26,26,46,800.0000,1,800.0000),(27,27,17,920.0000,1,920.0000),(28,28,41,649.0000,1,649.0000),(29,29,41,649.0000,1,649.0000),(30,30,2,500.0000,1,500.0000),(31,31,8,1008.0000,1,1008.0000),(32,32,46,800.0000,2,1600.0000),(33,32,8,1008.0000,1,1008.0000),(34,33,46,800.0000,2,1600.0000),(35,33,8,1008.0000,1,1008.0000),(36,34,46,800.0000,2,1600.0000),(37,34,8,1008.0000,1,1008.0000),(38,35,46,800.0000,2,1600.0000),(39,35,8,1008.0000,1,1008.0000),(40,36,24,625.0000,1,625.0000),(41,36,2,500.0000,1,500.0000),(42,37,3,420.0000,1,420.0000),(43,38,3,420.0000,1,420.0000),(44,39,3,420.0000,1,420.0000),(45,40,3,420.0000,1,420.0000),(46,41,3,420.0000,1,420.0000),(47,42,3,420.0000,1,420.0000),(48,43,39,780.0000,1,780.0000),(49,44,2,500.0000,1,500.0000),(50,45,2,500.0000,1,500.0000),(51,46,24,625.0000,1,625.0000),(52,47,24,625.0000,1,625.0000),(53,48,24,625.0000,1,625.0000),(54,49,2,500.0000,1,500.0000),(55,50,7,784.0000,1,784.0000),(56,50,78,999.0000,2,1998.0000),(57,51,63,750.0000,1,750.0000),(58,52,63,750.0000,1,750.0000),(59,53,63,750.0000,1,750.0000),(60,54,42,430.0000,1,430.0000),(61,55,42,430.0000,1,430.0000),(62,56,63,500.0000,1,500.0000),(63,57,63,500.0000,1,500.0000),(64,58,2,450.0000,1,450.0000),(65,59,2,450.0000,1,450.0000),(66,60,61,600.0000,1,600.0000),(67,61,87,1600.0000,1,1600.0000),(68,62,2,450.0000,1,450.0000),(69,62,4,500.0000,2,1000.0000),(70,63,73,840.0000,3,2520.0000),(71,63,72,1060.0000,2,2120.0000),(72,64,3,375.0000,4,1500.0000),(73,65,3,375.0000,4,1500.0000),(74,66,3,375.0000,4,1500.0000),(75,67,2,450.0000,3,1350.0000),(76,68,2,450.0000,3,1350.0000),(77,69,124,400.0000,1,400.0000),(78,70,124,400.0000,1,400.0000),(79,71,112,500.0000,1,500.0000),(80,71,63,500.0000,1,500.0000),(81,71,40,530.0000,1,530.0000),(82,71,110,850.0000,1,850.0000),(83,71,3,375.0000,2,750.0000),(84,72,86,1180.0000,1,1180.0000),(85,73,86,1180.0000,1,1180.0000),(86,74,86,1180.0000,1,1180.0000),(87,75,69,660.0000,2,1320.0000),(88,75,16,650.0000,2,1300.0000),(89,76,2,700.0000,1,700.0000),(90,77,71,1097.0000,2,2194.0000),(91,78,3,560.0000,2,1120.0000),(92,79,37,728.0000,1,728.0000),(93,80,71,1097.0000,1,1097.0000),(94,81,123,708.0000,1,708.0000),(95,82,2,700.0000,1,700.0000),(96,83,3,560.0000,4,2240.0000),(97,84,3,560.0000,4,2240.0000),(98,85,3,560.0000,2,1120.0000),(99,85,4,700.0000,1,700.0000),(100,86,4,700.0000,1,700.0000),(101,87,88,620.0000,1,620.0000),(102,87,73,908.0000,1,908.0000),(103,87,129,550.0000,1,550.0000),(104,88,63,600.0000,3,1800.0000),(105,88,110,1000.0000,1,1000.0000),(106,89,4,700.0000,1,700.0000),(107,90,77,554.0000,1,554.0000),(108,90,84,980.0000,1,980.0000),(109,90,73,908.0000,1,908.0000),(110,91,84,980.0000,2,1960.0000),(111,91,77,554.0000,2,1108.0000),(112,91,73,908.0000,2,1816.0000),(113,92,72,1132.0000,2,2264.0000),(114,93,4,700.0000,1,700.0000),(115,94,73,908.0000,2,1816.0000),(116,95,123,750.0000,4,3000.0000),(117,96,78,767.0000,1,767.0000),(118,96,75,590.0000,1,590.0000),(119,96,88,620.0000,1,620.0000),(120,97,3,500.0000,4,2000.0000),(121,98,2,560.0000,5,2800.0000),(122,98,3,500.0000,4,2000.0000),(123,99,91,649.0000,1,649.0000),(124,99,108,530.0000,2,1060.0000),(125,100,3,500.0000,2,1000.0000),(126,101,3,500.0000,2,1000.0000),(127,102,3,500.0000,2,1000.0000),(128,103,124,472.0000,1,472.0000),(129,104,111,700.0000,1,700.0000),(130,104,39,990.0000,1,990.0000),(131,105,2,560.0000,1,560.0000),(132,105,3,500.0000,1,500.0000),(133,106,4,708.0000,2,1416.0000),(134,107,124,472.0000,5,2360.0000),(135,108,24,500.0000,2,1000.0000);
/*!40000 ALTER TABLE `order_products` ENABLE KEYS */;
UNLOCK TABLES;

--
-- Table structure for table `order_taxes`
--

DROP TABLE IF EXISTS `order_taxes`;
/*!40101 SET @saved_cs_client     = @@character_set_client */;
/*!40101 SET character_set_client = utf8 */;
CREATE TABLE `order_taxes` (
  `order_id` int(10) unsigned NOT NULL,
  `tax_rate_id` int(10) unsigned NOT NULL,
  `amount` decimal(15,4) unsigned NOT NULL,
  PRIMARY KEY (`order_id`,`tax_rate_id`),
  KEY `order_taxes_tax_rate_id_foreign` (`tax_rate_id`),
  CONSTRAINT `order_taxes_order_id_foreign` FOREIGN KEY (`order_id`) REFERENCES `orders` (`id`) ON DELETE CASCADE,
  CONSTRAINT `order_taxes_tax_rate_id_foreign` FOREIGN KEY (`tax_rate_id`) REFERENCES `tax_rates` (`id`) ON DELETE CASCADE
) ENGINE=InnoDB DEFAULT CHARSET=utf8mb4 COLLATE=utf8mb4_unicode_ci;
/*!40101 SET character_set_client = @saved_cs_client */;

--
-- Dumping data for table `order_taxes`
--

LOCK TABLES `order_taxes` WRITE;
/*!40000 ALTER TABLE `order_taxes` DISABLE KEYS */;
INSERT INTO `order_taxes` VALUES (14,6,160.0000),(15,6,320.0000),(16,6,320.0000),(17,6,160.0000),(20,6,94.4000),(21,6,94.4000),(22,6,160.0000),(23,6,160.0000),(24,6,160.0000),(25,6,160.0000),(26,6,160.0000),(31,6,120.9600),(32,6,120.9600),(32,8,288.0000),(33,6,120.9600),(33,8,288.0000),(34,6,120.9600),(34,8,288.0000),(35,6,120.9600),(35,8,288.0000),(36,8,202.5000),(44,8,90.0000),(45,8,90.0000),(46,8,112.5000),(47,8,112.5000),(48,8,112.5000),(49,8,90.0000),(51,8,135.0000),(52,8,135.0000),(53,8,135.0000),(54,8,77.4000),(55,8,77.4000),(56,8,90.0000),(57,8,90.0000),(58,6,54.0000),(59,6,54.0000),(60,8,108.0000),(61,8,288.0000),(62,6,174.0000),(63,8,835.2000),(64,6,180.0000),(65,6,180.0000),(66,6,180.0000),(67,6,162.0000),(68,6,162.0000),(69,8,72.0000),(70,8,72.0000),(71,8,563.4000);
/*!40000 ALTER TABLE `order_taxes` ENABLE KEYS */;
UNLOCK TABLES;

--
-- Table structure for table `orders`
--

DROP TABLE IF EXISTS `orders`;
/*!40101 SET @saved_cs_client     = @@character_set_client */;
/*!40101 SET character_set_client = utf8 */;
CREATE TABLE `orders` (
  `id` int(10) unsigned NOT NULL AUTO_INCREMENT,
  `customer_id` int(11) DEFAULT NULL,
  `customer_email` varchar(191) COLLATE utf8mb4_unicode_ci NOT NULL,
  `customer_phone` varchar(191) COLLATE utf8mb4_unicode_ci DEFAULT NULL,
  `customer_first_name` varchar(191) COLLATE utf8mb4_unicode_ci NOT NULL,
  `customer_last_name` varchar(191) COLLATE utf8mb4_unicode_ci NOT NULL,
  `billing_first_name` varchar(191) COLLATE utf8mb4_unicode_ci NOT NULL,
  `billing_last_name` varchar(191) COLLATE utf8mb4_unicode_ci NOT NULL,
  `billing_address_1` varchar(191) COLLATE utf8mb4_unicode_ci NOT NULL,
  `billing_address_2` varchar(191) COLLATE utf8mb4_unicode_ci DEFAULT NULL,
  `billing_city` varchar(191) COLLATE utf8mb4_unicode_ci NOT NULL,
  `billing_state` varchar(191) COLLATE utf8mb4_unicode_ci NOT NULL,
  `billing_zip` varchar(191) COLLATE utf8mb4_unicode_ci NOT NULL,
  `billing_country` varchar(191) COLLATE utf8mb4_unicode_ci NOT NULL,
  `shipping_first_name` varchar(191) COLLATE utf8mb4_unicode_ci NOT NULL,
  `shipping_last_name` varchar(191) COLLATE utf8mb4_unicode_ci NOT NULL,
  `shipping_address_1` varchar(191) COLLATE utf8mb4_unicode_ci NOT NULL,
  `shipping_address_2` varchar(191) COLLATE utf8mb4_unicode_ci DEFAULT NULL,
  `shipping_city` varchar(191) COLLATE utf8mb4_unicode_ci NOT NULL,
  `shipping_state` varchar(191) COLLATE utf8mb4_unicode_ci NOT NULL,
  `shipping_zip` varchar(191) COLLATE utf8mb4_unicode_ci NOT NULL,
  `shipping_country` varchar(191) COLLATE utf8mb4_unicode_ci NOT NULL,
  `sub_total` decimal(18,4) unsigned NOT NULL,
  `shipping_method` varchar(191) COLLATE utf8mb4_unicode_ci NOT NULL,
  `shipping_cost` decimal(18,4) unsigned NOT NULL,
  `coupon_id` int(11) DEFAULT NULL,
  `discount` decimal(18,4) unsigned NOT NULL,
  `total` decimal(18,4) unsigned NOT NULL,
  `payment_method` varchar(191) COLLATE utf8mb4_unicode_ci NOT NULL,
  `currency` varchar(191) COLLATE utf8mb4_unicode_ci NOT NULL,
  `currency_rate` decimal(18,4) NOT NULL,
  `locale` varchar(191) COLLATE utf8mb4_unicode_ci NOT NULL,
  `status` varchar(191) COLLATE utf8mb4_unicode_ci NOT NULL,
  `note` text COLLATE utf8mb4_unicode_ci DEFAULT NULL,
  `deleted_at` timestamp NULL DEFAULT NULL,
  `created_at` timestamp NULL DEFAULT NULL,
  `updated_at` timestamp NULL DEFAULT NULL,
  PRIMARY KEY (`id`),
  KEY `orders_customer_id_index` (`customer_id`),
  KEY `orders_coupon_id_index` (`coupon_id`)
) ENGINE=InnoDB AUTO_INCREMENT=109 DEFAULT CHARSET=utf8mb4 COLLATE=utf8mb4_unicode_ci;
/*!40101 SET character_set_client = @saved_cs_client */;

--
-- Dumping data for table `orders`
--

LOCK TABLES `orders` WRITE;
/*!40000 ALTER TABLE `orders` DISABLE KEYS */;
INSERT INTO `orders` VALUES (1,NULL,'ravinderravi959@gmail.com','7814230573','Test','Account','Test','Account','sdlfjlj','ldsjfsldj','asfjlsaj','CH','140028','IN','Test','Account','sdlfjlj','ldsjfsldj','asfjlsaj','CH','140028','IN',120.0000,'flat_rate',10.0000,NULL,0.0000,130.0000,'instamojo','INR',1.0000,'en','pending_payment','This is a test payment account','2020-09-30 13:33:00','2020-09-30 13:32:59','2020-09-30 13:33:00'),(2,NULL,'ravinderravi959@gmail.com','7814230573','Test','Account','Test','Account','sdlfjlj','ldsjfsldj','asfjlsaj','CH','140028','IN','Test','Account','sdlfjlj','ldsjfsldj','asfjlsaj','CH','140028','IN',120.0000,'flat_rate',10.0000,NULL,0.0000,130.0000,'instamojo','INR',1.0000,'en','pending_payment','This is a test payment account','2020-09-30 13:33:14','2020-09-30 13:33:14','2020-09-30 13:33:14'),(3,NULL,'ravinderravi959@gmail.com','7814230573','Test','Account','Test','Account','sdlfjlj','ldsjfsldj','asfjlsaj','CH','140028','IN','Test','Account','sdlfjlj','ldsjfsldj','asfjlsaj','CH','140028','IN',120.0000,'flat_rate',10.0000,NULL,0.0000,130.0000,'instamojo','INR',1.0000,'en','pending_payment','This is a test payment account','2020-09-30 13:34:17','2020-09-30 13:34:11','2020-09-30 13:34:17'),(4,NULL,'ravinderravi959@gmail.com','7814230573','Ravin','der','Ravin','der','sdkfjlj','sdfjl','chandigarh','CH','148029','IN','Ravin','der','sdkfjlj','sdfjl','chandigarh','CH','148029','IN',200.0000,'flat_rate',10.0000,NULL,0.0000,210.0000,'instamojo','INR',1.0000,'en','pending_payment','kehrkjewhk','2020-09-30 13:35:31','2020-09-30 13:35:25','2020-09-30 13:35:31'),(5,NULL,'pran.81@gmail.com',NULL,'Pran','Roop','Pran','Roop','S-1/42 Niladri Vihar',NULL,'Bhubaneswar','OR','751021','IN','Pran','Roop','S-1/42 Niladri Vihar',NULL,'Bhubaneswar','OR','751021','IN',896.0000,'free_shipping',0.0000,NULL,0.0000,896.0000,'instamojo','INR',1.0000,'en','pending_payment',NULL,'2020-10-12 17:07:32','2020-10-12 17:07:31','2020-10-12 17:07:32'),(6,NULL,'pran.81@gmail.com',NULL,'Pran','Roop','Pran','Roop','S-1/42 Niladri Vihar',NULL,'Bhubaneswar','OR','751021','IN','Pran','Roop','S-1/42 Niladri Vihar',NULL,'Bhubaneswar','OR','751021','IN',896.0000,'free_shipping',0.0000,NULL,0.0000,896.0000,'instamojo','INR',1.0000,'en','pending_payment',NULL,'2020-10-12 17:07:38','2020-10-12 17:07:37','2020-10-12 17:07:38'),(7,NULL,'pran.81@gmail.com',NULL,'Pran','Roop','Pran','Roop','S-1/42 Niladri Vihar',NULL,'Bhubaneswar','OR','751021','IN','Pran','Roop','S-1/42 Niladri Vihar',NULL,'Bhubaneswar','OR','751021','IN',896.0000,'free_shipping',0.0000,NULL,0.0000,896.0000,'instamojo','INR',1.0000,'en','pending_payment',NULL,'2020-10-12 17:12:56','2020-10-12 17:12:56','2020-10-12 17:12:56'),(8,NULL,'pran.81@gmail.com',NULL,'Pran','Roop','Pran','Roop','S-1/42 Niladri Vihar Chandrasekharpur',NULL,'Bhubaneswar','OR','751021','IN','Pran','Roop','S-1/42 Niladri Vihar Chandrasekharpur',NULL,'Bhubaneswar','OR','751021','IN',896.0000,'free_shipping',0.0000,NULL,0.0000,896.0000,'instamojo','INR',1.0000,'en','pending_payment',NULL,NULL,'2020-10-12 17:18:59','2020-10-12 17:18:59'),(9,NULL,'ravinderravi959@gmail.com','8916363737','Dbbdbd','Dndnd','Dbbdbd','Dndnd','Dbdbbdbd',NULL,'Dndndnddn','CT','5801','IN','Dbbdbd','Dndnd','Dbdbbdbd',NULL,'Dndndnddn','CT','5801','IN',448.0000,'free_shipping',0.0000,NULL,0.0000,448.0000,'cod','INR',1.0000,'en','pending','Snnsbd',NULL,'2020-11-22 18:24:05','2020-11-22 18:24:06'),(10,NULL,'pran.81@gmail.com','9853415904','Praneet Singh','Roopra','Praneet Singh','Roopra','S-1/42 Niladri Vihar',NULL,'Chandrasekharpur','OR','751021','IN','Praneet Singh','Roopra','S-1/42 Niladri Vihar',NULL,'Chandrasekharpur','OR','751021','IN',800.0000,'delhivery',354.0000,NULL,0.0000,1154.0000,'instamojo','INR',1.0000,'en','pending_payment',NULL,NULL,'2020-11-28 04:52:31','2020-11-28 04:52:31'),(11,NULL,'pran.81@gmail.com','9853415904','Praneet Singh','Roopra','Praneet Singh','Roopra','S-1/42 Niladri Vihar',NULL,'Chandrasekharpur','OR','751021','IN','Praneet Singh','Roopra','S-1/42 Niladri Vihar',NULL,'Chandrasekharpur','OR','751021','IN',800.0000,'delhivery',354.0000,NULL,0.0000,1154.0000,'instamojo','INR',1.0000,'en','pending_payment',NULL,NULL,'2020-11-28 04:53:36','2020-11-28 04:53:36'),(12,NULL,'pran.81@gmail.com','9853415904','Praneet','Roopra','Praneet','Roopra','S-1/42 Nildari Vihar',NULL,'Bhubaneswar','OR','751021','IN','Praneet','Roopra','S-1/42 Nildari Vihar',NULL,'Bhubaneswar','OR','751021','IN',800.0000,'delhivery',354.0000,NULL,0.0000,1154.0000,'instamojo','INR',1.0000,'en','pending_payment',NULL,NULL,'2020-11-28 22:07:18','2020-11-28 22:07:18'),(13,NULL,'pran.81@gmail.com',NULL,'Praneet','Singh','Praneet','Singh','S-1/42 Niladri Vihar',NULL,'Bhubaneswar','OR','751021','IN','Praneet','Singh','S-1/42 Niladri Vihar',NULL,'Bhubaneswar','OR','751021','IN',800.0000,'delhivery',354.0000,NULL,0.0000,1154.0000,'instamojo','INR',1.0000,'en','pending_payment',NULL,NULL,'2020-11-30 17:50:19','2020-11-30 17:50:19'),(14,NULL,'dkhdaha@gmail.com','skjdfshs','Tavi','sfjl','Tavi','sfjl','sldfjl','sdlfjl','sdfsd','GJ','148029','IN','Tavi','sfjl','sldfjl','sdlfjl','sdfsd','GJ','148029','IN',800.0000,'delhivery',0.0000,NULL,0.0000,960.0000,'instamojo','INR',1.0000,'en','pending_payment',NULL,'2020-12-02 20:33:55','2020-12-02 20:33:54','2020-12-02 20:33:55'),(15,NULL,'raf@gmail.com','987376342','fsldfjl','sdfhj','fsldfjl','sdfhj','sdfjhkfs',NULL,'sdfa','HR','148029','IN','fsldfjl','sdfhj','sdfjhkfs',NULL,'sdfa','HR','148029','IN',1600.0000,'delhivery',0.0000,NULL,0.0000,1920.0000,'instamojo','INR',1.0000,'en','pending_payment',NULL,'2020-12-02 20:35:44','2020-12-02 20:35:42','2020-12-02 20:35:44'),(16,NULL,'raf@gmail.com','9873763420','fsldfjl','sdfhj','fsldfjl','sdfhj','sdfjhkfs',NULL,'sdfa','HR','148029','IN','fsldfjl','sdfhj','sdfjhkfs',NULL,'sdfa','HR','148029','IN',1600.0000,'delhivery',238.3600,NULL,0.0000,2158.3600,'instamojo','INR',1.0000,'en','pending_payment',NULL,NULL,'2020-12-02 20:35:52','2020-12-02 20:35:52'),(17,1,'excelohunt.test@gmail.com',NULL,'rAV','b','rAV','b','sfldjl','ljsfdlj','fsdf','BR','148029','IN','rAV','b','sfldjl','ljsfdlj','fsdf','BR','148029','IN',800.0000,'delhivery',238.3600,NULL,0.0000,1198.3600,'cod','INR',1.0000,'en','processing',NULL,NULL,'2020-12-06 18:12:21','2020-12-06 18:13:16'),(18,NULL,'pran.81@gmail.com','9853415904','Praneet Singh','Roopra','Praneet Singh','Roopra','S-1/42 Niladri Vihar',NULL,'Bhubaneswar','OR','751021','IN','Praneet Singh','Roopra','S-1/42 Niladri Vihar',NULL,'Bhubaneswar','OR','751021','IN',756.0000,'delhivery',619.5000,NULL,0.0000,1375.5000,'cod','INR',1.0000,'en','pending',NULL,NULL,'2020-12-19 01:20:44','2020-12-19 01:20:45'),(19,NULL,'rajdeepsingh16@gmail.com','8195000808','rajdeep','singh','rajdeep','singh','house no 25','sec 45 B','Chandigarh','CH','160047','IN','rajdeep','singh','house no 25','sec 45 B','Chandigarh','CH','160047','IN',448.0000,'delhivery',200.0200,NULL,0.0000,648.0200,'instamojo','INR',1.0000,'en','pending',NULL,NULL,'2020-12-19 18:42:04','2020-12-19 18:42:32'),(20,NULL,'test@gmail.com','7814230573','rAV','b','rAV','b','sfldjl',NULL,'cheema','PB','148029','IN','rAV','b','sfldjl',NULL,'cheema','PB','148029','IN',472.0000,'delhivery',238.3600,NULL,0.0000,804.7600,'razorpay','INR',1.0000,'en','pending_payment',NULL,NULL,'2021-01-12 19:04:51','2021-01-12 19:04:51'),(21,NULL,'rajdeepsingh16@gmail.com',NULL,'Rajdeep','Singh','Rajdeep','Singh','B-23, defence enclave, patiala road','zirakpur','zirakpur','PB','140603','IN','Rajdeep','Singh','B-23, defence enclave, patiala road','zirakpur','zirakpur','PB','140603','IN',472.0000,'delhivery',238.3600,NULL,0.0000,804.7600,'razorpay','INR',1.0000,'en','completed',NULL,NULL,'2021-01-18 14:31:03','2021-02-08 13:27:39'),(22,NULL,'pran3012.81@gmail.com','7008653156','Praneet','Roopra','Praneet','Roopra','S-1/42 Niladri Vihar','Chandrasekharpur','Bhubaneswar','OR','751021','IN','Praneet','Roopra','S-1/42 Niladri Vihar','Chandrasekharpur','Bhubaneswar','OR','751021','IN',800.0000,'delhivery',310.3400,NULL,0.0000,1270.3400,'bank_transfer','INR',1.0000,'en','pending',NULL,NULL,'2021-02-04 15:28:58','2021-02-04 15:28:59'),(23,NULL,'pran3012.81@gmail.com','7008653156','Praneet','Roopra','Praneet','Roopra','S-1/42 Niladri Vihar','Chandrasekharpur','Bhubaneswar','OR','751021','IN','Praneet','Roopra','S-1/42 Niladri Vihar','Chandrasekharpur','Bhubaneswar','OR','751021','IN',800.0000,'delhivery',310.3400,NULL,0.0000,1270.3400,'bank_transfer','INR',1.0000,'en','processing',NULL,NULL,'2021-02-04 15:35:09','2021-02-04 15:35:50'),(24,NULL,'pran3012.81@gmail.com','7008653156','Praneet','`Roopra','Praneet','`Roopra','S-1/42 Niladri Vihar','Chandrasekharpur','Bhubaneswar','OR','751021','IN','Praneet','`Roopra','S-1/42 Niladri Vihar','Chandrasekharpur','Bhubaneswar','OR','751021','IN',800.0000,'delhivery',310.3400,NULL,0.0000,1270.3400,'bank_transfer','INR',1.0000,'en','pending',NULL,NULL,'2021-02-04 16:01:29','2021-02-04 16:01:30'),(25,NULL,'pran3012.81@gmail.com','7008653156','Praneet','Roopra','Praneet','Roopra','S-1/42 Niladri Vihar',NULL,'Bhubaneswar','OR','751021','IN','Praneet','Roopra','S-1/42 Niladri Vihar',NULL,'Bhubaneswar','OR','751021','IN',800.0000,'delhivery',0.0000,NULL,0.0000,960.0000,'bank_transfer','INR',1.0000,'en','pending',NULL,NULL,'2021-02-04 17:23:55','2021-02-04 17:23:56'),(26,NULL,'pran3012.81@gmail.com','7008653156','Praneet','Roopra','Praneet','Roopra','S-1/42 Niladri Vihar',NULL,'Bhubaneswar','OR','751021','IN','Praneet','Roopra','S-1/42 Niladri Vihar',NULL,'Bhubaneswar','OR','751021','IN',800.0000,'delhivery',310.3400,NULL,0.0000,1270.3400,'bank_transfer','INR',1.0000,'en','pending',NULL,NULL,'2021-02-04 18:34:46','2021-02-04 18:34:47'),(27,NULL,'pran3012.81@gmail.com','7008653156','Praneet','Roopra','Praneet','Roopra','S-1/42 Niladri Vihar',NULL,'Bhubaneswar','OR','751021','IN','Praneet','Roopra','S-1/42 Niladri Vihar',NULL,'Bhubaneswar','OR','751021','IN',920.0000,'delhivery',310.3400,NULL,0.0000,1230.3400,'bank_transfer','INR',1.0000,'en','processing',NULL,NULL,'2021-02-04 18:39:02','2021-02-04 18:41:06'),(28,NULL,'rajdeepsingh16@gmail.com','8195000808','Rajdeep','Singh','Rajdeep','Singh','lohgarh zirakpur','village lohgarh','mohali','PB','140603','IN','Rajdeep','Singh','lohgarh zirakpur','village lohgarh','mohali','PB','140603','IN',649.0000,'delhivery',0.0000,NULL,0.0000,649.0000,'razorpay','INR',1.0000,'en','pending_payment',NULL,NULL,'2021-03-22 23:42:07','2021-03-22 23:42:07'),(29,NULL,'rajdeepsingh16@gmail.com','8195000808','Rajdeep','Singh','Rajdeep','Singh','lohgarh zirakpur','village lohgarh','mohali','PB','140603','IN','Rajdeep','Singh','lohgarh zirakpur','village lohgarh','mohali','PB','140603','IN',649.0000,'delhivery',0.0000,NULL,0.0000,649.0000,'razorpay','INR',1.0000,'en','pending_payment',NULL,NULL,'2021-03-22 23:43:10','2021-03-22 23:43:10'),(30,NULL,'rajdeepsingh16@gmail.com','08195000808','Rajdeep','Singh','Rajdeep','Singh','lohgarh zirakpur','village lohgarh','mohali','PB','140603','IN','Rajdeep','Singh','lohgarh zirakpur','village lohgarh','mohali','PB','140603','IN',500.0000,'delhivery',0.0000,NULL,0.0000,500.0000,'razorpay','INR',1.0000,'en','pending_payment',NULL,NULL,'2021-03-22 23:44:36','2021-03-22 23:44:36'),(31,NULL,'ravinderravi959@gmail.com','07814230573','Ravinder','jhjk','Ravinder','jhjk','sec 32a',NULL,'chandigarh','CH','160042','IN','Ravinder','jhjk','sec 32a',NULL,'chandigarh','CH','160042','IN',1008.0000,'delhivery',0.0000,NULL,0.0000,1128.9600,'razorpay','INR',1.0000,'en','pending_payment',NULL,NULL,'2021-04-03 12:38:12','2021-04-03 12:38:12'),(32,1,'admin@modernpackagers.com',NULL,'Rajdeep','Singh','Rajdeep','Singh','lohgarh zirakpur','village lohgarh','mohali','PB','140603','IN','Rajdeep','Singh','lohgarh zirakpur','village lohgarh','mohali','PB','140603','IN',2608.0000,'delhivery',0.0000,NULL,0.0000,3016.9600,'razorpay','INR',1.0000,'en','pending_payment',NULL,NULL,'2021-04-03 13:36:41','2021-04-03 13:36:41'),(33,1,'admin@modernpackagers.com',NULL,'Rajdeep','Singh','Rajdeep','Singh','lohgarh zirakpur','village lohgarh','mohali','PB','140603','IN','Rajdeep','Singh','lohgarh zirakpur','village lohgarh','mohali','PB','140603','IN',2608.0000,'delhivery',0.0000,NULL,0.0000,3016.9600,'razorpay','INR',1.0000,'en','pending_payment',NULL,NULL,'2021-04-03 13:37:31','2021-04-03 13:37:31'),(34,1,'admin@modernpackagers.com',NULL,'Rajdeep','Singh','Rajdeep','Singh','lohgarh zirakpur','village lohgarh','mohali','PB','140603','IN','Rajdeep','Singh','lohgarh zirakpur','village lohgarh','mohali','PB','140603','IN',2608.0000,'delhivery',0.0000,NULL,0.0000,3016.9600,'razorpay','INR',1.0000,'en','pending_payment',NULL,NULL,'2021-04-03 13:38:21','2021-04-03 13:38:21'),(35,1,'admin@modernpackagers.com',NULL,'Rajdeep','Singh','Rajdeep','Singh','lohgarh zirakpur','village lohgarh','mohali','PB','140603','IN','Rajdeep','Singh','lohgarh zirakpur','village lohgarh','mohali','PB','140603','IN',2608.0000,'delhivery',0.0000,NULL,0.0000,3016.9600,'bank_transfer','INR',1.0000,'en','canceled',NULL,NULL,'2021-04-03 13:43:36','2021-04-03 13:47:39'),(36,NULL,'rajdeepsingh16@gmail.com','08195000808','naresh','bhatty','naresh','bhatty','B23 defence encave','village lohgarh','mohali','PB','140603','IN','naresh','bhatty','B23 defence encave','village lohgarh','mohali','PB','140603','IN',1125.0000,'delhivery',338.0800,NULL,0.0000,1665.5800,'razorpay','INR',1.0000,'en','pending_payment',NULL,NULL,'2021-04-13 14:28:14','2021-04-13 14:28:14'),(37,NULL,'dav@yopmail.com','435345345','45345','140603','45345','140603','sdfsdfsdf',NULL,'sdfsdf','MH','345345','IN','45345','140603','sdfsdfsdf',NULL,'sdfsdf','MH','345345','IN',420.0000,'delhivery',0.0000,NULL,0.0000,420.0000,'razorpay','INR',1.0000,'en','pending_payment',NULL,NULL,'2021-04-21 13:08:56','2021-04-21 13:08:56'),(38,NULL,'dav@yopmail.com','435345345','45345','140603','45345','140603','sdfsdfsdf',NULL,'sdfsdf','MH','140603','IN','45345','140603','sdfsdfsdf',NULL,'sdfsdf','MH','140603','IN',420.0000,'delhivery',0.0000,NULL,0.0000,420.0000,'razorpay','INR',1.0000,'en','pending_payment',NULL,NULL,'2021-04-21 13:09:10','2021-04-21 13:09:10'),(39,NULL,'dav@yopmail.com','435345345','45345','140603','45345','140603','sdfsdfsdf',NULL,'sdfsdf','MH','892001','IN','45345','140603','sdfsdfsdf',NULL,'sdfsdf','MH','892001','IN',420.0000,'delhivery',177.0000,NULL,0.0000,597.0000,'razorpay','INR',1.0000,'en','pending_payment',NULL,NULL,'2021-04-21 13:09:21','2021-04-21 13:09:21'),(40,NULL,'dav@yopmail.com','9011212345','45345','140603','45345','140603','sdfsdfsdf',NULL,'Bangalore','KA','892001','IN','45345','140603','sdfsdfsdf',NULL,'Bangalore','KA','892001','IN',420.0000,'delhivery',177.0000,NULL,0.0000,597.0000,'razorpay','INR',1.0000,'en','pending_payment',NULL,NULL,'2021-04-21 13:09:54','2021-04-21 13:09:54'),(41,NULL,'dav@yopmail.com','9011212345','45345','140603','45345','140603','sdfsdfsdf',NULL,'Bangalore','KA','892001','IN','45345','140603','sdfsdfsdf',NULL,'Bangalore','KA','892001','IN',420.0000,'delhivery',177.0000,NULL,0.0000,597.0000,'razorpay','INR',1.0000,'en','pending_payment',NULL,NULL,'2021-04-21 13:16:42','2021-04-21 13:16:42'),(42,NULL,'dav@yopmail.com','9011212345','45345','140603','45345','140603','sdfsdfsdf',NULL,'Bangalore','KA','892001','IN','45345','140603','sdfsdfsdf',NULL,'Bangalore','KA','892001','IN',420.0000,'delhivery',177.0000,NULL,0.0000,597.0000,'razorpay','INR',1.0000,'en','pending_payment',NULL,NULL,'2021-04-21 13:17:02','2021-04-21 13:17:02'),(43,136,'rajdeepsingh16@gmail.com',NULL,'rajdeep','singh','rajdeep','singh','plot no 3136 phase2','industrial area','zirakpur','PB','140603','IN','rajdeep','singh','plot no 3136 phase2','industrial area','zirakpur','PB','140603','IN',780.0000,'delhivery',177.0000,NULL,0.0000,957.0000,'razorpay','INR',1.0000,'en','pending_payment',NULL,NULL,'2021-05-08 15:55:59','2021-05-08 15:55:59'),(44,NULL,'pran.81@gmail.com','7008653156','Praneet','Roopra','Praneet','Roopra','S-1/42 Niladri Vihar',NULL,'Bhubaneswar','OR','751021','IN','Praneet','Roopra','S-1/42 Niladri Vihar',NULL,'Bhubaneswar','OR','751021','IN',500.0000,'delhivery',407.1000,NULL,0.0000,997.1000,'bank_transfer','INR',1.0000,'en','pending',NULL,NULL,'2021-05-08 19:18:28','2021-05-08 19:18:30'),(45,136,'rajdeepsingh16@gmail.com',NULL,'Rajdeep','Singh','Rajdeep','Singh','Derabassi',NULL,'Derabassi','PB','140507','IN','Rajdeep','Singh','Derabassi',NULL,'Derabassi','PB','140507','IN',500.0000,'delhivery',200.0200,NULL,0.0000,790.0200,'razorpay','INR',1.0000,'en','pending_payment','Love',NULL,'2021-05-17 23:44:09','2021-05-17 23:44:09'),(46,NULL,'pran.81@gmail.com','7008653156','Praneet','Roopra','Praneet','Roopra','S-1/42 Niladri Vihar',NULL,'Bhubaneswar','OR','751021','IN','Praneet','Roopra','S-1/42 Niladri Vihar',NULL,'Bhubaneswar','OR','751021','IN',625.0000,'delhivery',407.1000,NULL,0.0000,1144.6000,'razorpay','INR',1.0000,'en','completed',NULL,NULL,'2021-05-18 15:18:22','2022-01-13 00:02:51'),(47,NULL,'pran.81@gmail.com','7008653156','Praneet Singh','Roopra','Praneet Singh','Roopra','S-1/42 Niladri Vihar',NULL,'Bhubaneswar','OR','751021','IN','Praneet Singh','Roopra','S-1/42 Niladri Vihar',NULL,'Bhubaneswar','OR','751021','IN',625.0000,'delhivery',407.1000,NULL,0.0000,1144.6000,'razorpay','INR',1.0000,'en','completed',NULL,NULL,'2021-05-18 15:21:22','2022-01-13 00:01:42'),(48,136,'rajdeepsingh16@gmail.com',NULL,'Rajdeep','Singh','Rajdeep','Singh','lohgarh zirakpur','village lohgarh','mohali','PB','140603','IN','Rajdeep','Singh','lohgarh zirakpur','village lohgarh','mohali','PB','140603','IN',625.0000,'delhivery',200.0200,NULL,0.0000,937.5200,'razorpay','INR',1.0000,'en','pending_payment',NULL,NULL,'2021-05-19 12:09:11','2021-05-19 12:09:11'),(49,NULL,'surinderpal0354@gmail.com','9501593063','surener','singh','surener','singh','baltana',NULL,'zirakpur','PB','140604','IN','surener','singh','baltana',NULL,'zirakpur','PB','140604','IN',500.0000,'delhivery',200.0200,NULL,0.0000,790.0200,'razorpay','INR',1.0000,'en','completed',NULL,NULL,'2021-05-21 18:29:21','2022-01-13 00:01:49'),(50,NULL,'admin@modernpackagers.com','08195000808','Rajdeep','Singh','Rajdeep','Singh','lohgarh zirakpur','village lohgarh','mohali','PB','140603','IN','Rajdeep','Singh','lohgarh zirakpur','village lohgarh','mohali','PB','140603','IN',2782.0000,'delhivery',315.0600,NULL,0.0000,3097.0600,'razorpay','INR',1.0000,'en','canceled',NULL,NULL,'2021-06-24 18:12:25','2022-01-13 00:02:40'),(51,NULL,'admin@modernpackagers.com','08195000808','Rajdeep','Singh','Rajdeep','Singh','lohgarh zirakpur','village lohgarh','mohali','PB','140603','IN','Rajdeep','Singh','lohgarh zirakpur','village lohgarh','mohali','PB','140603','IN',750.0000,'delhivery',0.0000,NULL,0.0000,885.0000,'bank_transfer','INR',1.0000,'en','canceled',NULL,NULL,'2021-06-27 16:52:15','2022-01-13 00:02:25'),(52,NULL,'admin@modernpackagers.com','08195000808','Rajdeep','Singh','Rajdeep','Singh','lohgarh zirakpur','village lohgarh','mohali','PB','140603','IN','Rajdeep','Singh','lohgarh zirakpur','village lohgarh','mohali','PB','140603','IN',750.0000,'delhivery',0.0000,NULL,0.0000,885.0000,'razorpay','INR',1.0000,'en','canceled',NULL,NULL,'2021-06-27 16:53:35','2022-01-13 00:02:14'),(53,NULL,'admin@modernpackagers.com','08195000808','Rajdeep','Singh','Rajdeep','Singh','lohgarh zirakpur','village lohgarh','mohali','PB','140603','IN','Rajdeep','Singh','lohgarh zirakpur','village lohgarh','mohali','PB','140603','IN',750.0000,'delhivery',0.0000,NULL,0.0000,885.0000,'razorpay','INR',1.0000,'en','canceled',NULL,NULL,'2021-06-27 16:54:07','2022-01-13 00:02:06'),(54,136,'rajdeepsingh16@gmail.com',NULL,'Rajdeep','Singh','Rajdeep','Singh','B-23, Defence Enclave, Patiala Road, Lohgarh, Zirakpur',NULL,'Zirakpur','PB','140603','IN','Rajdeep','Singh','B-23, Defence Enclave, Patiala Road, Lohgarh, Zirakpur',NULL,'Zirakpur','PB','140603','IN',430.0000,'delhivery',177.0000,NULL,0.0000,684.4000,'razorpay','INR',1.0000,'en','canceled',NULL,NULL,'2021-07-07 18:09:24','2022-01-13 00:01:29'),(55,136,'rajdeepsingh16@gmail.com',NULL,'Rajdeep','Singh','Rajdeep','Singh','lohgarh zirakpur','village lohgarh','mohali','PB','140603','IN','Rajdeep','Singh','lohgarh zirakpur','village lohgarh','mohali','PB','140603','IN',430.0000,'delhivery',177.0000,NULL,0.0000,684.4000,'razorpay','INR',1.0000,'en','completed',NULL,NULL,'2021-07-07 18:31:22','2021-07-08 12:17:26'),(56,NULL,'taranpreet0603@gmail.com',NULL,'Rajdeep','Singh','Rajdeep','Singh','B-23, defence enclave, Patiala road, Zirakpur',NULL,'Zirakpur','PB','140603','IN','Rajdeep','Singh','B-23, defence enclave, Patiala road, Zirakpur',NULL,'Zirakpur','PB','140603','IN',500.0000,'delhivery',177.0000,NULL,0.0000,767.0000,'razorpay','INR',1.0000,'en','completed',NULL,NULL,'2021-07-09 23:20:05','2022-01-13 00:01:19'),(57,NULL,'admin@modernpackagers.com',NULL,'Rajdeep','Singh','Rajdeep','Singh','B-23','DEFENCE ENCLAVE','ZIRAKPUR','PB','140603','IN','Rajdeep','Singh','B-23','DEFENCE ENCLAVE','ZIRAKPUR','PB','140603','IN',500.0000,'delhivery',0.0000,NULL,0.0000,590.0000,'razorpay','INR',1.0000,'en','canceled',NULL,NULL,'2021-07-15 11:23:48','2022-01-13 00:01:14'),(58,170,'modern.packagers3136@gmail.com',NULL,'Rajdeep','Singh','Rajdeep','Singh','lohgarh zirakpur','village lohgarh','mohali','PB','140603','IN','Rajdeep','Singh','lohgarh zirakpur','village lohgarh','mohali','PB','140603','IN',450.0000,'delhivery',200.0200,NULL,0.0000,704.0200,'razorpay','INR',1.0000,'en','canceled',NULL,NULL,'2021-07-16 11:40:06','2022-01-13 00:01:07'),(59,178,'pran.81@gmail.com',NULL,'Praneet','Roopra','Praneet','Roopra','S-1/42',NULL,'Bhubaneswar','OR','751021','IN','Praneet','Roopra','S-1/42',NULL,'Bhubaneswar','OR','751021','IN',450.0000,'delhivery',407.1000,NULL,0.0000,911.1000,'bank_transfer','INR',1.0000,'en','completed',NULL,NULL,'2021-07-21 14:23:20','2022-01-13 00:00:56'),(60,NULL,'pran3012@gmail.com','9853415904','Pran','Roopra','Pran','Roopra','S-1/41',NULL,'Bbsr','OR','751021','IN','Pran','Roopra','S-1/41',NULL,'Bbsr','OR','751021','IN',600.0000,'delhivery',354.0000,NULL,0.0000,1062.0000,'bank_transfer','INR',1.0000,'en','completed',NULL,NULL,'2021-07-21 14:40:55','2022-01-13 00:00:38'),(61,178,'pran.81@gmail.com','+917008653156','Praneet','Roopra','Praneet','Roopra','S-1/42',NULL,'Bbsr','OR','751021','IN','Praneet','Roopra','S-1/42',NULL,'Bbsr','OR','751021','IN',1600.0000,'delhivery',407.1000,NULL,0.0000,2295.1000,'bank_transfer','INR',1.0000,'en','completed',NULL,NULL,'2021-07-21 14:42:44','2021-07-29 18:37:48'),(62,179,'kanishk1@icloud.com',NULL,'kanishk','thakur','kanishk','thakur','40 sewak ashram road','near vaish nusuring home','dehradun','UK','248001','IN','kanishk','thakur','40 sewak ashram road','near vaish nusuring home','dehradun','UK','248001','IN',1450.0000,'delhivery',493.2400,NULL,0.0000,2117.2400,'razorpay','INR',1.0000,'en','completed',NULL,NULL,'2021-07-24 13:17:21','2021-07-27 22:00:06'),(63,180,'sales@gp-foods.com','+919810343104','Neha','Chopra','Neha','Chopra','No. 2917, Sector 23',NULL,'Gurgaon','HR','122017','IN','Neha','Chopra','No. 2917, Sector 23',NULL,'Gurgaon','HR','122017','IN',4640.0000,'delhivery',270.2200,1,464.0000,5281.4200,'razorpay','INR',1.0000,'en','completed','Please issue GST Invoice as per GST Certificate shared with Ms. Arti Singla',NULL,'2021-07-28 15:23:36','2021-08-02 23:46:39'),(64,NULL,'m.waraich@yahoo.in','+91 99888 33320','Mubarak','Singh','Mubarak','Singh','Wild & Wood Cafe, Bal Schander','Airport Road, Near Radisson Blu Hotel','Amritsar','PB','143101','IN','Mubarak','Singh','Wild & Wood Cafe, Bal Schander','Airport Road, Near Radisson Blu Hotel','Amritsar','PB','143101','IN',1500.0000,'delhivery',238.3600,NULL,0.0000,1918.3600,'razorpay','INR',1.0000,'en','completed',NULL,NULL,'2021-08-25 21:09:31','2022-01-13 00:00:15'),(65,NULL,'m.waraich@yahoo.in','+91 99888 33320','Mubarak','Singh','Mubarak','Singh','Wild & Wood Cafe, Bal Schander','Airport Road, Near Radisson Blu Hotel','Amritsar','PB','143101','IN','Mubarak','Singh','Wild & Wood Cafe, Bal Schander','Airport Road, Near Radisson Blu Hotel','Amritsar','PB','143101','IN',1500.0000,'delhivery',238.3600,NULL,0.0000,1918.3600,'razorpay','INR',1.0000,'en','pending',NULL,'2021-08-25 21:18:51','2021-08-25 21:16:31','2021-08-25 21:18:51'),(66,NULL,'m.waraich@yahoo.in','+91 99888 33320','Mubarak','Singh','Mubarak','Singh','Wild & Wood Cafe, Bal Schander','Airport Road, Near Radisson Blu Hotel','Amritsar','PB','143101','IN','Mubarak','Singh','Wild & Wood Cafe, Bal Schander','Airport Road, Near Radisson Blu Hotel','Amritsar','PB','143101','IN',1500.0000,'delhivery',238.3600,NULL,0.0000,1918.3600,'razorpay','INR',1.0000,'en','completed',NULL,NULL,'2021-08-25 21:20:25','2021-08-27 23:35:39'),(67,NULL,'pran.81@gmail.com',NULL,'Praneet','Roopra','Praneet','Roopra','S-1/42 Niladri Vihar',NULL,'Bhubaneswar','OR','751021','IN','Praneet','Roopra','S-1/42 Niladri Vihar',NULL,'Bhubaneswar','OR','751021','IN',1350.0000,'delhivery',407.1000,NULL,0.0000,1919.1000,'razorpay','INR',1.0000,'en','completed',NULL,NULL,'2021-09-05 21:16:22','2022-01-13 00:00:02'),(68,NULL,'pran.81@gmail.com',NULL,'Praneet','Roopra','Praneet','Roopra','S-1/42 Niladri Vihar',NULL,'Bhubaneswar','OR','751021','IN','Praneet','Roopra','S-1/42 Niladri Vihar',NULL,'Bhubaneswar','OR','751021','IN',1350.0000,'delhivery',991.2000,NULL,0.0000,2503.2000,'razorpay','INR',1.0000,'en','completed',NULL,NULL,'2021-09-06 19:56:55','2022-01-12 23:59:55'),(69,NULL,'admin@modernpackagers.com','08195000808','Rajdeep','Singh','Rajdeep','Singh','lohgarh zirakpur','village lohgarh','mohali','PB','140603','IN','Rajdeep','Singh','lohgarh zirakpur','village lohgarh','mohali','PB','140603','IN',400.0000,'delhivery',177.0000,NULL,0.0000,649.0000,'razorpay','INR',1.0000,'en','canceled',NULL,NULL,'2021-09-30 23:47:10','2022-01-12 23:59:44'),(70,NULL,'admin@modernpackagers.com','08195000808','Rajdeep','Singh','Rajdeep','Singh','lohgarh zirakpur','village lohgarh','mohali','PB','140603','IN','Rajdeep','Singh','lohgarh zirakpur','village lohgarh','mohali','PB','140603','IN',400.0000,'delhivery',177.0000,NULL,0.0000,649.0000,'bank_transfer','INR',1.0000,'en','canceled',NULL,NULL,'2021-09-30 23:47:40','2022-01-12 23:59:29'),(71,186,'wildnwoodcafe@gmail.com',NULL,'HG','Foods','HG','Foods','Wild & Wood Cafe, Village Schander, Airport Road','Near Radisson Blu Hotel','Amritsar','PB','143101','IN','HG','Foods','Wild & Wood Cafe, Village Schander, Airport Road','Near Radisson Blu Hotel','Amritsar','PB','143101','IN',3130.0000,'delhivery',238.3600,NULL,0.0000,3931.7600,'bank_transfer','INR',1.0000,'en','completed',NULL,NULL,'2021-10-27 23:10:05','2021-11-13 15:48:48'),(72,177,'admin@modernpackagers.com',NULL,'sdf','sdf','sdf','sdf','4353gdvc fhg',NULL,'mizoram','ML','793021','IN','sdf','sdf','4353gdvc fhg',NULL,'mizoram','ML','793021','IN',1180.0000,'delhivery',0.0000,NULL,0.0000,1180.0000,'razorpay','INR',1.0000,'en','canceled',NULL,NULL,'2021-11-13 15:51:55','2022-01-12 23:59:20'),(73,177,'admin@modernpackagers.com',NULL,'sdf','sdf','sdf','sdf','4353gdvc fhg',NULL,'mizoram','ML','793021','IN','sdf','sdf','4353gdvc fhg',NULL,'mizoram','ML','793021','IN',1180.0000,'delhivery',0.0000,NULL,0.0000,1180.0000,'razorpay','INR',1.0000,'en','canceled',NULL,NULL,'2021-11-13 15:52:08','2022-01-12 23:59:09'),(74,177,'admin@modernpackagers.com',NULL,'sdf','sdf','sdf','sdf','4353gdvc fhg',NULL,'mizoram','ML','793021','IN','sdf','sdf','4353gdvc fhg',NULL,'mizoram','ML','793021','IN',1180.0000,'delhivery',0.0000,NULL,0.0000,1180.0000,'razorpay','INR',1.0000,'en','canceled',NULL,NULL,'2021-11-13 15:52:25','2022-01-12 23:58:50'),(75,177,'admin@modernpackagers.com',NULL,'kamal','gaangta','kamal','gaangta','house no. 7, kant niwas, new flower, dale, chota shimla',NULL,'shimla','HP','171002','IN','kamal','gaangta','house no. 7, kant niwas, new flower, dale, chota shimla',NULL,'shimla','HP','171002','IN',2620.0000,'delhivery',381.1400,NULL,0.0000,3001.1400,'razorpay','INR',1.0000,'en','canceled',NULL,NULL,'2021-11-15 15:57:32','2021-12-22 10:55:30'),(76,NULL,'excelohunt.test@gmail.com',NULL,'Pt','us','Pt','us','some address',NULL,'bhubaneswar','OR','751021','IN','Pt','us','some address',NULL,'bhubaneswar','OR','751021','IN',700.0000,'delhivery',354.0000,NULL,0.0000,1054.0000,'cod','INR',1.0000,'en','completed',NULL,NULL,'2021-12-05 14:35:45','2021-12-22 10:55:06'),(77,NULL,'Shariqik69@gmail.com','98972 49293','Shariq','Khan','Shariq','Khan','Rainbow baker Civil lines',NULL,'Rampur','UP','244901','IN','Shariq','Khan','Rainbow baker Civil lines',NULL,'Rampur','UP','244901','IN',2194.0000,'delhivery',238.3600,NULL,0.0000,2432.3600,'cod','INR',1.0000,'en','canceled',NULL,NULL,'2021-12-07 16:44:00','2021-12-22 10:54:57'),(78,NULL,'seasonsdinein@gmail.com','8464847959','kumar','kumar','kumar','kumar','225/3A, Nookampalyam Main Road, Perumbakkam, Chennai - 600100',NULL,'Chennai','TN','600100','IN','kumar','kumar','225/3A, Nookampalyam Main Road, Perumbakkam, Chennai - 600100',NULL,'Chennai','TN','600100','IN',1120.0000,'delhivery',354.0000,NULL,0.0000,1474.0000,'razorpay','INR',1.0000,'en','completed',NULL,NULL,'2021-12-12 12:55:16','2021-12-22 10:49:37'),(79,198,'Shariqik69@gmail.com',NULL,'Shariq','Khan','Shariq','Khan','Rainbow baker Civil lines',NULL,'Rampur','UP','244901','IN','Shariq','Khan','Rainbow baker Civil lines',NULL,'Rampur','UP','244901','IN',728.0000,'delhivery',238.3600,NULL,0.0000,966.3600,'cod','INR',1.0000,'en','completed',NULL,NULL,'2021-12-12 13:21:09','2021-12-22 10:54:48'),(80,198,'Shariqik69@gmail.com',NULL,'Shariq','Khan','Shariq','Khan','Rainbow baker Civil lines',NULL,'Rampur','UP','244901','IN','Shariq','Khan','Rainbow baker Civil lines',NULL,'Rampur','UP','244901','IN',1097.0000,'delhivery',238.3600,NULL,0.0000,1335.3600,'cod','INR',1.0000,'en','completed',NULL,NULL,'2021-12-12 13:23:32','2021-12-22 10:53:44'),(81,177,'admin@modernpackagers.com',NULL,'Rajdeep','Singh','Rajdeep','Singh','lohgarh zirakpur','village lohgarh','mohali','PB','140603','IN','Rajdeep','Singh','lohgarh zirakpur','village lohgarh','mohali','PB','140603','IN',708.0000,'delhivery',177.0000,NULL,0.0000,885.0000,'cod','INR',1.0000,'en','canceled',NULL,NULL,'2021-12-12 13:45:47','2021-12-22 10:48:40'),(82,177,'admin@modernpackagers.com',NULL,'Rajdeep','Singh','Rajdeep','Singh','lohgarh zirakpur','village lohgarh','mohali','PB','140603','IN','Rajdeep','Singh','lohgarh zirakpur','village lohgarh','mohali','PB','140603','IN',700.0000,'delhivery',177.0000,NULL,0.0000,877.0000,'razorpay','INR',1.0000,'en','canceled',NULL,NULL,'2021-12-12 22:24:04','2021-12-22 10:49:28'),(83,NULL,'m.waraich@yahoo.in','9988833320','Mubarak','Singh','Mubarak','Singh','Wild & Wood Cafe, Village Schander','Airport Road','Amritsar','PB','143101','IN','Mubarak','Singh','Wild & Wood Cafe, Village Schander','Airport Road','Amritsar','PB','143101','IN',2240.0000,'delhivery',238.3600,NULL,0.0000,2478.3600,'cod','INR',1.0000,'en','completed',NULL,NULL,'2021-12-21 20:37:58','2022-01-12 23:28:06'),(84,NULL,'m.waraich@yahoo.in','9988833320','Mubarak','Singh','Mubarak','Singh','Wild & Wood Cafe, Village Schander','Airport Road','Amritsar','PB','143101','IN','Mubarak','Singh','Wild & Wood Cafe, Village Schander','Airport Road','Amritsar','PB','143101','IN',2240.0000,'delhivery',238.3600,NULL,0.0000,2478.3600,'cod','INR',1.0000,'en','pending',NULL,'2021-12-21 20:37:59','2021-12-21 20:37:58','2021-12-21 20:37:59'),(85,NULL,'Adarshtru@gmail.com','9995598383','Adarsh','Ravindran','Adarsh','Ravindran','Kacherivalap Le cafe','Main Road','Irinjalakuda','KL','680121','IN','Adarsh','Ravindran','Kacherivalap Le cafe','Main Road','Irinjalakuda','KL','680121','IN',1820.0000,'delhivery',354.0000,NULL,0.0000,2174.0000,'cod','INR',1.0000,'en','pending',NULL,NULL,'2022-01-07 05:17:22','2022-01-07 05:17:23'),(86,NULL,'govind.somgroup@gmail.com','9770245214','GOVIND SINGH','PONGLIA','GOVIND SINGH','PONGLIA','B 502, Aishwarya Lakeview Apartment,','6th F Cross Kaggadaspura, CV Raman Nagar,','Bengaluru','KA','560093','IN','GOVIND SINGH','PONGLIA','B 502, Aishwarya Lakeview Apartment,','6th F Cross Kaggadaspura, CV Raman Nagar,','Bengaluru','KA','560093','IN',700.0000,'delhivery',354.0000,NULL,0.0000,1054.0000,'bank_transfer','INR',1.0000,'en','completed','Needed BLANK (without print) boxes',NULL,'2022-01-10 17:58:36','2022-01-12 23:27:18'),(87,214,'Bbharanibaskar95@gmail.com',NULL,'Bharani','Baskar','Bharani','Baskar','No 274 ,nethaji main road, phase 3','Sathuvachari, vallalar','Vellore','TN','632009','IN','Bharani','Baskar','No 274 ,nethaji main road, phase 3','Sathuvachari, vallalar','Vellore','TN','632009','IN',2078.0000,'delhivery',354.0000,NULL,0.0000,2432.0000,'cod','INR',1.0000,'en','completed',NULL,NULL,'2022-01-11 16:52:50','2022-01-20 22:25:14'),(88,182,'m.waraich@yahoo.in','+919988833320','Mubarak','Singh','Mubarak','Singh','Wild & Wood Cafe, Airport Road','Village Schander','Amritsar','PB','143101','IN','Mubarak','Singh','Wild & Wood Cafe, Airport Road','Village Schander','Amritsar','PB','143101','IN',2800.0000,'delhivery',238.3600,NULL,0.0000,3038.3600,'cod','INR',1.0000,'en','completed',NULL,NULL,'2022-01-16 12:10:05','2022-01-20 22:25:23'),(89,215,'Zakvankhan7862@gmail.com',NULL,'Zakvan','Khan','Zakvan','Khan','Food king opp hotelbluediamond surat rd bardoli dis-surat',NULL,'Bardoli','GJ','394601','IN','Zakvan','Khan','Food king opp hotelbluediamond surat rd bardoli dis-surat',NULL,'Bardoli','GJ','394601','IN',700.0000,'delhivery',336.3000,NULL,0.0000,1036.3000,'cod','INR',1.0000,'en','canceled',NULL,NULL,'2022-01-28 00:20:42','2022-03-16 07:25:50'),(90,216,'mailtogokarajudivya@gmail.com',NULL,'Gokaraju','Divya','Gokaraju','Divya','Lotus ornette,flat.no.503,ASR Nagar',NULL,'Bhimavaram','AP','534202','IN','Gokaraju','Divya','Lotus ornette,flat.no.503,ASR Nagar',NULL,'Bhimavaram','AP','534202','IN',2442.0000,'delhivery',0.0000,NULL,0.0000,2442.0000,'cod','INR',1.0000,'en','canceled',NULL,NULL,'2022-01-28 13:44:24','2022-03-16 07:25:37'),(91,NULL,'rajdeepsingh16@gmail.com',NULL,'asd','sad','asd','sad','asdn rdfg',NULL,'uyogihuds','AP','534202','IN','asd','sad','asdn rdfg',NULL,'uyogihuds','AP','534202','IN',4884.0000,'delhivery',0.0000,NULL,0.0000,4884.0000,'razorpay','INR',1.0000,'en','canceled',NULL,NULL,'2022-01-29 17:52:30','2022-02-18 10:46:53'),(92,NULL,'mailtogokarajudivya@gmail.com','9394499989','Gokaraju','Divya','Gokaraju','Divya','Lotus ornette,flat.no.503,ASR Nagar',NULL,'Bhimavaram','AP','534202','IN','Gokaraju','Divya','Lotus ornette,flat.no.503,ASR Nagar',NULL,'Bhimavaram','AP','534202','IN',2264.0000,'delhivery',0.0000,NULL,0.0000,2264.0000,'razorpay','INR',1.0000,'en','completed',NULL,NULL,'2022-01-30 13:24:43','2022-02-19 13:05:24'),(93,NULL,'etailventures@gmail.com','9990951000','Raj','Ramrakhiani','Raj','Ramrakhiani','2826, Virendra Palace, DLF Phase IV,','Chakarpur','Gurugram','HR','122002','IN','Raj','Ramrakhiani','2826, Virendra Palace, DLF Phase IV,','Chakarpur','Gurugram','HR','122002','IN',700.0000,'delhivery',238.3600,NULL,0.0000,938.3600,'cod','INR',1.0000,'en','canceled','Deliver to EatStreetPizza',NULL,'2022-01-31 13:15:18','2022-02-18 10:48:06'),(94,216,'mailtogokarajudivya@gmail.com',NULL,'Gokaraju','Divya','Gokaraju','Divya','Lotus ornette,flat no 502,ASR nagar',NULL,'Bhimavaram','AP','534202','IN','Gokaraju','Divya','Lotus ornette,flat no 502,ASR nagar',NULL,'Bhimavaram','AP','534202','IN',1816.0000,'delhivery',0.0000,NULL,0.0000,1816.0000,'razorpay','INR',1.0000,'en','completed',NULL,NULL,'2022-02-01 14:46:43','2022-02-19 13:05:16'),(95,NULL,'g11@gmail.com','04455445544','FF','DD','FF','DD','44- 46- AGG','HYDERABAD','HYDERABAD','TS','500001','IN','FF','DD','44- 46- AGG','HYDERABAD','HYDERABAD','TS','500001','IN',3000.0000,'delhivery',177.0000,NULL,0.0000,3177.0000,'cod','INR',1.0000,'en','canceled',NULL,NULL,'2022-02-10 19:05:42','2022-02-19 13:05:58'),(96,NULL,'mailtogokarajudivya@gmail.com','9394499989','Gokaraju','Divya','Gokaraju','Divya','Lotus ornette,flat.no.503,ASR Nagar',NULL,'Bhimavaram','AP','534202','IN','Gokaraju','Divya','Lotus ornette,flat.no.503,ASR Nagar',NULL,'Bhimavaram','AP','534202','IN',1977.0000,'delhivery',354.0000,NULL,0.0000,2331.0000,'razorpay','INR',1.0000,'en','pending_payment',NULL,NULL,'2022-03-01 14:54:43','2022-03-01 14:54:43'),(97,NULL,'m.waraich@yahoo.in','8699533320','Anmol','Singh','Anmol','Singh','Wild & Wood Cafe, Village Schander, Airport Road',NULL,'Amritsar','PB','143101','IN','Anmol','Singh','Wild & Wood Cafe, Village Schander, Airport Road',NULL,'Amritsar','PB','143101','IN',2000.0000,'delhivery',238.3600,NULL,0.0000,2238.3600,'cod','INR',1.0000,'en','completed',NULL,NULL,'2022-03-05 13:50:33','2022-03-09 23:11:54'),(98,218,'anandhi.t@macheese.in',NULL,'Thiru','V','Thiru','V','ma Cheese, #1463G, Girivalam Road','Next to Tea Time and JKR Car Decors, Vengikkala','Tiruvannamalai','TN','606604','IN','Thiru','V','ma Cheese, #1463G, Girivalam Road','Next to Tea Time and JKR Car Decors, Vengikkala','Tiruvannamalai','TN','606604','IN',4800.0000,'delhivery',566.4000,NULL,0.0000,5366.4000,'cod','INR',1.0000,'en','pending','Kindly take care of Consignment Package.',NULL,'2022-03-08 11:28:35','2022-03-08 11:28:36'),(99,218,'anandhi.t@macheese.in',NULL,'Thiru','V','Thiru','V','ma Cheese, #1463G, Girivalam Road','Next to Tea Time and JKR Car Decors, Vengikkala','Tiruvannamalai','TN','606604','IN','Thiru','V','ma Cheese, #1463G, Girivalam Road','Next to Tea Time and JKR Car Decors, Vengikkala','Tiruvannamalai','TN','606604','IN',1709.0000,'delhivery',354.0000,NULL,0.0000,2063.0000,'cod','INR',1.0000,'en','pending',NULL,NULL,'2022-03-08 12:07:24','2022-03-09 23:11:04'),(100,NULL,'arupsarania449@gmail.com','7086594231','arup','sarania','arup','sarania','PLOT NO 45/46 , R.G BARUAH ROAD ZOO ROAD TINALI, NEXT TO AMB','ZOO ROAD','GUWAHATI','AS','781024','IN','arup','sarania','PLOT NO 45/46 , R.G BARUAH ROAD ZOO ROAD TINALI, NEXT TO AMB','ZOO ROAD','GUWAHATI','AS','781024','IN',1000.0000,'delhivery',381.1400,NULL,0.0000,1381.1400,'cod','INR',1.0000,'en','canceled',NULL,NULL,'2022-03-08 20:07:37','2022-03-16 07:25:20'),(101,NULL,'arupsarania449@gmail.com','7086594231','arup','sarania','arup','sarania','PLOT NO 45/46 , R.G BARUAH ROAD ZOO ROAD TINALI, NEXT TO AMB','ZOO ROAD','GUWAHATI','AS','781024','IN','arup','sarania','PLOT NO 45/46 , R.G BARUAH ROAD ZOO ROAD TINALI, NEXT TO AMB','ZOO ROAD','GUWAHATI','AS','781024','IN',1000.0000,'delhivery',381.1400,NULL,0.0000,1381.1400,'cod','INR',1.0000,'en','completed',NULL,NULL,'2022-03-08 20:07:38','2022-03-16 07:20:08'),(102,NULL,'arupsarania449@gmail.com','7086594231','arup','sarania','arup','sarania','PLOT NO 45/46 , R.G BARUAH ROAD ZOO ROAD TINALI, NEXT TO AMB','ZOO ROAD','GUWAHATI','AS','781024','IN','arup','sarania','PLOT NO 45/46 , R.G BARUAH ROAD ZOO ROAD TINALI, NEXT TO AMB','ZOO ROAD','GUWAHATI','AS','781024','IN',1000.0000,'delhivery',381.1400,NULL,0.0000,1381.1400,'cod','INR',1.0000,'en','canceled',NULL,NULL,'2022-03-08 20:07:38','2022-03-16 07:25:14'),(103,NULL,'arupsarania449@gmail.com','7086594231','arup','sarania','arup','sarania','PLOT NO 45/46 , R.G BARUAH ROAD ZOO ROAD TINALI, NEXT TO AMB','ZOO ROAD','GUWAHATI','AS','781024','IN','arup','sarania','PLOT NO 45/46 , R.G BARUAH ROAD ZOO ROAD TINALI, NEXT TO AMB','ZOO ROAD','GUWAHATI','AS','781024','IN',472.0000,'delhivery',381.1400,NULL,0.0000,853.1400,'cod','INR',1.0000,'en','completed','burger packing box',NULL,'2022-03-09 12:52:07','2022-03-16 07:20:00'),(104,NULL,'manishkumarchd@gmail.com','9876543210','Manish','Kumar','Manish','Kumar','Delhi','Delhi','Delhi','DL','110092','IN','Manish','Kumar','Delhi','Delhi','Delhi','DL','110092','IN',1690.0000,'delhivery',238.3600,NULL,0.0000,1928.3600,'razorpay','INR',1.0000,'en','canceled','want to purchase',NULL,'2022-03-12 15:50:02','2022-03-17 23:40:50'),(105,NULL,'photographer.daniel16@gmail.com','08667024299','albert','daniel','albert','daniel','LEDA CAFE, OLD LIG COLONY STREET','KK NAGAR','MADURAI','TN','625020','IN','albert','daniel','LEDA CAFE, OLD LIG COLONY STREET','KK NAGAR','MADURAI','TN','625020','IN',1060.0000,'delhivery',354.0000,NULL,0.0000,1414.0000,'cod','INR',1.0000,'en','completed',NULL,NULL,'2022-03-14 21:52:46','2022-03-17 23:40:44'),(106,NULL,'arupsarania449@gmail.com','7086594231','arup','sarania','arup','sarania','PLOT NO 45/46 , R.G BARUAH ROAD ZOO ROAD TINALI, NEXT TO AMB','ZOO ROAD','GUWAHATI','AS','781024','IN','arup','sarania','PLOT NO 45/46 , R.G BARUAH ROAD ZOO ROAD TINALI, NEXT TO AMB','ZOO ROAD','GUWAHATI','AS','781024','IN',1416.0000,'delhivery',381.1400,NULL,0.0000,1797.1400,'cod','INR',1.0000,'en','pending',NULL,NULL,'2022-03-21 15:15:14','2022-03-21 15:15:15'),(107,220,'bartenderprashant001@gmail.com',NULL,'Prashant','Sharma','Prashant','Sharma','Ozone glariya mall','Big bazaar food factory 4 th floor saraidela','Dhanbad','JH','828127','IN','Prashant','Sharma','Ozone glariya mall','Big bazaar food factory 4 th floor saraidela','Dhanbad','JH','828127','IN',2360.0000,'delhivery',354.0000,NULL,0.0000,2714.0000,'cod','INR',1.0000,'en','pending',NULL,NULL,'2022-03-21 23:47:46','2022-03-21 23:47:47'),(108,221,'divyanshgarg1998@gmail.com',NULL,'Divyansh','Garg','Divyansh','Garg','Dampier Nagar',NULL,'Mathura','UP','281001','IN','Divyansh','Garg','Dampier Nagar',NULL,'Mathura','UP','281001','IN',1000.0000,'delhivery',238.3600,NULL,0.0000,1238.3600,'cod','INR',1.0000,'en','pending',NULL,NULL,'2022-03-24 13:14:25','2022-03-24 13:14:25');
/*!40000 ALTER TABLE `orders` ENABLE KEYS */;
UNLOCK TABLES;

--
-- Table structure for table `page_translations`
--

DROP TABLE IF EXISTS `page_translations`;
/*!40101 SET @saved_cs_client     = @@character_set_client */;
/*!40101 SET character_set_client = utf8 */;
CREATE TABLE `page_translations` (
  `id` int(10) unsigned NOT NULL AUTO_INCREMENT,
  `page_id` int(10) unsigned NOT NULL,
  `locale` varchar(191) COLLATE utf8mb4_unicode_ci NOT NULL,
  `name` varchar(191) COLLATE utf8mb4_unicode_ci NOT NULL,
  `body` longtext COLLATE utf8mb4_unicode_ci NOT NULL,
  PRIMARY KEY (`id`),
  UNIQUE KEY `page_translations_page_id_locale_unique` (`page_id`,`locale`),
  CONSTRAINT `page_translations_page_id_foreign` FOREIGN KEY (`page_id`) REFERENCES `pages` (`id`) ON DELETE CASCADE
) ENGINE=InnoDB AUTO_INCREMENT=8 DEFAULT CHARSET=utf8mb4 COLLATE=utf8mb4_unicode_ci;
/*!40101 SET character_set_client = @saved_cs_client */;

--
-- Dumping data for table `page_translations`
--

LOCK TABLES `page_translations` WRITE;
/*!40000 ALTER TABLE `page_translations` DISABLE KEYS */;
INSERT INTO `page_translations` VALUES (1,1,'en','Profile','<div id=\"company-profile\">\r\n<h2 class=\"mgt-profile\" style=\"text-align: left;\">About Us</h2>\r\n<p class=\"mgt-profile\">Moving forward with humility is the mantra for us to grow and excel. From a very humble start with 2 employees in 1992 and a small 500 square feet facility in Chandigarh, company now owns two full fledged units with total 18,000 square feet of working facility and a strong and dedicated team of professionals. Company is geared to move forward by adding latest machinery and creating backups in each process to provide sustainable packaging to our customers.</p>\r\n<p class=\"mgt-profile\">&nbsp;</p>\r\n<h3 class=\"custom-page-head\" style=\"text-align: left;\"><strong>Vision | Mission | Values</strong></h3>\r\n<div class=\"custom-page-inner\">\r\n<p><strong>Vision</strong><span style=\"font-weight: 400;\">: To provide Eco Friendly Unique Packaging Solution to Our Customers with products of highest Quality Standards. To establish lasting relationships for sustained growth and development of our company, employees and shareholders</span></p>\r\n</div>\r\n<div class=\"custom-page-inner\">\r\n<p><strong>Mission</strong><span style=\"font-weight: 400;\">: </span><span style=\"font-weight: 400;\">To grow as a market leader in providing range of packaging products with best possible packaging solutions.&nbsp;</span></p>\r\n<p><span style=\"font-weight: 400;\">To create an environment in which our employees feel welcomed and in which they can grow.</span></p>\r\n<p><span style=\"font-weight: 400;\">To utilize every opportunity to provide unparalleled quality and services</span></p>\r\n</div>\r\n<div class=\"custom-page-inner\">\r\n<p><strong>Values</strong><span style=\"font-weight: 400;\">:</span><span style=\"font-weight: 400;\"> </span><span style=\"font-weight: 400;\"> Reliability for customers, Passionate about what we do, Collaborative to work as a Team and Trustworthy for our all stakeholders&nbsp;</span></p>\r\n</div>\r\n</div>'),(5,5,'en','Terms','<div id=\"company-profile\">\r\n<p class=\"custom-page-head\"><strong>GENERAL CONSIDERATIONS AND SCOPE</strong></p>\r\n<p><span style=\"font-weight: 400;\">Modern Packagers, Plot No 3136, Phase 2, Industrial Area, Chandigarh 160002, India maintains the internet portal https://www.modernpackagers.com, an ecommerce packaging material online portal. On Modern Packagers customers will be offered versatile packaging materials.The offering on this site is only directed at end users of legal age. These terms and conditions find application in all contracts which members enter into via Modern Packagers. Modern Packagers does not accept any other terms and conditions unless explicitly stated otherwise. If periods are stated in working days, these include all weekdays except Saturday and Sunday and all statutory holidays.</span></p>\r\n<p class=\"custom-page-head\"><strong>Use Of Modern Packagers</strong></p>\r\n<p><span style=\"font-weight: 400;\">As part of the registration as a customer of Modern Packagers you will be asked to submit personal data. You are responsible for ensuring that the data is complete and correct. After you have completed the registration process, you will receive a confirmation of your registration by email. You are obliged to treat your login Id and password and any other access data confidential and protected from access by unauthorized third parties. Modern Packagers reserves the right to refuse registration without giving reasons.</span></p>\r\n<p><span style=\"font-weight: 400;\">You indemnify Modern Packagers completely of any claim by third parties on first demand. By transmitting the contents to Modern Packagers, you grant Modern Packagers all exclusive rights of use over time, space and content without restriction, including transfer to a third party, which Modern Packagers requires for publication and dissemination, even in part, to Modern Packagers. Modern Packagers is entitled to store or release content, and reserves the right of cancellation, reduction, modification or correction of such content.</span></p>\r\n<p><span style=\"font-weight: 400;\">You may not use Modern Packagers outside the intended frame to disrupt or manipulate particular technical processes. Interventions with the intention to seek unjustified advantage to the detriment of Modern Packagers or other members will result in the immediate loss of the right to purchase on Modern Packagers and the revocation of the customer&rsquo;s account as a consequence.</span></p>\r\n<p><span style=\"font-weight: 400;\">You are only permitted to register and use one membership account at a time. Multiple registrations will be deleted by Modern Packagers.</span></p>\r\n<p><span style=\"font-weight: 400;\">In the password protected area on Modern Packagers you can access your recently shipped and/or completed orders. In this area you can also change, administer and save your own data and potential subscriptions of newsletters.</span></p>\r\n<p><span style=\"font-weight: 400;\">Modern Packagers reserves the right to issue a warning, to terminate your membership or to modify or delete content you have submitted, if you violate any of the provisions. Any claims for damages by Modern Packagers remain unaffected.</span></p>\r\n<p class=\"custom-page-head\"><strong>CONTRACTUAL PARTNERS, LANGUAGE AND CONCLUSION OF CONTRACT</strong></p>\r\n<p><span style=\"font-weight: 400;\">At the conclusion of contracts on Modern Packagers your contractual partner is solely Modern Packagers.</span></p>\r\n<p><span style=\"font-weight: 400;\">Modern Packagers is operated in English; Modern Packagers contracts are concluded exclusively in English.</span></p>\r\n<p><span style=\"font-weight: 400;\">By submitting an order by clicking \"order or buy now\" you make a binding contract offer. After submitting your order, you will receive a confirmation email from Modern Packagers. The confirmation email does not constitute acceptance of the contract. The declaration of acceptance of the contract consists in the shipping of the goods. When ordering multiple items, the acceptance of the contract applies only to goods actually shipped.</span></p>\r\n<p><span style=\"font-weight: 400;\">In cases where prices are displayed incorrectly on Modern Packagers due to technical errors, Modern Packagers is entitled to action for nullification. The burden of proof regarding an error lies with Modern Packagers Payments already made will be refunded immediately.</span></p>\r\n<p class=\"custom-page-head\"><strong>PRICES AND SHIPPING FEES</strong></p>\r\n<p><span style=\"font-weight: 400;\">For orders on Modern Packagers the prices which are listed at the time of your order on the product page apply. The final price (inclusive of taxes) is showed in the shopping cart page.</span></p>\r\n<p><span style=\"font-weight: 400;\">For returns of products, contact the Modern Packagers customer support via&nbsp;support@modernpackagers.com&nbsp;or via our online Chat Support.</span></p>\r\n<p class=\"custom-page-head\"><strong>PAYMENTS</strong></p>\r\n<p><span style=\"font-weight: 400;\">Modern Packagers provides the payment methods credit card, debit card and net banking payment in advance, Bank Transfer, Pay with Paypal. Modern Packagers reserves the right to exclude any payment methods for individual goods and to refer to the other payment methods. Modern Packagers accepts various credit cards, e.g. Visa, American Express, Mastercard and more.</span></p>\r\n<p class=\"custom-page-head\"><strong>COUPONS / WALLET OFFERS</strong></p>\r\n<p><span style=\"font-weight: 400;\">The following provisions apply to all coupons and wallet offers of Modern Packagers. The vouchers include specifically the vouchers as a result of purchase of an invited friend of Modern Packagers and vouchers individually assigned to individual customers at Modern Packagers.</span></p>\r\n<p><span style=\"font-weight: 400;\">Vouchers are only valid for the period announced at issue or a maximum of 30 days from the time of issuance. An extension or a transfer to another user/ customer is not possible. Vouchers are non-transferable.</span></p>\r\n<p><span style=\"font-weight: 400;\">Vouchers cannot be deducted from shipping costs, if applicable. Should the price of your order exceed the balance in a voucher, you can compensate the difference through the payment methods available.</span></p>\r\n<p><span style=\"font-weight: 400;\">Modern Packagers reserves the right to accept only one coupon per order. Vouchers are not paid in cash or earn interest.</span></p>\r\n<p><span style=\"font-weight: 400;\">Vouchers will not be refunded, should you return the goods wholly or partly, or if goods can only be delivered in part. Lost or, in particular, stolen vouchers will not be refunded. Modern Packagers assumes no liability for lost vouchers.</span></p>\r\n<p><span style=\"font-weight: 400;\">Modern Packagers reserves the right to provide alternative payment methods and to refuse delivery and / or to terminate customer accounts should there be a reasonable suspicion of abuse in connection with the use of vouchers.</span></p>\r\n<p class=\"custom-page-head\"><strong>LIABILITIES</strong></p>\r\n<p><span style=\"font-weight: 400;\">Modern Packagers is liable only for intent and gross negligence, unless there are fraudulently concealed damages, damages for loss of life, limb or health or damage arising from any infringement of essential contractual obligations.</span></p>\r\n<p class=\"custom-page-head\"><strong>SERVICE AND COMPLAINTS</strong></p>\r\n<p><span style=\"font-weight: 400;\">The satisfaction of our customers and clients is of paramount concern for Packman Packaging. Therefore, we endeavor to deal with your concerns as quickly as possible and always provide you with our feedback after receiving your input. For service inquiries, please contact our customer service department: Email:&nbsp;support@Modern Packagers</span></p>\r\n<p class=\"custom-page-head\"><strong>DISCLAIMER FOR HYPERTEXT LINKS</strong></p>\r\n<p><span style=\"font-weight: 400;\">The web site www.ModernPackagers.com includes hyperlinks to other Internet sites. Modern packagers have no control over the content of these sites, nor does it endorse them and is not responsible for their content. Once Modern Packagers becomes aware of illegal content, Modern Packagers will remove the corresponding links from Modern Packagers</span></p>\r\n<p class=\"custom-page-head\"><strong>DATA SECURITY</strong></p>\r\n<p><span style=\"font-weight: 400;\">As part of your registration as a customer on Modern Packagers.com you will be asked to provide personal data. This is data which is required by Modern Packagers to process the contracts concluded on Modern Packagers. All personal data is confidential and will be treated by Modern Packagers in accordance with relevant legal regulations. To safeguard your privacy in online payment transactions Modern Packagers uses the latest encryption techniques through our payment gateways.</span></p>\r\n<p class=\"custom-page-head\"><strong>IMAGE RIGHTS</strong></p>\r\n<p><span style=\"font-weight: 400;\">All rights to use imagery on Modern Packagers lie with Modern Packagers or our partners. The use of the material - in whatever form - is prohibited unless explicit permission from Modern Packagers has been granted.</span></p>\r\n<p class=\"custom-page-head\"><strong>CANCELLATION and REFUND POLICY</strong></p>\r\n<p><span style=\"font-weight: 400;\">In order to get your order delivered to you soon, we start the process on the same day. As long as your order has not been processed, you can cancel or get in touch with our customer support team to cancel your order. The full refund will be initiated online in your bank account. However, the cancellation of orders will be done only if the terms and conditions listed below are met.</span></p>\r\n<p><strong>In case of printed products</strong><span style=\"font-weight: 400;\">&nbsp;You can cancel your orders within 24 hour of booking the same order from your current order page.</span></p>\r\n<p><strong>In case of non-printed products</strong><span style=\"font-weight: 400;\">&nbsp;You can cancel your orders before the shipment of your product. You are requested to immediately email at&nbsp;</span><strong>support@greenhandle</strong><span style=\"font-weight: 400;\">.in or call at&nbsp;</span><strong>(+91) 74003 29494</strong><span style=\"font-weight: 400;\">&nbsp;along with your order number for any cancellations to be made, if you are not able to do it online.</span></p>\r\n<p class=\"custom-page-head\"><strong>Return and Refund</strong></p>\r\n<p><span style=\"font-weight: 400;\">We at Modern packagers strive to provide the best possible shopping experience. While there is no option to return orders as the goods are customized according to your specific needs (Return and replacement will be offered by us if and only if the product you received is completely different from what you ordered), However, if at all you are not satisfied with your purchase, complete assistance would be given to you regarding the same.</span></p>\r\n<p><span style=\"font-weight: 400;\">If you order from Ready to Deliver and Ecological Ad bags section then you can return the products to us within 5 days from the date of delivery.</span></p>\r\n<p><strong>You can return products under following circumstances.</strong></p>\r\n<ul class=\"profile-lists\">\r\n<li style=\"font-weight: 400;\"><span style=\"font-weight: 400;\">If ordered product is not the one which was ordered.</span></li>\r\n<li style=\"font-weight: 400;\"><span style=\"font-weight: 400;\">If ordered product is damaged.</span></li>\r\n</ul>\r\n<p><span style=\"font-weight: 400;\">Modern Packagers also provides return option up to 7 days from the date of delivery under critical cases such as the product was different from the description, defective, used or missing.</span></p>\r\n<p><span style=\"font-weight: 400;\">For any other queries, please call at (+91)9779883919. Or you can drop an email at support@modernpackagers.com</span></p>\r\n<p class=\"custom-page-head\"><strong>FINAL PROVISION</strong></p>\r\n<p><span style=\"font-weight: 400;\">Should any provision of this agreement be legally void, this does not invalidate the whole contract. Instead, the invalid provision shall be replaced with an effective provision with the same economic purpose. The same applies to possible gaps in this contract.</span></p>\r\n<p><span style=\"font-weight: 400;\">Modern Packagers reserves the right to amend these terms and conditions for future business. Excluded from this are unreasonable changes, especially pertaining to essential contract elements, such as the main benefits owed, which would be subject of a contract modification.</span></p>\r\n<p><span style=\"font-weight: 400;\">Modern Packagers will notify you of changes to the Terms and Conditions in timely fashion. Notification of changes will include a reference to the possibility and the period of objection and the significance or consequences of the omission of contradiction. If you do not contradict the validity of the amended Terms and Conditions within two weeks of the day following the receipt of the notification of change to you, the amended terms and conditions shall be deemed accepted by you.</span></p>\r\n</div>'),(6,6,'en','Privacy','<h3 style=\"box-sizing: border-box; font-weight: 500; line-height: 1.1; font-size: 24px; margin-top: 20px; margin-bottom: 10px; font-family: \'open sans\', sans-serif; color: #333333; letter-spacing: 1px; background-color: #ffffff;\"><span style=\"box-sizing: border-box; font-size: medium; font-family: \'arial black\', \'avant garde\';\">Collection of Information:</span></h3>\r\n<p style=\"box-sizing: border-box; margin: 0px 0px 10px; color: #333333; font-family: \'open sans\', sans-serif; font-size: 12px; letter-spacing: 1px; background-color: #ffffff;\"><span style=\"box-sizing: border-box; font-size: small;\">We consider the privacy of our customer&rsquo;s utmost important. We are in the business of serving you, not selling your information. Your name, address information, and credit card information are collected only to fulfill your order. Information security is critical to our business. We use advanced security technology to prevent our computers from being accessed by unauthorized persons. We do not distribute customer information to be used in mailing lists, surveys, or any other purpose other than what is required to perform our services. Shopping with us is 100% safe!!</span></p>\r\n<h3 style=\"box-sizing: border-box; font-weight: 500; line-height: 1.1; font-size: 24px; margin-top: 20px; margin-bottom: 10px; font-family: \'open sans\', sans-serif; color: #333333; letter-spacing: 1px; background-color: #ffffff;\"><span style=\"box-sizing: border-box; font-size: medium; font-family: \'arial black\', \'avant garde\';\">Use and Sharing of Information:</span></h3>\r\n<p style=\"box-sizing: border-box; margin: 0px 0px 10px; color: #333333; font-family: \'open sans\', sans-serif; font-size: 12px; letter-spacing: 1px; background-color: #ffffff;\"><span style=\"box-sizing: border-box; font-size: small;\">At no time will we sell your personally-identifiable data without your permission unless set forth in this Privacy Policy. The information we receive about you or from you may be used by us or shared by us with our corporate affiliates, dealers, agents, vendors and other third parties to help process your request; to comply with any law, regulation, audit or court order; to help improve our website or the products or services we offer; for research; to better understand our customers\' needs; to develop new offerings; and to alert you to new products and services (of us or our business associates) in which you may be interested. We may also combine information you provide us with information about you that is available to us internally or from other sources in order to better serve you. We do not share, sell, trade or rent your personal information to third parties for unknown reasons.</span></p>\r\n<h3 style=\"box-sizing: border-box; font-weight: 500; line-height: 1.1; font-size: 24px; margin-top: 20px; margin-bottom: 10px; font-family: \'open sans\', sans-serif; color: #333333; letter-spacing: 1px; background-color: #ffffff;\"><span style=\"box-sizing: border-box; font-family: \'arial black\', \'avant garde\'; font-size: medium;\">Cookies:</span></h3>\r\n<p style=\"box-sizing: border-box; margin: 0px 0px 10px; color: #333333; font-family: \'open sans\', sans-serif; font-size: 12px; letter-spacing: 1px; background-color: #ffffff;\"><span style=\"box-sizing: border-box; font-size: small;\">From time to time, we may place \"cookies\" on your personal computer. \"Cookies\" are small identifiers sent from a web server and stored on your computer\'s hard drive, that help us to recognize you if you visit our website again. Also, our site uses cookies to track how you found our site. To protect your privacy we do not use cookies to store or transmit any personal information about you on the Internet. You have the ability to accept or decline cookies. Most web browsers automatically accept cookies, but you can usually modify your browser setting to decline cookies if you prefer. If you choose to decline cookies certain features of the site may not function property or at all as a result.</span></p>\r\n<h3 style=\"box-sizing: border-box; font-weight: 500; line-height: 1.1; font-size: 24px; margin-top: 20px; margin-bottom: 10px; font-family: \'open sans\', sans-serif; color: #333333; letter-spacing: 1px; background-color: #ffffff;\"><span style=\"box-sizing: border-box; font-size: medium; font-family: \'arial black\', \'avant garde\';\">Links:</span></h3>\r\n<p style=\"box-sizing: border-box; margin: 0px 0px 10px; color: #333333; font-family: \'open sans\', sans-serif; font-size: 12px; letter-spacing: 1px; background-color: #ffffff;\"><span style=\"box-sizing: border-box; font-size: small;\">Our website contains links to other sites. Such other sites may use information about your visit to this website. Our Privacy Policy does not apply to practices of such sites that we do not own or control or to people we do not employ. Therefore, we are not responsible for the privacy practices or the accuracy or the integrity of the content included on such other sites. We encourage you to read the individual privacy statements of such websites.</span></p>\r\n<h3 style=\"box-sizing: border-box; font-weight: 500; line-height: 1.1; font-size: 24px; margin-top: 20px; margin-bottom: 10px; font-family: \'open sans\', sans-serif; color: #333333; letter-spacing: 1px; background-color: #ffffff;\"><span style=\"box-sizing: border-box; font-size: medium; font-family: \'arial black\', \'avant garde\';\">Security:</span></h3>\r\n<p style=\"box-sizing: border-box; margin: 0px 0px 10px; color: #333333; font-family: \'open sans\', sans-serif; font-size: 12px; letter-spacing: 1px; background-color: #ffffff;\"><span style=\"box-sizing: border-box; font-size: small;\">We safeguard your privacy using known security standards and procedures and comply with applicable privacy laws. Our websites combine industry-approved physical, electronic and procedural safeguards to ensure that your information is well protected though it\'s life cycle in our infrastructure.&nbsp;Sensitive data is hashed or encrypted when it is stored in our infrastructure. Sensitive data is decrypted, processed and immediately re-encrypted or discarded when no longer necessary. We host web services in audited data centers, with restricted access to the data processing servers. Controlled access, recorded and live-monitored video feeds, 24/ 7 staffed security and biometrics provided in such data centers ensure that we provide secure hosting.</span></p>\r\n<h3 style=\"box-sizing: border-box; font-weight: 500; line-height: 1.1; font-size: 24px; margin-top: 20px; margin-bottom: 10px; font-family: \'open sans\', sans-serif; color: #333333; letter-spacing: 1px; background-color: #ffffff;\"><span style=\"box-sizing: border-box; font-family: \'arial black\', \'avant garde\'; font-size: medium;\">Opt-Out Policy:</span></h3>\r\n<p style=\"box-sizing: border-box; margin: 0px 0px 10px; color: #333333; font-family: \'open sans\', sans-serif; font-size: 12px; letter-spacing: 1px; background-color: #ffffff;\"><span style=\"box-sizing: border-box; font-size: small;\">Please email to us at if you no longer wish to receive any information from us.</span></p>\r\n<h3 style=\"box-sizing: border-box; font-weight: 500; line-height: 1.1; font-size: 24px; margin-top: 20px; margin-bottom: 10px; font-family: \'open sans\', sans-serif; color: #333333; letter-spacing: 1px; background-color: #ffffff;\"><span style=\"box-sizing: border-box; font-family: \'arial black\', \'avant garde\'; font-size: medium;\">Changes to this Privacy Policy:</span></h3>\r\n<p style=\"box-sizing: border-box; margin: 0px 0px 10px; color: #333333; font-family: \'open sans\', sans-serif; font-size: 12px; letter-spacing: 1px; background-color: #ffffff;\"><span style=\"box-sizing: border-box; font-size: small;\">Our privacy policy was last updated on &lt;08/08/2016 &gt;. We may change our Privacy Policy from time to time. If we do, we will update this Privacy Policy on our website.</span></p>\r\n<h3 style=\"box-sizing: border-box; font-weight: 500; line-height: 1.1; font-size: 24px; margin-top: 20px; margin-bottom: 10px; font-family: \'open sans\', sans-serif; color: #333333; letter-spacing: 1px; background-color: #ffffff;\"><span style=\"box-sizing: border-box; font-family: \'arial black\', \'avant garde\'; font-size: medium;\">Questions</span></h3>\r\n<p style=\"box-sizing: border-box; margin: 0px 0px 10px; color: #333333; font-family: \'open sans\', sans-serif; font-size: 12px; letter-spacing: 1px; background-color: #ffffff;\"><span style=\"box-sizing: border-box; font-size: small;\">If you have any questions about our Privacy Policy, please e-mail your questions to us at&nbsp;support@modernpackagers.com</span></p>'),(7,7,'en','Customized Packaging','<p><code>&lt;h1&gt;</code>hello<code>&lt;/h1&gt;</code></p>');
/*!40000 ALTER TABLE `page_translations` ENABLE KEYS */;
UNLOCK TABLES;

--
-- Table structure for table `pages`
--

DROP TABLE IF EXISTS `pages`;
/*!40101 SET @saved_cs_client     = @@character_set_client */;
/*!40101 SET character_set_client = utf8 */;
CREATE TABLE `pages` (
  `id` int(10) unsigned NOT NULL AUTO_INCREMENT,
  `slug` varchar(191) COLLATE utf8mb4_unicode_ci NOT NULL,
  `is_active` tinyint(1) NOT NULL,
  `created_at` timestamp NULL DEFAULT NULL,
  `updated_at` timestamp NULL DEFAULT NULL,
  PRIMARY KEY (`id`),
  UNIQUE KEY `pages_slug_unique` (`slug`)
) ENGINE=InnoDB AUTO_INCREMENT=8 DEFAULT CHARSET=utf8mb4 COLLATE=utf8mb4_unicode_ci;
/*!40101 SET character_set_client = @saved_cs_client */;

--
-- Dumping data for table `pages`
--

LOCK TABLES `pages` WRITE;
/*!40000 ALTER TABLE `pages` DISABLE KEYS */;
INSERT INTO `pages` VALUES (1,'profile',1,'2020-10-11 16:35:13','2020-10-11 16:35:13'),(5,'terms-and-conditions',1,'2020-10-11 16:41:16','2020-10-11 16:41:16'),(6,'privacy',1,'2020-12-17 00:23:08','2020-12-17 00:25:39'),(7,'www.google.com',1,'2020-12-27 22:37:12','2021-08-14 18:16:31');
/*!40000 ALTER TABLE `pages` ENABLE KEYS */;
UNLOCK TABLES;

--
-- Table structure for table `persistences`
--

DROP TABLE IF EXISTS `persistences`;
/*!40101 SET @saved_cs_client     = @@character_set_client */;
/*!40101 SET character_set_client = utf8 */;
CREATE TABLE `persistences` (
  `id` int(10) unsigned NOT NULL AUTO_INCREMENT,
  `user_id` int(10) unsigned NOT NULL,
  `code` varchar(191) COLLATE utf8mb4_unicode_ci NOT NULL,
  `created_at` timestamp NULL DEFAULT NULL,
  `updated_at` timestamp NULL DEFAULT NULL,
  PRIMARY KEY (`id`),
  UNIQUE KEY `persistences_code_unique` (`code`),
  KEY `persistences_user_id_foreign` (`user_id`),
  CONSTRAINT `persistences_user_id_foreign` FOREIGN KEY (`user_id`) REFERENCES `users` (`id`) ON DELETE CASCADE
) ENGINE=InnoDB AUTO_INCREMENT=494 DEFAULT CHARSET=utf8mb4 COLLATE=utf8mb4_unicode_ci;
/*!40101 SET character_set_client = @saved_cs_client */;

--
-- Dumping data for table `persistences`
--

LOCK TABLES `persistences` WRITE;
/*!40000 ALTER TABLE `persistences` DISABLE KEYS */;
INSERT INTO `persistences` VALUES (277,177,'DEHsiDMrOnt280SfcqhYGQpjE9Ar65S6','2021-07-20 14:48:35','2021-07-20 14:48:35'),(278,177,'MTMYKxd88OSeeuexXPkZV2PPWCTcSr2C','2021-07-20 14:48:50','2021-07-20 14:48:50'),(279,177,'lUgr0fhAq620vARZQKUHGAGm66RS9iCk','2021-07-21 14:03:56','2021-07-21 14:03:56'),(282,177,'DYpqv3s0ucV2TC2VTjBm7BGb9XugxQts','2021-07-22 10:35:00','2021-07-22 10:35:00'),(284,177,'O154l8RrwvpJ4fWrpoEK0lW90OABtfXp','2021-07-23 13:45:12','2021-07-23 13:45:12'),(285,177,'Ykbazn0Ynnnq1wCpsNhVg2CgZPDCxztQ','2021-07-23 16:05:02','2021-07-23 16:05:02'),(286,179,'fbumXbXZbUNk3awEDnKuBQenIzC6ouIz','2021-07-24 13:17:21','2021-07-24 13:17:21'),(287,180,'7JqervtZJRiJ3bI3pTAb3nZRS9AszGQJ','2021-07-27 16:09:16','2021-07-27 16:09:16'),(290,177,'1zkA7SJtGp46HFtMtaCrza86D99TsIw2','2021-07-28 14:08:48','2021-07-28 14:08:48'),(291,177,'xb7kt3hYfpllJoSv14Dbfzw4F1RektHW','2021-07-28 15:51:37','2021-07-28 15:51:37'),(292,177,'rRPvIdIaiOj4NgRrrTieDQz6fadYYQ2i','2021-07-29 10:37:06','2021-07-29 10:37:06'),(293,177,'KUyGpuZdkKGlXFLfkW05vs3Q6vY49qYd','2021-07-29 13:50:01','2021-07-29 13:50:01'),(294,177,'XHOiuQKX8v2KrtjNF8LRdsZpAISuB3uH','2021-07-29 18:34:45','2021-07-29 18:34:45'),(295,177,'tLcKTingrApgo1hr56gw2u19nmgSK50Q','2021-07-31 11:06:43','2021-07-31 11:06:43'),(296,177,'T0bHWiJhxipYOJ8tQMOfvdXJ3STdKm8Z','2021-07-31 17:33:34','2021-07-31 17:33:34'),(297,177,'97ryUn3gJ6QdeBNzT2xQZvX1sRV4iaDE','2021-08-01 12:12:38','2021-08-01 12:12:38'),(298,177,'NESbgspUGd6zFEYSlkKqSQJ8yrPItLRB','2021-08-02 15:26:51','2021-08-02 15:26:51'),(301,177,'ZLN2j8XvQWMcx8NCJzrrOLEmuveLmBDg','2021-08-03 12:44:45','2021-08-03 12:44:45'),(302,177,'jOTo0HuhB09nEAvzNfkUoTKVGAvHQkNX','2021-08-14 18:14:59','2021-08-14 18:14:59'),(303,181,'76dayRxr4hZ9wzkv9dCdGT52GGjMcO1I','2021-08-15 00:01:39','2021-08-15 00:01:39'),(304,177,'WciajPSLZIN5cQfmvD6THCZXCaYrHczs','2021-08-16 12:35:14','2021-08-16 12:35:14'),(305,177,'5Ady19TxEEt5BqjcPHz21AZYFWeeRhIO','2021-08-17 18:51:42','2021-08-17 18:51:42'),(306,177,'5Dys3vnLeUqdTN5n5id7mncYGCx01kbG','2021-08-22 12:01:30','2021-08-22 12:01:30'),(307,177,'21q7BWN47OWmcFARnqXiA6Hrdy4Qql7N','2021-08-26 10:28:58','2021-08-26 10:28:58'),(308,177,'WrKtwp3JHVaSeegYVDWzo41jPhPlXZpy','2021-08-26 14:05:25','2021-08-26 14:05:25'),(309,177,'ucWVvd4ncV6KnBibW6CGo7LmJuEIIDdA','2021-08-26 16:39:38','2021-08-26 16:39:38'),(310,177,'M5xfjfFo7EVWAWEpNqzNK69JkQMnktOL','2021-08-27 23:35:30','2021-08-27 23:35:30'),(311,177,'x8797ZACipFrlppNoUBJzroyBjltwUjA','2021-08-28 14:54:16','2021-08-28 14:54:16'),(312,177,'LXPUQ65YzZWSvZKmksJcVJ7KoHiVE84f','2021-08-30 17:41:31','2021-08-30 17:41:31'),(313,177,'0OAQPX3gfh2HrXHdGDxJTm0bpVCPBfAC','2021-09-02 10:01:49','2021-09-02 10:01:49'),(314,177,'ZXDZAjCqaqbN1i798OZFYL0wwTkHAEcD','2021-09-02 18:10:32','2021-09-02 18:10:32'),(315,177,'7IdSjQZLQuOEMSU0PIyjSH1Iu1zqqZQk','2021-09-03 14:23:43','2021-09-03 14:23:43'),(316,177,'QR6IlPl035vzwO3XocZ5MMY9UsZ3c1jl','2021-09-05 15:19:35','2021-09-05 15:19:35'),(318,177,'oXrhgg2ZnXP1ElX83NrIJGwMDARj55nK','2021-09-06 20:05:42','2021-09-06 20:05:42'),(319,177,'UTLa3aJxeBBhlAMoORrpdO4gukRgxuvG','2021-09-14 11:21:29','2021-09-14 11:21:29'),(320,177,'PVMWm7v4M8RyXLggWzZIDb6s9WgAsamj','2021-09-14 14:38:01','2021-09-14 14:38:01'),(321,177,'uA69ZlfTFCTd2L70Sp2OMFzIxlgBNwm4','2021-09-14 19:19:50','2021-09-14 19:19:50'),(322,177,'WIkcCwkKOCIghgQUaIA0YizddBzZJr9i','2021-09-17 20:50:17','2021-09-17 20:50:17'),(323,177,'EoIXKPIvQRJrNZTEMfizQmXmapo3ut5X','2021-09-17 23:58:48','2021-09-17 23:58:48'),(324,177,'4pUrxgT0nGIAnj6fxzu7VfgNprXV9FVI','2021-09-19 20:16:12','2021-09-19 20:16:12'),(325,183,'UJc9lORl7ZaLFPBFZ4pWkQfbdCEsqM0d','2021-09-27 21:19:06','2021-09-27 21:19:06'),(326,177,'1X4r36FIo1v2GZk1Rtu7ge8WNYEbVRYX','2021-10-07 10:50:30','2021-10-07 10:50:30'),(327,177,'AbFxAjRvU256xIicvU96QuVAlyyHWIeD','2021-10-08 06:18:52','2021-10-08 06:18:52'),(328,177,'xmYaoaKZuMyMT8FDOqkVsI92OxxKSvKt','2021-10-13 08:00:18','2021-10-13 08:00:18'),(329,177,'Z63rM0F5WAPAIASoOn24qlGGY1dnE5Yh','2021-10-14 15:45:52','2021-10-14 15:45:52'),(330,177,'eNZMLBWCCiKxaPQLHPDrXTv5gzMZ4ujs','2021-10-14 23:39:34','2021-10-14 23:39:34'),(332,184,'3kNHEWhyttvjDDsMD7LVNdyaSq00hZLV','2021-10-17 12:24:27','2021-10-17 12:24:27'),(333,177,'9B3r6UCuiWJgfbRGQkHSZpt4wWDlEz27','2021-10-17 12:27:11','2021-10-17 12:27:11'),(334,177,'lNBXKZLgDkPRSWJiQDAeYYXYUoOZvtug','2021-10-17 22:48:58','2021-10-17 22:48:58'),(335,185,'QDcBpwJu2tnmL3LWUtpfJf5Of79XmITx','2021-10-21 19:29:05','2021-10-21 19:29:05'),(336,186,'Ar9Pk8H7kR8ZETKREwKee6QhazOf6Aff','2021-10-27 22:40:24','2021-10-27 22:40:24'),(337,177,'8XNpjLbjewgky1aDzb5FYUWqj8X5OtxN','2021-10-28 19:18:28','2021-10-28 19:18:28'),(338,177,'xRbM5z8GQJTC9kb2hZ1UZQsne97K0MaD','2021-10-28 23:40:57','2021-10-28 23:40:57'),(339,177,'a2oLw2Db6gww2MuVJSNnT3BGLmCD21pZ','2021-10-29 14:12:49','2021-10-29 14:12:49'),(340,177,'cByNU946XsY5z3spIslHbkNfut95o11y','2021-10-30 20:53:34','2021-10-30 20:53:34'),(341,177,'wv67P0kljfG0HQRoEun4syChYxQIEVtJ','2021-10-31 11:41:45','2021-10-31 11:41:45'),(343,182,'i9QNyAsDDuUaHTyRh581erRcCG8BytKw','2021-11-06 13:33:45','2021-11-06 13:33:45'),(344,177,'pgGpc8BLNUb59cN4oTN9Ts8Rrup3xaTJ','2021-11-06 16:00:38','2021-11-06 16:00:38'),(345,177,'ppA415PfXFiSaCwvCA8V4y5bJjpXmCUj','2021-11-06 17:05:05','2021-11-06 17:05:05'),(346,177,'2fBxepRObbAGDeNWoKrObHyzoahzjAlt','2021-11-06 19:09:14','2021-11-06 19:09:14'),(347,177,'piUrxe7WLXaKSPdoXSqpoDwodw3fCNBi','2021-11-07 09:49:52','2021-11-07 09:49:52'),(348,177,'fWkdNWl0HKDo7diUvUkwRnXfdUhKn58S','2021-11-10 19:35:08','2021-11-10 19:35:08'),(349,177,'tklIPxlCVfD0GT2Z1GkpPwRnVfoQ2KF6','2021-11-13 14:51:09','2021-11-13 14:51:09'),(351,177,'JnsKddZdC0VnqwF6qfH6So70Ej7ip8Oa','2021-11-14 18:54:25','2021-11-14 18:54:25'),(352,177,'NfqcZHmKwwtj03wxxqDBVctn5t5H2zC4','2021-11-15 14:54:48','2021-11-15 14:54:48'),(353,177,'3Qflt3SgZMpZyi3IVA4zBHArUhl4pUOM','2021-11-18 15:35:35','2021-11-18 15:35:35'),(354,177,'ddHhlsUoXeuehogPNBxthmiQwmGh6dlX','2021-11-21 19:13:35','2021-11-21 19:13:35'),(355,177,'8gZrmqyAdeWVBeEzTaI4Q8YXJGiGNl5X','2021-11-22 10:56:29','2021-11-22 10:56:29'),(356,177,'EFNfsRArI0DOzVQR5uaXAXeo9vjguGVK','2021-11-22 18:52:29','2021-11-22 18:52:29'),(357,177,'cQewE18UGangLi4K7mxXxNUryqt5gKoU','2021-11-23 12:28:11','2021-11-23 12:28:11'),(358,177,'8qsUafJ1rZoST15K1wJcs4sAoTgHkEpX','2021-11-23 19:12:20','2021-11-23 19:12:20'),(359,177,'tIyln8Vt40Mg4iM90W7CtaLwySEmhlQz','2021-11-23 20:09:34','2021-11-23 20:09:34'),(360,177,'KM4hkPL24P5bY5CFckVJ5ME5wZU1AbpB','2021-11-24 11:39:21','2021-11-24 11:39:21'),(361,177,'UaDCsXI3zOYvsr101ABqWLLYckhDeneu','2021-11-24 15:36:29','2021-11-24 15:36:29'),(362,177,'7uwJqLtztnx4PXMOXKDZNzbI8AbNbFaw','2021-11-25 13:53:27','2021-11-25 13:53:27'),(363,177,'HPER2EKO4cZmiEOY09J9HYubkNmZNNQT','2021-11-26 22:26:13','2021-11-26 22:26:13'),(364,177,'IQjB8shFJBUaR3CY1a2BALIrrIEYAEyi','2021-12-05 14:02:47','2021-12-05 14:02:47'),(365,177,'wmswVpTjoPXAjSDjbHvTsWbxtjdNxEoP','2021-12-05 14:14:45','2021-12-05 14:14:45'),(366,198,'s1FdOuH5UKTIdto32NC1QzAw3uUHhaA7','2021-12-12 13:21:09','2021-12-12 13:21:09'),(367,177,'VBed448YvrX4qmDCCHhfRAkXWT6Szcra','2021-12-12 13:38:45','2021-12-12 13:38:45'),(368,177,'LxWJel2NYJtWX9UzN70nP9HZphOXMEDO','2021-12-12 16:32:04','2021-12-12 16:32:04'),(369,177,'07MeuOPo4nJ5ihF3PVH0zu3fr7K5cdRs','2021-12-12 18:19:56','2021-12-12 18:19:56'),(370,177,'JEGf292rgsFN8gWH6LoNjJ4b67LnPvRo','2021-12-12 19:34:12','2021-12-12 19:34:12'),(371,177,'LAOES5sBvUSVgEBAOKsr9A8UWujN5BUn','2021-12-12 22:02:14','2021-12-12 22:02:14'),(372,177,'rNRastDrey3sKcwCUvzqr1YJXzaBZqfF','2021-12-13 17:48:52','2021-12-13 17:48:52'),(373,177,'6npo4bUs5DV4B7Pr3id2nIMr8IyLvSaZ','2021-12-13 17:55:04','2021-12-13 17:55:04'),(374,177,'u9lKxN0Lw4ZRtOVlXViOTSj3PfxGlFMm','2021-12-13 22:21:00','2021-12-13 22:21:00'),(375,177,'GTH0IsXQUOJM8xYWl8vVPq7HxGEZyEt9','2021-12-14 12:34:05','2021-12-14 12:34:05'),(376,177,'qiWpwvPMQmSdjJr9BKM2PUe8JOVv2qtu','2021-12-16 23:13:59','2021-12-16 23:13:59'),(377,177,'qSGUSxkKvtOHc5Km7q1hRNMzjl9239D3','2021-12-18 23:23:21','2021-12-18 23:23:21'),(378,177,'uydqXFfASXGSs3pu7rGazoyQaxu6uy6P','2021-12-22 10:48:11','2021-12-22 10:48:11'),(379,177,'Fj1qQsBp9cgKvmXDRdlPtUsnBUhOG5aR','2021-12-24 21:37:10','2021-12-24 21:37:10'),(380,177,'QS5WFTYUYVNoO2iZwkBNNqPxMGO5yKIF','2021-12-25 13:32:12','2021-12-25 13:32:12'),(381,177,'r87hIDHmwuXWGy3OrVipIBSjB4A83InW','2021-12-25 19:56:00','2021-12-25 19:56:00'),(388,177,'quOn9SvRzHaEyhgv5v6BosdrvL9flGKj','2021-12-26 21:04:17','2021-12-26 21:04:17'),(389,177,'sLOO2vgyzhyg24osnFeOTtg6oFCcXHk0','2021-12-27 11:56:09','2021-12-27 11:56:09'),(390,177,'rF5guuPMh9Tr3y6YgjmvjCf01nNrYVOU','2021-12-31 17:41:49','2021-12-31 17:41:49'),(391,177,'Q4zrf74xjCUeq483gpJPoEvLyuin0gD0','2022-01-04 16:36:57','2022-01-04 16:36:57'),(392,177,'pYL43vfMBMlGJiYAHMNH2CxvFL3tdKHm','2022-01-10 13:42:29','2022-01-10 13:42:29'),(393,177,'A4dt7QAH4ojRDqaT0IhpecYzXtBou9Tc','2022-01-10 18:01:40','2022-01-10 18:01:40'),(394,214,'NwchV3K9lR1NhzrSwaR2il2Gn57I5XQG','2022-01-11 16:52:50','2022-01-11 16:52:50'),(395,177,'PBTt2JTikTUYH9qkTjySqtmdhBkvaAlO','2022-01-12 12:19:13','2022-01-12 12:19:13'),(396,177,'SxxZXZgc8FWkrZViUBDGaQ3qGWbuzs7I','2022-01-12 16:34:34','2022-01-12 16:34:34'),(397,177,'uwCQcTTo639Nnke4rtA5aDOqCRsCVMOb','2022-01-12 23:27:02','2022-01-12 23:27:02'),(398,177,'Rnt80Fdmrw2rdkgNv8SB6v4QbpP5uMUi','2022-01-13 12:02:28','2022-01-13 12:02:28'),(399,177,'2CuOH8Ll7op5BQ15a4cmJsznZqE6ywhU','2022-01-14 17:45:36','2022-01-14 17:45:36'),(400,177,'jm0JXLhJtZZ0uc5dgmQuyQjyodZJpWft','2022-01-15 18:36:51','2022-01-15 18:36:51'),(401,182,'owO12hE9nV1I6lRUUevdVuMNUcxVcqp9','2022-01-16 12:08:56','2022-01-16 12:08:56'),(402,177,'KWUQvVMbY90ZsuOCsLEyQ6tDbszuVyS7','2022-01-17 10:31:02','2022-01-17 10:31:02'),(403,177,'CW117LJZcMwEq2ObfxC8yon91dm68fCT','2022-01-19 17:00:41','2022-01-19 17:00:41'),(404,177,'ypxkTEMYqhDHfUA8PC1koSEC9Ezwb4ng','2022-01-19 22:20:55','2022-01-19 22:20:55'),(405,177,'N6rUlc0FPMbtQvOb8OHLteoK4JZSDglX','2022-01-20 22:24:57','2022-01-20 22:24:57'),(406,177,'JGHYYWsfbjCzKsz0CYSDK7tYtajC0Qrl','2022-01-21 17:05:45','2022-01-21 17:05:45'),(407,177,'UY14KJ11cTKLK8lpFyyRcHo6dYkQTfO7','2022-01-24 19:22:00','2022-01-24 19:22:00'),(408,215,'lwQkk2Svxf7jWBJsFCF26iN1KgGpBnIS','2022-01-28 00:20:41','2022-01-28 00:20:41'),(409,216,'qZTMThJ3ETlsmiCPiHrEInAzStfzOAnS','2022-01-28 13:44:24','2022-01-28 13:44:24'),(410,177,'HpYjDthImhimB54I4DldBhmemjsuGLnl','2022-01-29 15:14:25','2022-01-29 15:14:25'),(411,177,'PAMl8vXWqYmCwDQgIMqxNGCAIMRL30mW','2022-01-30 21:14:23','2022-01-30 21:14:23'),(412,177,'Rr6jUEsoDXSmTGCyBHCn4ha9CZF0t7Qi','2022-01-31 13:25:43','2022-01-31 13:25:43'),(413,216,'lw7dsUPQ2CJZmF9Rny4D6nJO9JQwwgRS','2022-02-01 14:41:37','2022-02-01 14:41:37'),(414,177,'2ThhDmwnKTz4tnaKUOxH9yHzluX4xVBG','2022-02-01 19:02:54','2022-02-01 19:02:54'),(415,177,'WkLoRMK0EMn8aNNj8Sx9bM6to8rJwSGd','2022-02-02 11:06:22','2022-02-02 11:06:22'),(416,215,'VUFhb4XCdUL6s09FCa4EwtUCTfZve0s1','2022-02-04 19:39:06','2022-02-04 19:39:06'),(417,216,'xeqNy5FKoH3z99yxc4T6bK5J0oJoZgQJ','2022-02-09 01:10:09','2022-02-09 01:10:09'),(418,177,'ICIEhF7eiZEggVk7JulHuDgRUyjLAwjS','2022-02-09 11:22:48','2022-02-09 11:22:48'),(419,177,'9g3xzmDV6mIcxn2mIUxRVJDtdNnsOx3A','2022-02-09 16:26:16','2022-02-09 16:26:16'),(420,216,'SkUjMLPs7XAZxAZQHnCwRb12F7lLMFL3','2022-02-09 17:23:35','2022-02-09 17:23:35'),(421,177,'E8cRHllS0B7PeUWcIDsytbYCQwxscZtd','2022-02-12 11:53:56','2022-02-12 11:53:56'),(422,177,'nP3k1aROaSIEi3VS95PEVsC2u8rW2cRI','2022-02-16 15:45:34','2022-02-16 15:45:34'),(423,216,'FbNPeiUwoiqhROYmwrfUjuIHE3k15Yjc','2022-02-17 20:23:49','2022-02-17 20:23:49'),(424,177,'CGPf3hIc1dIcR5PriPp3nTAi2udZA8h1','2022-02-18 10:42:17','2022-02-18 10:42:17'),(425,177,'CiT3GyK0ITpAvG5G4y7VIaUrUqyMzore','2022-02-18 10:48:56','2022-02-18 10:48:56'),(426,177,'qk9jGemQ9ps5DXylCUiQYLfoEHokg1my','2022-02-18 16:26:09','2022-02-18 16:26:09'),(427,177,'Gc0m0e7dMpn4NRA5r1YVBCpu9tWuUVex','2022-02-19 13:04:43','2022-02-19 13:04:43'),(428,177,'12Cx5qBforeWfYNp9CvYXfLTLZJom6nN','2022-02-21 16:35:07','2022-02-21 16:35:07'),(429,177,'mdQvsNwJq9m6f9HLg79wyvQuAOM4OTEQ','2022-02-22 23:20:45','2022-02-22 23:20:45'),(430,177,'r7bmbbHFXOpX6Pel5qNqqKir2P9EoX9r','2022-02-23 17:10:32','2022-02-23 17:10:32'),(431,177,'0GXsv5bDJuh4rD0pyQ5H1mQ0bvGOQw0f','2022-02-24 17:55:06','2022-02-24 17:55:06'),(432,177,'01Fj1Vst72t5BNryXYTAGPX2QDHlOgRx','2022-02-25 16:25:19','2022-02-25 16:25:19'),(433,177,'2A2Lzc1ePZjkS1xFhE5OjJpNxWZ6jhk8','2022-02-26 14:21:04','2022-02-26 14:21:04'),(434,177,'6zPn8v5YjvLgutiLhydXJv00Q79tlvB6','2022-02-28 13:13:15','2022-02-28 13:13:15'),(436,177,'4oPCJNupjJUUbP3YrxE328EcFyuCbe6G','2022-03-02 16:33:24','2022-03-02 16:33:24'),(437,177,'KHw8pvgjaJd9q8l4ELxG9vqU9D70VVV1','2022-03-03 18:26:07','2022-03-03 18:26:07'),(438,177,'MceunHT9l7SYuK0nTeDba1KsCDpBe3ka','2022-03-04 15:35:04','2022-03-04 15:35:04'),(439,177,'Mx4epCpiTVDtPzvNouSrMDyzEZ9ANW5o','2022-03-04 19:07:42','2022-03-04 19:07:42'),(440,177,'NgsGkPNuvlg4Z1YAn9vgJwSG3Gz7qHug','2022-03-05 12:02:11','2022-03-05 12:02:11'),(442,218,'M4IJps2IPe2anwEIv98hV9cvU4YH3ctF','2022-03-08 11:28:35','2022-03-08 11:28:35'),(443,177,'YK6FLm8OdiOlibiet51bHdWqapLoObek','2022-03-08 14:00:51','2022-03-08 14:00:51'),(444,177,'BIzDGCnOLzSop9YAiaKwVhUofhnPqeYw','2022-03-09 15:12:24','2022-03-09 15:12:24'),(445,177,'6xIkhFkgzKqwdX448GsLBjo2osU2Errk','2022-03-09 18:23:26','2022-03-09 18:23:26'),(446,177,'OGSTgwymFIU1WtaUxQEv32AqMr2CEUK6','2022-03-09 23:07:27','2022-03-09 23:07:27'),(447,177,'hg4B04uQwoXnvHTtO0Z09yHRniqoB7TK','2022-03-10 10:29:58','2022-03-10 10:29:58'),(448,177,'acqTzE7hBiuYuM1pXANnY4lUtIxl7Rgw','2022-03-10 13:51:30','2022-03-10 13:51:30'),(449,218,'T9CcXI65ogBuc7YrqgoOBkKmVnUrbckX','2022-03-10 20:51:00','2022-03-10 20:51:00'),(450,177,'rfCw53TXbnGxRK9dD7mJdQy0CDIg7HuO','2022-03-11 10:38:36','2022-03-11 10:38:36'),(451,177,'D6ZekrI7UHMVmDg9noET16UBG7Lq1MaJ','2022-03-11 17:24:54','2022-03-11 17:24:54'),(452,177,'Enwy4j6qQ5MaWjDUrSgmVWacY99YXtkp','2022-03-12 11:16:19','2022-03-12 11:16:19'),(453,177,'6JBz24r3qnhTlkFEXZFvzcWv8XI47uEH','2022-03-12 15:01:54','2022-03-12 15:01:54'),(454,177,'2L9xF3OLLoOVVSQwx036QiEkLj1RzfWH','2022-03-14 10:34:49','2022-03-14 10:34:49'),(455,177,'1tg0VJh6TKNZLZNpHSGrkRo2GkXNu9i1','2022-03-14 13:12:59','2022-03-14 13:12:59'),(456,177,'opMTv03sfnjocVyV685aecE76XDMHlt6','2022-03-15 10:33:04','2022-03-15 10:33:04'),(457,219,'K282vnMP9fZIqsWoy8j4CDIAta4gTzkp','2022-03-15 15:58:22','2022-03-15 15:58:22'),(458,218,'VpMpQl5yCig76kD27fRXViVN73kc6TAU','2022-03-15 19:31:50','2022-03-15 19:31:50'),(459,177,'YXV5PIo7Bg6EHUw7qe564pcBd08qvXxH','2022-03-16 07:14:29','2022-03-16 07:14:29'),(460,177,'AbdKW3Hx1wTK2u7V0UGXf6CEqqfMRyO8','2022-03-16 10:49:07','2022-03-16 10:49:07'),(461,177,'S7Pmrheib0dqr5KYrKQMxozPzeQzA8jE','2022-03-17 12:43:13','2022-03-17 12:43:13'),(462,177,'D7KhzZ1cjzvGqJYAROQEFTsXC6msoSSi','2022-03-17 17:32:10','2022-03-17 17:32:10'),(463,177,'rv6FzAn1dUDlauBdkTLgvHxvvQnSa6Ya','2022-03-17 23:39:54','2022-03-17 23:39:54'),(464,177,'d2pRUs7FPUb5jdRKvDdSdTQ5u4gDIBqC','2022-03-19 10:55:15','2022-03-19 10:55:15'),(465,220,'hSaiZTOTgnh1jpTN0HysrdeWqx6G2yQx','2022-03-21 23:47:46','2022-03-21 23:47:46'),(466,177,'o2BfrLmLtvl6OFgj6OoZKx4o8hVMOJbU','2022-03-22 10:36:50','2022-03-22 10:36:50'),(467,177,'Kp4NE7BCqwy1tsunZLZhcT5T13rLNjbQ','2022-03-22 17:48:59','2022-03-22 17:48:59'),(468,177,'4K73SC5J9UP8P84hDGuhIFnD1jHZA5Tw','2022-03-23 10:19:39','2022-03-23 10:19:39'),(469,220,'YQfcWTliDnFouyINxrXS2LzcsWfG35HB','2022-03-23 13:15:23','2022-03-23 13:15:23'),(470,177,'n6ACwK5Cu5cMD7cT955uTi27mgA1NA4G','2022-03-23 13:21:52','2022-03-23 13:21:52'),(471,177,'qkTdPQvUrLkxjWmc0GsXeeDcn9cN8zvc','2022-03-23 15:58:39','2022-03-23 15:58:39'),(472,177,'uS0yQtYD00JUUwtCjtwr2HdCkxwdkcgc','2022-03-24 10:43:37','2022-03-24 10:43:37'),(473,221,'O3KgKFXpiKsAvxqgWWaafP6Fi37WUMvG','2022-03-24 13:13:28','2022-03-24 13:13:28'),(474,177,'KY6aQjx690ER63RPysZ9ZT14nn999hJv','2022-03-24 16:42:25','2022-03-24 16:42:25'),(475,177,'olq7rMfDMcPqRSvOusUpDz1LKL33vPcg','2022-03-28 10:41:59','2022-03-28 10:41:59'),(476,177,'pAXBQSDAw5fNzRfoOuyqCbGTsy27YcJh','2022-03-28 16:51:46','2022-03-28 16:51:46'),(477,220,'43tEOMiFLqzp04KzQjga8baCbbYAWRy4','2022-03-28 18:04:07','2022-03-28 18:04:07'),(478,177,'wlDWt2p1v8M27WyAcBkpEdiS3sGNvkao','2022-03-29 10:44:48','2022-03-29 10:44:48'),(479,220,'h14oZ9jjjTeVYZikLg07LPDTarOG5D5h','2022-03-29 14:13:59','2022-03-29 14:13:59'),(480,177,'BdODyfq2uQnfgIRb41GuJfSpRB2eLgn5','2022-03-29 17:51:14','2022-03-29 17:51:14'),(481,177,'nhzlXmDwLsU8or0Igm3onISOPnWom7UT','2022-03-30 10:41:51','2022-03-30 10:41:51'),(482,177,'Kv9d6oJI22rjAzepDiIlxtgipCgKY9NU','2022-03-30 16:14:46','2022-03-30 16:14:46'),(483,177,'KjwGpsrmepp9z5vq9FgRuDy1Hy1u7wPL','2022-03-31 11:29:58','2022-03-31 11:29:58'),(484,177,'rHtGU8WUXLzMjN9wti9OZJFq41kwhGlc','2022-03-31 23:40:06','2022-03-31 23:40:06'),(485,177,'qU6Jgs4qfM3iIMWg6i0TgfLlrYKGLeoN','2022-04-01 10:45:18','2022-04-01 10:45:18'),(486,177,'y2lTJF1GF4w5Rq089HKSInIt953efTFH','2022-04-02 10:49:25','2022-04-02 10:49:25'),(487,177,'wX6cbWOkWpl0qyiGiNkBTFtnftRKG14o','2022-04-02 17:37:41','2022-04-02 17:37:41'),(488,177,'7YvzaakUJkLtGRILDtHiTcDt5ZrEoSTV','2022-04-06 14:23:08','2022-04-06 14:23:08'),(489,177,'INiOIN2nGUwP5NAncxlAyxpvuA3QG2em','2022-04-08 16:51:27','2022-04-08 16:51:27'),(490,177,'LHxVIv2W1JUDraUQprA9nMdNhmPyMBz9','2022-04-09 05:04:20','2022-04-09 05:04:20'),(491,177,'gBIdGfIqTZOAWiv51Y8NngVkbB5ASquF','2022-04-09 10:58:18','2022-04-09 10:58:18'),(492,177,'pjqydDZtJc0fBSEm2UCBC7u12SwvvRRM','2022-04-11 09:18:38','2022-04-11 09:18:38'),(493,177,'BhqrpWuimkxGOqdyLFZLpRrz2nVEe0Qg','2022-04-13 08:31:40','2022-04-13 08:31:40');
/*!40000 ALTER TABLE `persistences` ENABLE KEYS */;
UNLOCK TABLES;

--
-- Table structure for table `product_attribute_values`
--

DROP TABLE IF EXISTS `product_attribute_values`;
/*!40101 SET @saved_cs_client     = @@character_set_client */;
/*!40101 SET character_set_client = utf8 */;
CREATE TABLE `product_attribute_values` (
  `product_attribute_id` int(10) unsigned NOT NULL,
  `attribute_value_id` int(10) unsigned NOT NULL,
  PRIMARY KEY (`product_attribute_id`,`attribute_value_id`),
  KEY `product_attribute_values_attribute_value_id_foreign` (`attribute_value_id`),
  CONSTRAINT `product_attribute_values_attribute_value_id_foreign` FOREIGN KEY (`attribute_value_id`) REFERENCES `attribute_values` (`id`) ON DELETE CASCADE,
  CONSTRAINT `product_attribute_values_product_attribute_id_foreign` FOREIGN KEY (`product_attribute_id`) REFERENCES `product_attributes` (`id`) ON DELETE CASCADE
) ENGINE=InnoDB DEFAULT CHARSET=utf8mb4 COLLATE=utf8mb4_unicode_ci;
/*!40101 SET character_set_client = @saved_cs_client */;

--
-- Dumping data for table `product_attribute_values`
--

LOCK TABLES `product_attribute_values` WRITE;
/*!40000 ALTER TABLE `product_attribute_values` DISABLE KEYS */;
/*!40000 ALTER TABLE `product_attribute_values` ENABLE KEYS */;
UNLOCK TABLES;

--
-- Table structure for table `product_attributes`
--

DROP TABLE IF EXISTS `product_attributes`;
/*!40101 SET @saved_cs_client     = @@character_set_client */;
/*!40101 SET character_set_client = utf8 */;
CREATE TABLE `product_attributes` (
  `id` int(10) unsigned NOT NULL AUTO_INCREMENT,
  `product_id` int(10) unsigned NOT NULL,
  `attribute_id` int(10) unsigned NOT NULL,
  PRIMARY KEY (`id`),
  KEY `product_attributes_product_id_index` (`product_id`),
  KEY `product_attributes_attribute_id_index` (`attribute_id`),
  CONSTRAINT `product_attributes_attribute_id_foreign` FOREIGN KEY (`attribute_id`) REFERENCES `attributes` (`id`) ON DELETE CASCADE,
  CONSTRAINT `product_attributes_product_id_foreign` FOREIGN KEY (`product_id`) REFERENCES `products` (`id`) ON DELETE CASCADE
) ENGINE=InnoDB AUTO_INCREMENT=2 DEFAULT CHARSET=utf8mb4 COLLATE=utf8mb4_unicode_ci;
/*!40101 SET character_set_client = @saved_cs_client */;

--
-- Dumping data for table `product_attributes`
--

LOCK TABLES `product_attributes` WRITE;
/*!40000 ALTER TABLE `product_attributes` DISABLE KEYS */;
/*!40000 ALTER TABLE `product_attributes` ENABLE KEYS */;
UNLOCK TABLES;

--
-- Table structure for table `product_categories`
--

DROP TABLE IF EXISTS `product_categories`;
/*!40101 SET @saved_cs_client     = @@character_set_client */;
/*!40101 SET character_set_client = utf8 */;
CREATE TABLE `product_categories` (
  `product_id` int(10) unsigned NOT NULL,
  `category_id` int(10) unsigned NOT NULL,
  PRIMARY KEY (`product_id`,`category_id`),
  KEY `product_categories_category_id_foreign` (`category_id`),
  CONSTRAINT `product_categories_category_id_foreign` FOREIGN KEY (`category_id`) REFERENCES `categories` (`id`) ON DELETE CASCADE,
  CONSTRAINT `product_categories_product_id_foreign` FOREIGN KEY (`product_id`) REFERENCES `products` (`id`) ON DELETE CASCADE
) ENGINE=InnoDB DEFAULT CHARSET=utf8mb4 COLLATE=utf8mb4_unicode_ci;
/*!40101 SET character_set_client = @saved_cs_client */;

--
-- Dumping data for table `product_categories`
--

LOCK TABLES `product_categories` WRITE;
/*!40000 ALTER TABLE `product_categories` DISABLE KEYS */;
INSERT INTO `product_categories` VALUES (2,2),(2,13),(3,2),(3,13),(4,2),(4,13),(5,2),(5,41),(6,36),(6,37),(7,36),(7,37),(8,36),(8,37),(9,36),(9,37),(10,36),(10,37),(11,36),(11,37),(12,22),(12,24),(13,36),(13,39),(14,22),(14,26),(15,22),(15,26),(16,22),(16,26),(17,22),(17,26),(18,19),(18,21),(19,15),(20,16),(21,16),(22,2),(22,9),(23,2),(23,10),(24,2),(24,14),(25,19),(25,20),(28,16),(29,16),(30,16),(31,16),(32,16),(33,16),(34,16),(35,16),(36,2),(36,6),(37,2),(37,6),(38,2),(38,8),(39,2),(39,11),(40,2),(40,12),(41,36),(41,39),(42,36),(42,39),(43,22),(43,25),(44,22),(44,25),(45,22),(45,25),(46,22),(46,25),(47,14),(48,2),(48,14),(49,2),(49,14),(50,2),(50,14),(51,2),(51,14),(52,2),(52,14),(53,2),(53,14),(54,2),(54,14),(55,2),(55,14),(56,2),(56,14),(57,2),(57,14),(58,2),(58,14),(59,2),(59,14),(60,14),(61,2),(61,41),(62,19),(62,21),(63,2),(63,41),(64,22),(64,24),(65,22),(65,24),(66,22),(66,24),(67,22),(67,26),(68,22),(68,26),(69,22),(69,26),(70,36),(70,40),(71,36),(71,40),(72,36),(72,40),(73,36),(73,40),(74,36),(74,40),(75,36),(75,40),(76,36),(76,40),(77,36),(77,40),(78,36),(78,40),(79,36),(79,38),(80,22),(80,24),(81,22),(81,24),(82,36),(82,38),(83,36),(83,40),(84,36),(84,40),(85,36),(85,37),(86,36),(86,37),(87,36),(87,40),(88,36),(88,40),(89,15),(90,15),(91,15),(92,16),(93,16),(105,16),(106,16),(107,15),(108,15),(109,11),(109,19),(109,21),(110,15),(111,15),(112,15),(113,16),(114,16),(115,16),(116,16),(117,16),(118,16),(119,16),(120,2),(120,13),(121,2),(121,13),(122,2),(122,13),(123,2),(123,13),(124,2),(124,41),(125,2),(126,36),(126,42),(127,22),(127,26),(128,2),(129,36),(130,36),(130,37),(131,36),(131,42),(132,36),(132,38),(133,40),(134,36),(134,37),(135,36),(135,37);
/*!40000 ALTER TABLE `product_categories` ENABLE KEYS */;
UNLOCK TABLES;

--
-- Table structure for table `product_options`
--

DROP TABLE IF EXISTS `product_options`;
/*!40101 SET @saved_cs_client     = @@character_set_client */;
/*!40101 SET character_set_client = utf8 */;
CREATE TABLE `product_options` (
  `product_id` int(10) unsigned NOT NULL,
  `option_id` int(10) unsigned NOT NULL,
  PRIMARY KEY (`product_id`,`option_id`),
  KEY `product_options_option_id_foreign` (`option_id`),
  CONSTRAINT `product_options_option_id_foreign` FOREIGN KEY (`option_id`) REFERENCES `options` (`id`) ON DELETE CASCADE,
  CONSTRAINT `product_options_product_id_foreign` FOREIGN KEY (`product_id`) REFERENCES `products` (`id`) ON DELETE CASCADE
) ENGINE=InnoDB DEFAULT CHARSET=utf8mb4 COLLATE=utf8mb4_unicode_ci;
/*!40101 SET character_set_client = @saved_cs_client */;

--
-- Dumping data for table `product_options`
--

LOCK TABLES `product_options` WRITE;
/*!40000 ALTER TABLE `product_options` DISABLE KEYS */;
/*!40000 ALTER TABLE `product_options` ENABLE KEYS */;
UNLOCK TABLES;

--
-- Table structure for table `product_tags`
--

DROP TABLE IF EXISTS `product_tags`;
/*!40101 SET @saved_cs_client     = @@character_set_client */;
/*!40101 SET character_set_client = utf8 */;
CREATE TABLE `product_tags` (
  `product_id` int(10) unsigned NOT NULL,
  `tag_id` int(10) unsigned NOT NULL,
  PRIMARY KEY (`product_id`,`tag_id`),
  KEY `product_tags_tag_id_foreign` (`tag_id`),
  CONSTRAINT `product_tags_product_id_foreign` FOREIGN KEY (`product_id`) REFERENCES `products` (`id`) ON DELETE CASCADE,
  CONSTRAINT `product_tags_tag_id_foreign` FOREIGN KEY (`tag_id`) REFERENCES `tags` (`id`) ON DELETE CASCADE
) ENGINE=InnoDB DEFAULT CHARSET=utf8mb4 COLLATE=utf8mb4_unicode_ci;
/*!40101 SET character_set_client = @saved_cs_client */;

--
-- Dumping data for table `product_tags`
--

LOCK TABLES `product_tags` WRITE;
/*!40000 ALTER TABLE `product_tags` DISABLE KEYS */;
INSERT INTO `product_tags` VALUES (120,2),(121,2),(122,2),(124,2),(125,2),(130,2);
/*!40000 ALTER TABLE `product_tags` ENABLE KEYS */;
UNLOCK TABLES;

--
-- Table structure for table `product_translations`
--

DROP TABLE IF EXISTS `product_translations`;
/*!40101 SET @saved_cs_client     = @@character_set_client */;
/*!40101 SET character_set_client = utf8 */;
CREATE TABLE `product_translations` (
  `id` int(10) unsigned NOT NULL AUTO_INCREMENT,
  `product_id` int(10) unsigned NOT NULL,
  `locale` varchar(191) COLLATE utf8mb4_unicode_ci NOT NULL,
  `name` varchar(191) COLLATE utf8mb4_unicode_ci NOT NULL,
  `description` longtext COLLATE utf8mb4_unicode_ci NOT NULL,
  `short_description` text COLLATE utf8mb4_unicode_ci DEFAULT NULL,
  PRIMARY KEY (`id`),
  UNIQUE KEY `product_translations_product_id_locale_unique` (`product_id`,`locale`),
  FULLTEXT KEY `name` (`name`),
  CONSTRAINT `product_translations_product_id_foreign` FOREIGN KEY (`product_id`) REFERENCES `products` (`id`) ON DELETE CASCADE
) ENGINE=InnoDB AUTO_INCREMENT=125 DEFAULT CHARSET=utf8mb4 COLLATE=utf8mb4_unicode_ci;
/*!40101 SET character_set_client = @saved_cs_client */;

--
-- Dumping data for table `product_translations`
--

LOCK TABLES `product_translations` WRITE;
/*!40000 ALTER TABLE `product_translations` DISABLE KEYS */;
INSERT INTO `product_translations` VALUES (2,2,'en','7.5 Inches Pizza Box (100 pc pack)','<h2 style=\"line-height: 22.5pt; background: white; margin: 0in 0in 11.25pt 0in;\"><span style=\"font-size: 18.0pt; font-family: \'Arial\',sans-serif; color: #191919; font-weight: normal;\">3 Ply Pizza Box size 7.5x7.5x1.5 inches</span></h2><p>With immense experience in the domain, we are manufacturing and supplying a wide range of Corrugated Boxes. These boxes are manufactured under the guidance of our expert professionals, who make use of high-grade raw material in the manufacturing process.</p><p>Modern Packagers Provide the best quality of Pizza boxes regular sizes 7.5 Inches, 10 Inches, 13 Inches, and customized pizza boxes minimum order quantity is 500 pieces.&nbsp;&nbsp;</p><h1><span style=\"font-size: 18.0pt; font-family: \'Calibri Light\',sans-serif; mso-ascii-theme-font: major-latin; mso-hansi-theme-font: major-latin; mso-bidi-theme-font: major-latin;\">Uses:- </span><span style=\"font-size: 18.0pt; font-family: \'Calibri Light\',sans-serif; mso-ascii-theme-font: major-latin; mso-hansi-theme-font: major-latin; mso-bidi-theme-font: major-latin; color: black; font-weight: normal;\">Pizza packaging Box,</span></h1>',NULL),(3,3,'en','Pizza Box 10 Inches (50 PC PACK)','<h1 style=\"line-height: 22.5pt; background: white; margin: 0in 0in 11.25pt 0in;\"><span style=\"font-size: 18.0pt; font-family: \'Arial\',sans-serif; color: #191919; font-weight: normal;\">3 Ply Pizza Box 10x10x1.75 inches</span></h1><h1><span style=\"font-size: 18.0pt; font-family: \'Calibri Light\',sans-serif; mso-ascii-theme-font: major-latin; mso-fareast-font-family: \'Times New Roman\'; mso-fareast-theme-font: major-fareast; mso-hansi-theme-font: major-latin; mso-bidi-theme-font: major-latin; letter-spacing: -.5pt; mso-font-kerning: 14.0pt; font-weight: normal;\">With immense experience of the domain, we are manufacturing and supplying a wide range of&nbsp;Corrugated Boxes. These boxes are manufactured under the guidance of our expert professionals, who make use of high-grade raw material in the manufacturing process.</span></h1><table class=\"MsoTableGrid\" style=\"width: 344.25pt; border-collapse: collapse; border: none; mso-border-alt: solid windowtext .5pt; mso-yfti-tbllook: 1184; mso-table-lspace: 9.0pt; margin-left: 6.75pt; mso-table-rspace: 9.0pt; margin-right: 6.75pt; mso-table-anchor-vertical: paragraph; mso-table-anchor-horizontal: margin; mso-table-left: left; mso-table-top: 2.05pt; mso-padding-alt: 0in 5.4pt 0in 5.4pt;\" border=\"1\" width=\"0\" cellspacing=\"0\" cellpadding=\"0\" align=\"left\"><tbody><tr style=\"mso-yfti-irow: 0; mso-yfti-firstrow: yes; height: 25.7pt;\"><td style=\"width: 81.8pt; border: solid windowtext 1.0pt; mso-border-alt: solid windowtext .5pt; padding: 0in 5.4pt 0in 5.4pt; height: 25.7pt;\" valign=\"top\" width=\"109\"><h1 style=\"text-align: center; mso-outline-level: 1; mso-element: frame; mso-element-frame-hspace: 9.0pt; mso-element-wrap: around; mso-element-anchor-vertical: paragraph; mso-element-anchor-horizontal: margin; mso-element-top: 2.05pt; mso-height-rule: exactly;\" align=\"center\"><span class=\"TitleChar\"><span style=\"font-size: 20.0pt; color: black; mso-themecolor: text1; mso-style-textoutline-type: none; mso-style-textoutline-outlinestyle-dpiwidth: 0pt; mso-style-textoutline-outlinestyle-linecap: flat; mso-style-textoutline-outlinestyle-join: round; mso-style-textoutline-outlinestyle-pctmiterlimit: 0%; mso-style-textoutline-outlinestyle-dash: solid; mso-style-textoutline-outlinestyle-align: center; mso-style-textoutline-outlinestyle-compound: simple; mso-effects-shadow-color: black; mso-effects-shadow-themecolor: dark1; mso-effects-shadow-alpha: 40.0%; mso-effects-shadow-dpiradius: 3.0pt; mso-effects-shadow-dpidistance: 1.5pt; mso-effects-shadow-angledirection: 2700000; mso-effects-shadow-align: topleft; mso-effects-shadow-pctsx: 100.0%; mso-effects-shadow-pctsy: 100.0%; mso-effects-shadow-anglekx: 0; mso-effects-shadow-angleky: 0; font-weight: normal; mso-bidi-font-weight: bold;\">Height</span></span></h1></td><td style=\"width: 77.45pt; border: solid windowtext 1.0pt; border-left: none; mso-border-left-alt: solid windowtext .5pt; mso-border-alt: solid windowtext .5pt; padding: 0in 5.4pt 0in 5.4pt; height: 25.7pt;\" valign=\"top\" width=\"103\"><h1 style=\"text-align: center; mso-outline-level: 1; mso-element: frame; mso-element-frame-hspace: 9.0pt; mso-element-wrap: around; mso-element-anchor-vertical: paragraph; mso-element-anchor-horizontal: margin; mso-element-top: 2.05pt; mso-height-rule: exactly;\" align=\"center\"><span class=\"TitleChar\"><span style=\"font-size: 20.0pt; color: black; mso-themecolor: text1; mso-style-textoutline-type: none; mso-style-textoutline-outlinestyle-dpiwidth: 0pt; mso-style-textoutline-outlinestyle-linecap: flat; mso-style-textoutline-outlinestyle-join: round; mso-style-textoutline-outlinestyle-pctmiterlimit: 0%; mso-style-textoutline-outlinestyle-dash: solid; mso-style-textoutline-outlinestyle-align: center; mso-style-textoutline-outlinestyle-compound: simple; mso-effects-shadow-color: black; mso-effects-shadow-themecolor: dark1; mso-effects-shadow-alpha: 40.0%; mso-effects-shadow-dpiradius: 3.0pt; mso-effects-shadow-dpidistance: 1.5pt; mso-effects-shadow-angledirection: 2700000; mso-effects-shadow-align: topleft; mso-effects-shadow-pctsx: 100.0%; mso-effects-shadow-pctsy: 100.0%; mso-effects-shadow-anglekx: 0; mso-effects-shadow-angleky: 0; font-weight: normal; mso-bidi-font-weight: bold;\">Width</span></span></h1></td><td style=\"width: 84.25pt; border: solid windowtext 1.0pt; border-left: none; mso-border-left-alt: solid windowtext .5pt; mso-border-alt: solid windowtext .5pt; padding: 0in 5.4pt 0in 5.4pt; height: 25.7pt;\" valign=\"top\" width=\"112\"><h1 style=\"text-align: center; mso-outline-level: 1; mso-element: frame; mso-element-frame-hspace: 9.0pt; mso-element-wrap: around; mso-element-anchor-vertical: paragraph; mso-element-anchor-horizontal: margin; mso-element-top: 2.05pt; mso-height-rule: exactly;\" align=\"center\"><span class=\"TitleChar\"><span style=\"font-size: 20.0pt; color: black; mso-themecolor: text1; mso-style-textoutline-type: none; mso-style-textoutline-outlinestyle-dpiwidth: 0pt; mso-style-textoutline-outlinestyle-linecap: flat; mso-style-textoutline-outlinestyle-join: round; mso-style-textoutline-outlinestyle-pctmiterlimit: 0%; mso-style-textoutline-outlinestyle-dash: solid; mso-style-textoutline-outlinestyle-align: center; mso-style-textoutline-outlinestyle-compound: simple; mso-effects-shadow-color: black; mso-effects-shadow-themecolor: dark1; mso-effects-shadow-alpha: 40.0%; mso-effects-shadow-dpiradius: 3.0pt; mso-effects-shadow-dpidistance: 1.5pt; mso-effects-shadow-angledirection: 2700000; mso-effects-shadow-align: topleft; mso-effects-shadow-pctsx: 100.0%; mso-effects-shadow-pctsy: 100.0%; mso-effects-shadow-anglekx: 0; mso-effects-shadow-angleky: 0; font-weight: normal; mso-bidi-font-weight: bold;\">Length</span></span></h1></td><td style=\"width: 100.75pt; border: solid windowtext 1.0pt; border-left: none; mso-border-left-alt: solid windowtext .5pt; mso-border-alt: solid windowtext .5pt; padding: 0in 5.4pt 0in 5.4pt; height: 25.7pt;\" valign=\"top\" width=\"134\"><h1 style=\"text-align: center; mso-outline-level: 1; mso-element: frame; mso-element-frame-hspace: 9.0pt; mso-element-wrap: around; mso-element-anchor-vertical: paragraph; mso-element-anchor-horizontal: margin; mso-element-top: 2.05pt; mso-height-rule: exactly;\" align=\"center\"><span class=\"TitleChar\"><span style=\"font-size: 20.0pt; color: black; mso-themecolor: text1; letter-spacing: 0pt; mso-style-textoutline-type: none; mso-style-textoutline-outlinestyle-dpiwidth: 0pt; mso-style-textoutline-outlinestyle-linecap: flat; mso-style-textoutline-outlinestyle-join: round; mso-style-textoutline-outlinestyle-pctmiterlimit: 0%; mso-style-textoutline-outlinestyle-dash: solid; mso-style-textoutline-outlinestyle-align: center; mso-style-textoutline-outlinestyle-compound: simple; mso-effects-shadow-color: black; mso-effects-shadow-themecolor: dark1; mso-effects-shadow-alpha: 40.0%; mso-effects-shadow-dpiradius: 3.0pt; mso-effects-shadow-dpidistance: 1.5pt; mso-effects-shadow-angledirection: 2700000; mso-effects-shadow-align: topleft; mso-effects-shadow-pctsx: 100.0%; mso-effects-shadow-pctsy: 100.0%; mso-effects-shadow-anglekx: 0; mso-effects-shadow-angleky: 0; font-weight: normal; mso-bidi-font-weight: bold;\">Color</span></span></h1></td></tr><tr style=\"mso-yfti-irow: 1; mso-yfti-lastrow: yes; height: 25.7pt;\"><td style=\"width: 81.8pt; border: solid windowtext 1.0pt; border-top: none; mso-border-top-alt: solid windowtext .5pt; mso-border-alt: solid windowtext .5pt; padding: 0in 5.4pt 0in 5.4pt; height: 25.7pt;\" valign=\"top\" width=\"109\"><h1 style=\"text-align: center; mso-outline-level: 1; mso-element: frame; mso-element-frame-hspace: 9.0pt; mso-element-wrap: around; mso-element-anchor-vertical: paragraph; mso-element-anchor-horizontal: margin; mso-element-top: 2.05pt; mso-height-rule: exactly;\" align=\"center\"><span class=\"TitleChar\"><span style=\"font-size: 16.0pt; font-weight: normal;\">1.75 Inches</span></span></h1></td><td style=\"width: 77.45pt; border-top: none; border-left: none; border-bottom: solid windowtext 1.0pt; border-right: solid windowtext 1.0pt; mso-border-top-alt: solid windowtext .5pt; mso-border-left-alt: solid windowtext .5pt; mso-border-alt: solid windowtext .5pt; padding: 0in 5.4pt 0in 5.4pt; height: 25.7pt;\" valign=\"top\" width=\"103\"><h1 style=\"text-align: center; mso-outline-level: 1; mso-element: frame; mso-element-frame-hspace: 9.0pt; mso-element-wrap: around; mso-element-anchor-vertical: paragraph; mso-element-anchor-horizontal: margin; mso-element-top: 2.05pt; mso-height-rule: exactly;\" align=\"center\"><span class=\"TitleChar\"><span style=\"font-size: 16.0pt; font-weight: normal;\">10 Inches</span></span></h1></td><td style=\"width: 84.25pt; border-top: none; border-left: none; border-bottom: solid windowtext 1.0pt; border-right: solid windowtext 1.0pt; mso-border-top-alt: solid windowtext .5pt; mso-border-left-alt: solid windowtext .5pt; mso-border-alt: solid windowtext .5pt; padding: 0in 5.4pt 0in 5.4pt; height: 25.7pt;\" valign=\"top\" width=\"112\"><h1 style=\"text-align: center; mso-outline-level: 1; mso-element: frame; mso-element-frame-hspace: 9.0pt; mso-element-wrap: around; mso-element-anchor-vertical: paragraph; mso-element-anchor-horizontal: margin; mso-element-top: 2.05pt; mso-height-rule: exactly;\" align=\"center\"><span class=\"TitleChar\"><span style=\"font-size: 16.0pt; font-weight: normal;\">10 Inches</span></span></h1></td><td style=\"width: 100.75pt; border-top: none; border-left: none; border-bottom: solid windowtext 1.0pt; border-right: solid windowtext 1.0pt; mso-border-top-alt: solid windowtext .5pt; mso-border-left-alt: solid windowtext .5pt; mso-border-alt: solid windowtext .5pt; padding: 0in 5.4pt 0in 5.4pt; height: 25.7pt;\" valign=\"top\" width=\"134\"><h1 style=\"text-align: center; mso-outline-level: 1; mso-element: frame; mso-element-frame-hspace: 9.0pt; mso-element-wrap: around; mso-element-anchor-vertical: paragraph; mso-element-anchor-horizontal: margin; mso-element-top: 2.05pt; mso-height-rule: exactly;\" align=\"center\"><span class=\"TitleChar\"><span style=\"font-size: 16.0pt; font-weight: normal;\">Brown</span></span></h1></td></tr></tbody></table><h1><span class=\"TitleChar\"><span style=\"font-size: 18.0pt; mso-bidi-font-family: \'Calibri Light\'; mso-bidi-theme-font: major-latin; font-weight: normal;\">&nbsp;</span></span></h1><h1><span class=\"TitleChar\"><span style=\"font-size: 18.0pt; mso-bidi-font-family: \'Calibri Light\'; mso-bidi-theme-font: major-latin; font-weight: normal;\">&nbsp;</span></span></h1><h1><span class=\"TitleChar\"><span style=\"font-size: 18.0pt; mso-bidi-font-family: \'Calibri Light\'; mso-bidi-theme-font: major-latin; font-weight: normal;\">&nbsp;</span></span></h1><h1>&nbsp;</h1><h1><span style=\"font-size: 18.0pt; font-family: \'Calibri Light\',sans-serif; mso-ascii-theme-font: major-latin; mso-hansi-theme-font: major-latin; mso-bidi-theme-font: major-latin;\">Uses:- </span><span style=\"font-size: 18.0pt; font-family: \'Calibri Light\',sans-serif; mso-ascii-theme-font: major-latin; mso-hansi-theme-font: major-latin; mso-bidi-theme-font: major-latin; color: black; font-weight: normal;\">Pizza packaging Box,</span></h1>',NULL),(4,4,'en','Pizza Box 13 Inches (50 PC PACK)','<h1 style=\"line-height: 22.5pt; background: white; margin: 0in 0in 11.25pt 0in;\"><span style=\"font-size: 18.0pt; font-family: \'Arial\',sans-serif; color: #191919; font-weight: normal;\">3 Ply Pizza Box 13x13x1.75 inches</span></h1><h1><span style=\"font-size: 18.0pt; font-family: \'Calibri Light\',sans-serif; mso-ascii-theme-font: major-latin; mso-fareast-font-family: \'Times New Roman\'; mso-fareast-theme-font: major-fareast; mso-hansi-theme-font: major-latin; mso-bidi-theme-font: major-latin; letter-spacing: -.5pt; mso-font-kerning: 14.0pt; font-weight: normal;\">With immense experience of the domain, we are manufacturing and supplying a wide range of&nbsp;Corrugated Boxes. These boxes are manufactured under the guidance of our expert professionals, who make use of high-grade raw material in the manufacturing process.</span></h1><table class=\"MsoTableGrid\" style=\"width: 560px; border-collapse: collapse; border: none; margin-left: 6.75pt; margin-right: 6.75pt; height: 223px;\" border=\"1\" width=\"0\" cellspacing=\"0\" cellpadding=\"0\" align=\"left\"><tbody><tr style=\"mso-yfti-irow: 0; mso-yfti-firstrow: yes; height: 25.7pt;\"><td style=\"width: 81.8pt; border: solid windowtext 1.0pt; mso-border-alt: solid windowtext .5pt; padding: 0in 5.4pt 0in 5.4pt; height: 25.7pt;\" valign=\"top\" width=\"109\"><h1 style=\"text-align: center; mso-outline-level: 1; mso-element: frame; mso-element-frame-hspace: 9.0pt; mso-element-wrap: around; mso-element-anchor-vertical: paragraph; mso-element-anchor-horizontal: margin; mso-element-top: 2.05pt; mso-height-rule: exactly;\" align=\"center\"><span class=\"TitleChar\"><span style=\"font-size: 20.0pt; color: black; mso-themecolor: text1; mso-style-textoutline-type: none; mso-style-textoutline-outlinestyle-dpiwidth: 0pt; mso-style-textoutline-outlinestyle-linecap: flat; mso-style-textoutline-outlinestyle-join: round; mso-style-textoutline-outlinestyle-pctmiterlimit: 0%; mso-style-textoutline-outlinestyle-dash: solid; mso-style-textoutline-outlinestyle-align: center; mso-style-textoutline-outlinestyle-compound: simple; mso-effects-shadow-color: black; mso-effects-shadow-themecolor: dark1; mso-effects-shadow-alpha: 40.0%; mso-effects-shadow-dpiradius: 3.0pt; mso-effects-shadow-dpidistance: 1.5pt; mso-effects-shadow-angledirection: 2700000; mso-effects-shadow-align: topleft; mso-effects-shadow-pctsx: 100.0%; mso-effects-shadow-pctsy: 100.0%; mso-effects-shadow-anglekx: 0; mso-effects-shadow-angleky: 0; font-weight: normal; mso-bidi-font-weight: bold;\">Length</span></span></h1></td><td style=\"width: 77.45pt; border: solid windowtext 1.0pt; border-left: none; mso-border-left-alt: solid windowtext .5pt; mso-border-alt: solid windowtext .5pt; padding: 0in 5.4pt 0in 5.4pt; height: 25.7pt;\" valign=\"top\" width=\"103\"><h1 style=\"text-align: center; mso-outline-level: 1; mso-element: frame; mso-element-frame-hspace: 9.0pt; mso-element-wrap: around; mso-element-anchor-vertical: paragraph; mso-element-anchor-horizontal: margin; mso-element-top: 2.05pt; mso-height-rule: exactly;\" align=\"center\"><span class=\"TitleChar\"><span style=\"font-size: 20.0pt; color: black; mso-themecolor: text1; mso-style-textoutline-type: none; mso-style-textoutline-outlinestyle-dpiwidth: 0pt; mso-style-textoutline-outlinestyle-linecap: flat; mso-style-textoutline-outlinestyle-join: round; mso-style-textoutline-outlinestyle-pctmiterlimit: 0%; mso-style-textoutline-outlinestyle-dash: solid; mso-style-textoutline-outlinestyle-align: center; mso-style-textoutline-outlinestyle-compound: simple; mso-effects-shadow-color: black; mso-effects-shadow-themecolor: dark1; mso-effects-shadow-alpha: 40.0%; mso-effects-shadow-dpiradius: 3.0pt; mso-effects-shadow-dpidistance: 1.5pt; mso-effects-shadow-angledirection: 2700000; mso-effects-shadow-align: topleft; mso-effects-shadow-pctsx: 100.0%; mso-effects-shadow-pctsy: 100.0%; mso-effects-shadow-anglekx: 0; mso-effects-shadow-angleky: 0; font-weight: normal; mso-bidi-font-weight: bold;\">Width</span></span></h1></td><td style=\"width: 84.25pt; border: solid windowtext 1.0pt; border-left: none; mso-border-left-alt: solid windowtext .5pt; mso-border-alt: solid windowtext .5pt; padding: 0in 5.4pt 0in 5.4pt; height: 25.7pt;\" valign=\"top\" width=\"112\"><h1 style=\"text-align: center; mso-outline-level: 1; mso-element: frame; mso-element-frame-hspace: 9.0pt; mso-element-wrap: around; mso-element-anchor-vertical: paragraph; mso-element-anchor-horizontal: margin; mso-element-top: 2.05pt; mso-height-rule: exactly;\" align=\"center\"><span class=\"TitleChar\"><span style=\"font-size: 20.0pt; color: black; mso-themecolor: text1; mso-style-textoutline-type: none; mso-style-textoutline-outlinestyle-dpiwidth: 0pt; mso-style-textoutline-outlinestyle-linecap: flat; mso-style-textoutline-outlinestyle-join: round; mso-style-textoutline-outlinestyle-pctmiterlimit: 0%; mso-style-textoutline-outlinestyle-dash: solid; mso-style-textoutline-outlinestyle-align: center; mso-style-textoutline-outlinestyle-compound: simple; mso-effects-shadow-color: black; mso-effects-shadow-themecolor: dark1; mso-effects-shadow-alpha: 40.0%; mso-effects-shadow-dpiradius: 3.0pt; mso-effects-shadow-dpidistance: 1.5pt; mso-effects-shadow-angledirection: 2700000; mso-effects-shadow-align: topleft; mso-effects-shadow-pctsx: 100.0%; mso-effects-shadow-pctsy: 100.0%; mso-effects-shadow-anglekx: 0; mso-effects-shadow-angleky: 0; font-weight: normal; mso-bidi-font-weight: bold;\">Height</span></span></h1></td><td style=\"width: 100.75pt; border: solid windowtext 1.0pt; border-left: none; mso-border-left-alt: solid windowtext .5pt; mso-border-alt: solid windowtext .5pt; padding: 0in 5.4pt 0in 5.4pt; height: 25.7pt;\" valign=\"top\" width=\"134\"><h1 style=\"text-align: center; mso-outline-level: 1; mso-element: frame; mso-element-frame-hspace: 9.0pt; mso-element-wrap: around; mso-element-anchor-vertical: paragraph; mso-element-anchor-horizontal: margin; mso-element-top: 2.05pt; mso-height-rule: exactly;\" align=\"center\"><span class=\"TitleChar\"><span style=\"font-size: 20.0pt; color: black; mso-themecolor: text1; letter-spacing: 0pt; mso-style-textoutline-type: none; mso-style-textoutline-outlinestyle-dpiwidth: 0pt; mso-style-textoutline-outlinestyle-linecap: flat; mso-style-textoutline-outlinestyle-join: round; mso-style-textoutline-outlinestyle-pctmiterlimit: 0%; mso-style-textoutline-outlinestyle-dash: solid; mso-style-textoutline-outlinestyle-align: center; mso-style-textoutline-outlinestyle-compound: simple; mso-effects-shadow-color: black; mso-effects-shadow-themecolor: dark1; mso-effects-shadow-alpha: 40.0%; mso-effects-shadow-dpiradius: 3.0pt; mso-effects-shadow-dpidistance: 1.5pt; mso-effects-shadow-angledirection: 2700000; mso-effects-shadow-align: topleft; mso-effects-shadow-pctsx: 100.0%; mso-effects-shadow-pctsy: 100.0%; mso-effects-shadow-anglekx: 0; mso-effects-shadow-angleky: 0; font-weight: normal; mso-bidi-font-weight: bold;\">Color</span></span></h1></td></tr><tr style=\"mso-yfti-irow: 1; mso-yfti-lastrow: yes; height: 25.7pt;\"><td style=\"width: 81.8pt; border: solid windowtext 1.0pt; border-top: none; mso-border-top-alt: solid windowtext .5pt; mso-border-alt: solid windowtext .5pt; padding: 0in 5.4pt 0in 5.4pt; height: 25.7pt;\" valign=\"top\" width=\"109\"><h1 style=\"text-align: center; mso-outline-level: 1; mso-element: frame; mso-element-frame-hspace: 9.0pt; mso-element-wrap: around; mso-element-anchor-vertical: paragraph; mso-element-anchor-horizontal: margin; mso-element-top: 2.05pt; mso-height-rule: exactly;\" align=\"center\"><span class=\"TitleChar\"><span style=\"font-size: 16.0pt; font-weight: normal;\">13 Inches</span></span></h1></td><td style=\"width: 77.45pt; border-top: none; border-left: none; border-bottom: solid windowtext 1.0pt; border-right: solid windowtext 1.0pt; mso-border-top-alt: solid windowtext .5pt; mso-border-left-alt: solid windowtext .5pt; mso-border-alt: solid windowtext .5pt; padding: 0in 5.4pt 0in 5.4pt; height: 25.7pt;\" valign=\"top\" width=\"103\"><h1 style=\"text-align: center; mso-outline-level: 1; mso-element: frame; mso-element-frame-hspace: 9.0pt; mso-element-wrap: around; mso-element-anchor-vertical: paragraph; mso-element-anchor-horizontal: margin; mso-element-top: 2.05pt; mso-height-rule: exactly;\" align=\"center\"><span class=\"TitleChar\"><span style=\"font-size: 16.0pt; font-weight: normal;\">13 Inches</span></span></h1></td><td style=\"width: 84.25pt; border-top: none; border-left: none; border-bottom: solid windowtext 1.0pt; border-right: solid windowtext 1.0pt; mso-border-top-alt: solid windowtext .5pt; mso-border-left-alt: solid windowtext .5pt; mso-border-alt: solid windowtext .5pt; padding: 0in 5.4pt 0in 5.4pt; height: 25.7pt;\" valign=\"top\" width=\"112\"><h1 style=\"text-align: center; mso-outline-level: 1; mso-element: frame; mso-element-frame-hspace: 9.0pt; mso-element-wrap: around; mso-element-anchor-vertical: paragraph; mso-element-anchor-horizontal: margin; mso-element-top: 2.05pt; mso-height-rule: exactly;\" align=\"center\"><span class=\"TitleChar\"><span style=\"font-size: 16.0pt; font-weight: normal;\">1.75 Inches</span></span></h1></td><td style=\"width: 100.75pt; border-top: none; border-left: none; border-bottom: solid windowtext 1.0pt; border-right: solid windowtext 1.0pt; mso-border-top-alt: solid windowtext .5pt; mso-border-left-alt: solid windowtext .5pt; mso-border-alt: solid windowtext .5pt; padding: 0in 5.4pt 0in 5.4pt; height: 25.7pt;\" valign=\"top\" width=\"134\"><h1 style=\"text-align: center; mso-outline-level: 1; mso-element: frame; mso-element-frame-hspace: 9.0pt; mso-element-wrap: around; mso-element-anchor-vertical: paragraph; mso-element-anchor-horizontal: margin; mso-element-top: 2.05pt; mso-height-rule: exactly;\" align=\"center\"><span class=\"TitleChar\"><span style=\"font-size: 16.0pt; font-weight: normal;\">Brown</span></span></h1></td></tr></tbody></table><h1><span class=\"TitleChar\"><span style=\"font-size: 18.0pt; mso-bidi-font-family: \'Calibri Light\'; mso-bidi-theme-font: major-latin; font-weight: normal;\">&nbsp;</span></span></h1><h1><span class=\"TitleChar\"><span style=\"font-size: 18.0pt; mso-bidi-font-family: \'Calibri Light\'; mso-bidi-theme-font: major-latin; font-weight: normal;\">&nbsp;</span></span></h1><h1><span class=\"TitleChar\"><span style=\"font-size: 18.0pt; mso-bidi-font-family: \'Calibri Light\'; mso-bidi-theme-font: major-latin; font-weight: normal;\">&nbsp;</span></span></h1><h1>&nbsp;</h1><p><span style=\"font-size: 18.0pt; font-family: \'Calibri Light\',sans-serif; mso-ascii-theme-font: major-latin; mso-hansi-theme-font: major-latin; mso-bidi-theme-font: major-latin;\"><span style=\"font-family: Calibri Light, sans-serif;\"><span style=\"font-size: 24px;\">Modern Packagers Provide the best quality of Pizza boxes regular sizes 7.5 Inches, 10 Inches, 13 Inches, and customized pizza boxes minimum order quantity is 500 pieces.&nbsp;</span></span></span></p><h1><span style=\"font-size: 18.0pt; font-family: \'Calibri Light\',sans-serif; mso-ascii-theme-font: major-latin; mso-hansi-theme-font: major-latin; mso-bidi-theme-font: major-latin;\">Uses:- </span><span style=\"font-size: 18.0pt; font-family: \'Calibri Light\',sans-serif; mso-ascii-theme-font: major-latin; mso-hansi-theme-font: major-latin; mso-bidi-theme-font: major-latin; color: black; font-weight: normal;\">Pizza packaging Box,</span></h1>',NULL),(5,5,'en','Regular Burger Box (100 pc pack)','<h1><span style=\"font-size: 18.0pt; font-family: \'Arial\',sans-serif; color: #191919; font-weight: normal;\">Regular Burger Box Size in mm (79x118x118)</span></h1><h1><span style=\"font-size: 18.0pt; font-family: \'Calibri Light\',sans-serif; mso-ascii-theme-font: major-latin; mso-fareast-font-family: \'Times New Roman\'; mso-fareast-theme-font: major-fareast; mso-hansi-theme-font: major-latin; mso-bidi-theme-font: major-latin; letter-spacing: -.5pt; mso-font-kerning: 14.0pt; font-weight: normal;\">With immense experience of the Burger king, we are manufacturing and supplying a wide range of&nbsp;white Kraft Paper Square Burger Box Plain and Customized Printing plane paper, Printed or Corrugated Boxes. These boxes are manufactured under the guidance of our expert professionals, who make use of high-grade raw material in the manufacturing process.</span></h1><table class=\"MsoTableGrid\" style=\"width: 614px; border-collapse: collapse; border: none; margin-left: 6.75pt; margin-right: 6.75pt; height: 178px;\" border=\"1\" width=\"0\" cellspacing=\"0\" cellpadding=\"0\" align=\"left\"><tbody><tr style=\"mso-yfti-irow: 0; mso-yfti-firstrow: yes; height: 25.7pt;\"><td style=\"width: 81.8pt; border: solid windowtext 1.0pt; mso-border-alt: solid windowtext .5pt; padding: 0in 5.4pt 0in 5.4pt; height: 25.7pt;\" valign=\"top\" width=\"109\"><h1 style=\"text-align: center; mso-outline-level: 1; mso-element: frame; mso-element-frame-hspace: 9.0pt; mso-element-wrap: around; mso-element-anchor-vertical: paragraph; mso-element-anchor-horizontal: margin; mso-element-top: 2.05pt; mso-height-rule: exactly;\" align=\"center\"><span class=\"TitleChar\"><span style=\"font-size: 20.0pt; color: black; mso-themecolor: text1; mso-style-textoutline-type: none; mso-style-textoutline-outlinestyle-dpiwidth: 0pt; mso-style-textoutline-outlinestyle-linecap: flat; mso-style-textoutline-outlinestyle-join: round; mso-style-textoutline-outlinestyle-pctmiterlimit: 0%; mso-style-textoutline-outlinestyle-dash: solid; mso-style-textoutline-outlinestyle-align: center; mso-style-textoutline-outlinestyle-compound: simple; mso-effects-shadow-color: black; mso-effects-shadow-themecolor: dark1; mso-effects-shadow-alpha: 40.0%; mso-effects-shadow-dpiradius: 3.0pt; mso-effects-shadow-dpidistance: 1.5pt; mso-effects-shadow-angledirection: 2700000; mso-effects-shadow-align: topleft; mso-effects-shadow-pctsx: 100.0%; mso-effects-shadow-pctsy: 100.0%; mso-effects-shadow-anglekx: 0; mso-effects-shadow-angleky: 0; font-weight: normal; mso-bidi-font-weight: bold;\">Length</span></span></h1></td><td style=\"width: 77.45pt; border: solid windowtext 1.0pt; border-left: none; mso-border-left-alt: solid windowtext .5pt; mso-border-alt: solid windowtext .5pt; padding: 0in 5.4pt 0in 5.4pt; height: 25.7pt;\" valign=\"top\" width=\"103\"><h1 style=\"text-align: center; mso-outline-level: 1; mso-element: frame; mso-element-frame-hspace: 9.0pt; mso-element-wrap: around; mso-element-anchor-vertical: paragraph; mso-element-anchor-horizontal: margin; mso-element-top: 2.05pt; mso-height-rule: exactly;\" align=\"center\"><span class=\"TitleChar\"><span style=\"font-size: 20.0pt; color: black; mso-themecolor: text1; mso-style-textoutline-type: none; mso-style-textoutline-outlinestyle-dpiwidth: 0pt; mso-style-textoutline-outlinestyle-linecap: flat; mso-style-textoutline-outlinestyle-join: round; mso-style-textoutline-outlinestyle-pctmiterlimit: 0%; mso-style-textoutline-outlinestyle-dash: solid; mso-style-textoutline-outlinestyle-align: center; mso-style-textoutline-outlinestyle-compound: simple; mso-effects-shadow-color: black; mso-effects-shadow-themecolor: dark1; mso-effects-shadow-alpha: 40.0%; mso-effects-shadow-dpiradius: 3.0pt; mso-effects-shadow-dpidistance: 1.5pt; mso-effects-shadow-angledirection: 2700000; mso-effects-shadow-align: topleft; mso-effects-shadow-pctsx: 100.0%; mso-effects-shadow-pctsy: 100.0%; mso-effects-shadow-anglekx: 0; mso-effects-shadow-angleky: 0; font-weight: normal; mso-bidi-font-weight: bold;\">Width</span></span></h1></td><td style=\"width: 84.25pt; border: solid windowtext 1.0pt; border-left: none; mso-border-left-alt: solid windowtext .5pt; mso-border-alt: solid windowtext .5pt; padding: 0in 5.4pt 0in 5.4pt; height: 25.7pt;\" valign=\"top\" width=\"112\"><h1 style=\"text-align: center; mso-outline-level: 1; mso-element: frame; mso-element-frame-hspace: 9.0pt; mso-element-wrap: around; mso-element-anchor-vertical: paragraph; mso-element-anchor-horizontal: margin; mso-element-top: 2.05pt; mso-height-rule: exactly;\" align=\"center\"><span class=\"TitleChar\"><span style=\"font-size: 20.0pt; color: black; mso-themecolor: text1; mso-style-textoutline-type: none; mso-style-textoutline-outlinestyle-dpiwidth: 0pt; mso-style-textoutline-outlinestyle-linecap: flat; mso-style-textoutline-outlinestyle-join: round; mso-style-textoutline-outlinestyle-pctmiterlimit: 0%; mso-style-textoutline-outlinestyle-dash: solid; mso-style-textoutline-outlinestyle-align: center; mso-style-textoutline-outlinestyle-compound: simple; mso-effects-shadow-color: black; mso-effects-shadow-themecolor: dark1; mso-effects-shadow-alpha: 40.0%; mso-effects-shadow-dpiradius: 3.0pt; mso-effects-shadow-dpidistance: 1.5pt; mso-effects-shadow-angledirection: 2700000; mso-effects-shadow-align: topleft; mso-effects-shadow-pctsx: 100.0%; mso-effects-shadow-pctsy: 100.0%; mso-effects-shadow-anglekx: 0; mso-effects-shadow-angleky: 0; font-weight: normal; mso-bidi-font-weight: bold;\">Height</span></span></h1></td><td style=\"width: 100.75pt; border: solid windowtext 1.0pt; border-left: none; mso-border-left-alt: solid windowtext .5pt; mso-border-alt: solid windowtext .5pt; padding: 0in 5.4pt 0in 5.4pt; height: 25.7pt;\" valign=\"top\" width=\"134\"><h1 style=\"text-align: center; mso-outline-level: 1; mso-element: frame; mso-element-frame-hspace: 9.0pt; mso-element-wrap: around; mso-element-anchor-vertical: paragraph; mso-element-anchor-horizontal: margin; mso-element-top: 2.05pt; mso-height-rule: exactly;\" align=\"center\"><span class=\"TitleChar\"><span style=\"font-size: 20.0pt; color: black; mso-themecolor: text1; letter-spacing: 0pt; mso-style-textoutline-type: none; mso-style-textoutline-outlinestyle-dpiwidth: 0pt; mso-style-textoutline-outlinestyle-linecap: flat; mso-style-textoutline-outlinestyle-join: round; mso-style-textoutline-outlinestyle-pctmiterlimit: 0%; mso-style-textoutline-outlinestyle-dash: solid; mso-style-textoutline-outlinestyle-align: center; mso-style-textoutline-outlinestyle-compound: simple; mso-effects-shadow-color: black; mso-effects-shadow-themecolor: dark1; mso-effects-shadow-alpha: 40.0%; mso-effects-shadow-dpiradius: 3.0pt; mso-effects-shadow-dpidistance: 1.5pt; mso-effects-shadow-angledirection: 2700000; mso-effects-shadow-align: topleft; mso-effects-shadow-pctsx: 100.0%; mso-effects-shadow-pctsy: 100.0%; mso-effects-shadow-anglekx: 0; mso-effects-shadow-angleky: 0; font-weight: normal; mso-bidi-font-weight: bold;\">Color</span></span></h1></td></tr><tr style=\"mso-yfti-irow: 1; mso-yfti-lastrow: yes; height: 25.7pt;\"><td style=\"width: 81.8pt; border: solid windowtext 1.0pt; border-top: none; mso-border-top-alt: solid windowtext .5pt; mso-border-alt: solid windowtext .5pt; padding: 0in 5.4pt 0in 5.4pt; height: 25.7pt;\" valign=\"top\" width=\"109\"><h1 style=\"text-align: center; mso-outline-level: 1; mso-element: frame; mso-element-frame-hspace: 9.0pt; mso-element-wrap: around; mso-element-anchor-vertical: paragraph; mso-element-anchor-horizontal: margin; mso-element-top: 2.05pt; mso-height-rule: exactly;\" align=\"center\"><span class=\"TitleChar\"><span style=\"font-size: 16.0pt; font-weight: normal;\">118 mm</span></span></h1></td><td style=\"width: 77.45pt; border-top: none; border-left: none; border-bottom: solid windowtext 1.0pt; border-right: solid windowtext 1.0pt; mso-border-top-alt: solid windowtext .5pt; mso-border-left-alt: solid windowtext .5pt; mso-border-alt: solid windowtext .5pt; padding: 0in 5.4pt 0in 5.4pt; height: 25.7pt;\" valign=\"top\" width=\"103\"><h1 style=\"text-align: center; mso-outline-level: 1; mso-element: frame; mso-element-frame-hspace: 9.0pt; mso-element-wrap: around; mso-element-anchor-vertical: paragraph; mso-element-anchor-horizontal: margin; mso-element-top: 2.05pt; mso-height-rule: exactly;\" align=\"center\"><span class=\"TitleChar\"><span style=\"font-size: 16.0pt; font-weight: normal;\">118 mm</span></span></h1></td><td style=\"width: 84.25pt; border-top: none; border-left: none; border-bottom: solid windowtext 1.0pt; border-right: solid windowtext 1.0pt; mso-border-top-alt: solid windowtext .5pt; mso-border-left-alt: solid windowtext .5pt; mso-border-alt: solid windowtext .5pt; padding: 0in 5.4pt 0in 5.4pt; height: 25.7pt;\" valign=\"top\" width=\"112\"><h1 style=\"text-align: center; mso-outline-level: 1; mso-element: frame; mso-element-frame-hspace: 9.0pt; mso-element-wrap: around; mso-element-anchor-vertical: paragraph; mso-element-anchor-horizontal: margin; mso-element-top: 2.05pt; mso-height-rule: exactly;\" align=\"center\"><span class=\"TitleChar\"><span style=\"font-size: 16.0pt; font-weight: normal;\">79 mm</span></span></h1></td><td style=\"width: 100.75pt; border-top: none; border-left: none; border-bottom: solid windowtext 1.0pt; border-right: solid windowtext 1.0pt; mso-border-top-alt: solid windowtext .5pt; mso-border-left-alt: solid windowtext .5pt; mso-border-alt: solid windowtext .5pt; padding: 0in 5.4pt 0in 5.4pt; height: 25.7pt;\" valign=\"top\" width=\"134\"><h1 style=\"text-align: center; mso-outline-level: 1; mso-element: frame; mso-element-frame-hspace: 9.0pt; mso-element-wrap: around; mso-element-anchor-vertical: paragraph; mso-element-anchor-horizontal: margin; mso-element-top: 2.05pt; mso-height-rule: exactly;\" align=\"center\"><span class=\"TitleChar\"><span style=\"font-size: 16.0pt; font-weight: normal;\">White</span></span></h1></td></tr></tbody></table><h1><span class=\"TitleChar\"><span style=\"font-size: 18.0pt; mso-bidi-font-family: \'Calibri Light\'; mso-bidi-theme-font: major-latin; font-weight: normal;\">&nbsp;</span></span></h1><h1><span class=\"TitleChar\"><span style=\"font-size: 18.0pt; mso-bidi-font-family: \'Calibri Light\'; mso-bidi-theme-font: major-latin; font-weight: normal;\">&nbsp;</span></span></h1><h1><span class=\"TitleChar\"><span style=\"font-size: 18.0pt; mso-bidi-font-family: \'Calibri Light\'; mso-bidi-theme-font: major-latin; font-weight: normal;\">&nbsp;</span></span></h1><h1><span style=\"font-size: 18.0pt; font-family: \'Calibri Light\',sans-serif; mso-ascii-theme-font: major-latin; mso-hansi-theme-font: major-latin; mso-bidi-theme-font: major-latin;\">Uses:- </span><span style=\"font-size: 18.0pt; font-family: \'Calibri Light\',sans-serif; mso-ascii-theme-font: major-latin; mso-hansi-theme-font: major-latin; mso-bidi-theme-font: major-latin; color: black; font-weight: normal;\">Burger packaging Box,</span></h1>',NULL),(6,6,'en','1 kg Cake box (50 PC PACK)','<h1><span style=\"font-size: 18.0pt; font-family: \'Arial\',sans-serif; color: #191919;\">1 kg Cakebox (50 Pieces /pack).</span></h1><p><!--[endif]-->Made from food certified board.</p><p>The curated design adds personality to your products.</p><p><!--[endif]-->Given the specification, we will customize and design the right box as per your requirement we can make logo printing for branding purposes.</p><p>Perfect for any occasion such as Birthdays, New year, Easter, Children\'s day and all kinds of celebrations.</p><p>These boxes are super sturdy, easy to open and come with a window atop for you to peep into the box.</p><p>These Cake boxes are commonly printed boxes made of 3 Ply Corrugated Sheet with Printed Paper over the Top.</p><p>&nbsp;</p><table class=\"MsoTableGrid\" style=\"width: 612px; border-collapse: collapse; border: none; margin-left: 6.75pt; margin-right: 6.75pt; height: 178px;\" border=\"1\" width=\"0\" cellspacing=\"0\" cellpadding=\"0\" align=\"left\"><tbody><tr style=\"mso-yfti-irow: 0; mso-yfti-firstrow: yes; height: 25.7pt;\"><td style=\"width: 81.8pt; border: solid windowtext 1.0pt; mso-border-alt: solid windowtext .5pt; padding: 0in 5.4pt 0in 5.4pt; height: 25.7pt;\" valign=\"top\" width=\"109\"><h1 style=\"text-align: center; mso-outline-level: 1; mso-element: frame; mso-element-frame-hspace: 9.0pt; mso-element-wrap: around; mso-element-anchor-vertical: paragraph; mso-element-anchor-horizontal: page; mso-element-left: 107.3pt; mso-element-top: 17.8pt; mso-height-rule: exactly;\" align=\"center\"><span class=\"TitleChar\"><span style=\"font-size: 16.0pt; color: black; mso-themecolor: text1; mso-style-textoutline-type: none; mso-style-textoutline-outlinestyle-dpiwidth: 0pt; mso-style-textoutline-outlinestyle-linecap: flat; mso-style-textoutline-outlinestyle-join: round; mso-style-textoutline-outlinestyle-pctmiterlimit: 0%; mso-style-textoutline-outlinestyle-dash: solid; mso-style-textoutline-outlinestyle-align: center; mso-style-textoutline-outlinestyle-compound: simple; mso-effects-shadow-color: black; mso-effects-shadow-themecolor: dark1; mso-effects-shadow-alpha: 40.0%; mso-effects-shadow-dpiradius: 3.0pt; mso-effects-shadow-dpidistance: 1.5pt; mso-effects-shadow-angledirection: 2700000; mso-effects-shadow-align: topleft; mso-effects-shadow-pctsx: 100.0%; mso-effects-shadow-pctsy: 100.0%; mso-effects-shadow-anglekx: 0; mso-effects-shadow-angleky: 0; font-weight: normal; mso-bidi-font-weight: bold;\">Length</span></span></h1></td><td style=\"width: 77.45pt; border: solid windowtext 1.0pt; border-left: none; mso-border-left-alt: solid windowtext .5pt; mso-border-alt: solid windowtext .5pt; padding: 0in 5.4pt 0in 5.4pt; height: 25.7pt;\" valign=\"top\" width=\"103\"><h1 style=\"text-align: center; mso-outline-level: 1; mso-element: frame; mso-element-frame-hspace: 9.0pt; mso-element-wrap: around; mso-element-anchor-vertical: paragraph; mso-element-anchor-horizontal: page; mso-element-left: 107.3pt; mso-element-top: 17.8pt; mso-height-rule: exactly;\" align=\"center\"><span class=\"TitleChar\"><span style=\"font-size: 16.0pt; color: black; mso-themecolor: text1; mso-style-textoutline-type: none; mso-style-textoutline-outlinestyle-dpiwidth: 0pt; mso-style-textoutline-outlinestyle-linecap: flat; mso-style-textoutline-outlinestyle-join: round; mso-style-textoutline-outlinestyle-pctmiterlimit: 0%; mso-style-textoutline-outlinestyle-dash: solid; mso-style-textoutline-outlinestyle-align: center; mso-style-textoutline-outlinestyle-compound: simple; mso-effects-shadow-color: black; mso-effects-shadow-themecolor: dark1; mso-effects-shadow-alpha: 40.0%; mso-effects-shadow-dpiradius: 3.0pt; mso-effects-shadow-dpidistance: 1.5pt; mso-effects-shadow-angledirection: 2700000; mso-effects-shadow-align: topleft; mso-effects-shadow-pctsx: 100.0%; mso-effects-shadow-pctsy: 100.0%; mso-effects-shadow-anglekx: 0; mso-effects-shadow-angleky: 0; font-weight: normal; mso-bidi-font-weight: bold;\">Width</span></span></h1></td><td style=\"width: 84.25pt; border: solid windowtext 1.0pt; border-left: none; mso-border-left-alt: solid windowtext .5pt; mso-border-alt: solid windowtext .5pt; padding: 0in 5.4pt 0in 5.4pt; height: 25.7pt;\" valign=\"top\" width=\"112\"><h1 style=\"text-align: center; mso-outline-level: 1; mso-element: frame; mso-element-frame-hspace: 9.0pt; mso-element-wrap: around; mso-element-anchor-vertical: paragraph; mso-element-anchor-horizontal: page; mso-element-left: 107.3pt; mso-element-top: 17.8pt; mso-height-rule: exactly;\" align=\"center\"><span class=\"TitleChar\"><span style=\"font-size: 16.0pt; color: black; mso-themecolor: text1; mso-style-textoutline-type: none; mso-style-textoutline-outlinestyle-dpiwidth: 0pt; mso-style-textoutline-outlinestyle-linecap: flat; mso-style-textoutline-outlinestyle-join: round; mso-style-textoutline-outlinestyle-pctmiterlimit: 0%; mso-style-textoutline-outlinestyle-dash: solid; mso-style-textoutline-outlinestyle-align: center; mso-style-textoutline-outlinestyle-compound: simple; mso-effects-shadow-color: black; mso-effects-shadow-themecolor: dark1; mso-effects-shadow-alpha: 40.0%; mso-effects-shadow-dpiradius: 3.0pt; mso-effects-shadow-dpidistance: 1.5pt; mso-effects-shadow-angledirection: 2700000; mso-effects-shadow-align: topleft; mso-effects-shadow-pctsx: 100.0%; mso-effects-shadow-pctsy: 100.0%; mso-effects-shadow-anglekx: 0; mso-effects-shadow-angleky: 0; font-weight: normal; mso-bidi-font-weight: bold;\">Height</span></span></h1></td><td style=\"width: 100.75pt; border: solid windowtext 1.0pt; border-left: none; mso-border-left-alt: solid windowtext .5pt; mso-border-alt: solid windowtext .5pt; padding: 0in 5.4pt 0in 5.4pt; height: 25.7pt;\" valign=\"top\" width=\"134\"><h1 style=\"text-align: center; mso-outline-level: 1; mso-element: frame; mso-element-frame-hspace: 9.0pt; mso-element-wrap: around; mso-element-anchor-vertical: paragraph; mso-element-anchor-horizontal: page; mso-element-left: 107.3pt; mso-element-top: 17.8pt; mso-height-rule: exactly;\" align=\"center\"><span class=\"TitleChar\"><span style=\"font-size: 16.0pt; color: black; mso-themecolor: text1; mso-style-textoutline-type: none; mso-style-textoutline-outlinestyle-dpiwidth: 0pt; mso-style-textoutline-outlinestyle-linecap: flat; mso-style-textoutline-outlinestyle-join: round; mso-style-textoutline-outlinestyle-pctmiterlimit: 0%; mso-style-textoutline-outlinestyle-dash: solid; mso-style-textoutline-outlinestyle-align: center; mso-style-textoutline-outlinestyle-compound: simple; mso-effects-shadow-color: black; mso-effects-shadow-themecolor: dark1; mso-effects-shadow-alpha: 40.0%; mso-effects-shadow-dpiradius: 3.0pt; mso-effects-shadow-dpidistance: 1.5pt; mso-effects-shadow-angledirection: 2700000; mso-effects-shadow-align: topleft; mso-effects-shadow-pctsx: 100.0%; mso-effects-shadow-pctsy: 100.0%; mso-effects-shadow-anglekx: 0; mso-effects-shadow-angleky: 0; font-weight: normal; mso-bidi-font-weight: bold;\">Color</span></span></h1></td></tr><tr style=\"mso-yfti-irow: 1; mso-yfti-lastrow: yes; height: 25.7pt;\"><td style=\"width: 81.8pt; border: solid windowtext 1.0pt; border-top: none; mso-border-top-alt: solid windowtext .5pt; mso-border-alt: solid windowtext .5pt; padding: 0in 5.4pt 0in 5.4pt; height: 25.7pt;\" valign=\"top\" width=\"109\"><h1 style=\"text-align: center; mso-outline-level: 1; mso-element: frame; mso-element-frame-hspace: 9.0pt; mso-element-wrap: around; mso-element-anchor-vertical: paragraph; mso-element-anchor-horizontal: page; mso-element-left: 107.3pt; mso-element-top: 17.8pt; mso-height-rule: exactly;\" align=\"center\"><span class=\"TitleChar\"><span style=\"font-size: 16.0pt; font-weight: normal;\">10 Inches</span></span></h1></td><td style=\"width: 77.45pt; border-top: none; border-left: none; border-bottom: solid windowtext 1.0pt; border-right: solid windowtext 1.0pt; mso-border-top-alt: solid windowtext .5pt; mso-border-left-alt: solid windowtext .5pt; mso-border-alt: solid windowtext .5pt; padding: 0in 5.4pt 0in 5.4pt; height: 25.7pt;\" valign=\"top\" width=\"103\"><h1 style=\"text-align: center; mso-outline-level: 1; mso-element: frame; mso-element-frame-hspace: 9.0pt; mso-element-wrap: around; mso-element-anchor-vertical: paragraph; mso-element-anchor-horizontal: page; mso-element-left: 107.3pt; mso-element-top: 17.8pt; mso-height-rule: exactly;\" align=\"center\"><span class=\"TitleChar\"><span style=\"font-size: 16.0pt; font-weight: normal;\">10 Inches</span></span></h1></td><td style=\"width: 84.25pt; border-top: none; border-left: none; border-bottom: solid windowtext 1.0pt; border-right: solid windowtext 1.0pt; mso-border-top-alt: solid windowtext .5pt; mso-border-left-alt: solid windowtext .5pt; mso-border-alt: solid windowtext .5pt; padding: 0in 5.4pt 0in 5.4pt; height: 25.7pt;\" valign=\"top\" width=\"112\"><h1 style=\"text-align: center; mso-outline-level: 1; mso-element: frame; mso-element-frame-hspace: 9.0pt; mso-element-wrap: around; mso-element-anchor-vertical: paragraph; mso-element-anchor-horizontal: page; mso-element-left: 107.3pt; mso-element-top: 17.8pt; mso-height-rule: exactly;\" align=\"center\"><span class=\"TitleChar\"><span style=\"font-size: 16.0pt; font-weight: normal;\">5.5 Inches</span></span></h1></td><td style=\"width: 100.75pt; border-top: none; border-left: none; border-bottom: solid windowtext 1.0pt; border-right: solid windowtext 1.0pt; mso-border-top-alt: solid windowtext .5pt; mso-border-left-alt: solid windowtext .5pt; mso-border-alt: solid windowtext .5pt; padding: 0in 5.4pt 0in 5.4pt; height: 25.7pt;\" valign=\"top\" width=\"134\"><h1 style=\"text-align: center; mso-outline-level: 1; mso-element: frame; mso-element-frame-hspace: 9.0pt; mso-element-wrap: around; mso-element-anchor-vertical: paragraph; mso-element-anchor-horizontal: page; mso-element-left: 107.3pt; mso-element-top: 17.8pt; mso-height-rule: exactly;\" align=\"center\"><span class=\"TitleChar\"><span style=\"font-size: 16.0pt; font-weight: normal;\">Multicolor</span></span></h1></td></tr></tbody></table><h1><span class=\"TitleChar\"><span style=\"font-size: 16.0pt; mso-bidi-font-family: \'Calibri Light\'; mso-bidi-theme-font: major-latin; font-weight: normal;\">&nbsp;</span></span></h1><h1>&nbsp;</h1><h1>&nbsp;</h1><h1><span style=\"font-size: 16.0pt; font-family: \'Calibri Light\',sans-serif; mso-ascii-theme-font: major-latin; mso-hansi-theme-font: major-latin; mso-bidi-theme-font: major-latin;\">Uses:- </span><span style=\"font-size: 16.0pt; font-family: \'Calibri Light\',sans-serif; mso-ascii-theme-font: major-latin; mso-hansi-theme-font: major-latin; mso-bidi-theme-font: major-latin; font-weight: normal;\">Perfect for Cake, Muffins, Ladoos, and more&hellip;..</span></h1>',NULL),(7,7,'en','Half Kg Cake Box (50 pc pack).','<h1><span style=\"font-size: 18.0pt; font-family: \'Arial\',sans-serif; color: #191919;\">Half Kg Cake Box (50 Pieces /pack).</span></h1><p>Made from food certified board.</p><p>The curated design adds personality to your products.</p><p>Given the specification we will customize and design the right box as per your requirement we can make logo printing for branding purposes.</p><p>Perfect for any occasion such as Birthdays, New year, Easter, Children\'s day and all kinds of celebrations.</p><p>These boxes are super sturdy, easy to open and come with a window atop for you to peep into the box.</p><p>These Cake boxes are commonly printed boxes made of 3 Ply Corrugated Sheet with Printed Paper over the Top</p><table class=\"MsoTableGrid\" style=\"width: 657px; border-collapse: collapse; border: none; margin-left: 6.75pt; margin-right: 6.75pt; height: 218px;\" border=\"1\" width=\"0\" cellspacing=\"0\" cellpadding=\"0\" align=\"left\"><tbody><tr style=\"mso-yfti-irow: 0; mso-yfti-firstrow: yes; height: 25.7pt;\"><td style=\"width: 81.8pt; border: solid windowtext 1.0pt; mso-border-alt: solid windowtext .5pt; padding: 0in 5.4pt 0in 5.4pt; height: 25.7pt;\" valign=\"top\" width=\"109\"><h1 style=\"text-align: center; mso-outline-level: 1; mso-element: frame; mso-element-frame-hspace: 9.0pt; mso-element-wrap: around; mso-element-anchor-vertical: paragraph; mso-element-anchor-horizontal: page; mso-element-left: 107.3pt; mso-element-top: 17.8pt; mso-height-rule: exactly;\" align=\"center\"><span class=\"TitleChar\"><span style=\"font-size: 16.0pt; color: black; mso-themecolor: text1; mso-style-textoutline-type: none; mso-style-textoutline-outlinestyle-dpiwidth: 0pt; mso-style-textoutline-outlinestyle-linecap: flat; mso-style-textoutline-outlinestyle-join: round; mso-style-textoutline-outlinestyle-pctmiterlimit: 0%; mso-style-textoutline-outlinestyle-dash: solid; mso-style-textoutline-outlinestyle-align: center; mso-style-textoutline-outlinestyle-compound: simple; mso-effects-shadow-color: black; mso-effects-shadow-themecolor: dark1; mso-effects-shadow-alpha: 40.0%; mso-effects-shadow-dpiradius: 3.0pt; mso-effects-shadow-dpidistance: 1.5pt; mso-effects-shadow-angledirection: 2700000; mso-effects-shadow-align: topleft; mso-effects-shadow-pctsx: 100.0%; mso-effects-shadow-pctsy: 100.0%; mso-effects-shadow-anglekx: 0; mso-effects-shadow-angleky: 0; font-weight: normal; mso-bidi-font-weight: bold;\">Length</span></span></h1></td><td style=\"width: 77.45pt; border: solid windowtext 1.0pt; border-left: none; mso-border-left-alt: solid windowtext .5pt; mso-border-alt: solid windowtext .5pt; padding: 0in 5.4pt 0in 5.4pt; height: 25.7pt;\" valign=\"top\" width=\"103\"><h1 style=\"text-align: center; mso-outline-level: 1; mso-element: frame; mso-element-frame-hspace: 9.0pt; mso-element-wrap: around; mso-element-anchor-vertical: paragraph; mso-element-anchor-horizontal: page; mso-element-left: 107.3pt; mso-element-top: 17.8pt; mso-height-rule: exactly;\" align=\"center\"><span class=\"TitleChar\"><span style=\"font-size: 16.0pt; color: black; mso-themecolor: text1; mso-style-textoutline-type: none; mso-style-textoutline-outlinestyle-dpiwidth: 0pt; mso-style-textoutline-outlinestyle-linecap: flat; mso-style-textoutline-outlinestyle-join: round; mso-style-textoutline-outlinestyle-pctmiterlimit: 0%; mso-style-textoutline-outlinestyle-dash: solid; mso-style-textoutline-outlinestyle-align: center; mso-style-textoutline-outlinestyle-compound: simple; mso-effects-shadow-color: black; mso-effects-shadow-themecolor: dark1; mso-effects-shadow-alpha: 40.0%; mso-effects-shadow-dpiradius: 3.0pt; mso-effects-shadow-dpidistance: 1.5pt; mso-effects-shadow-angledirection: 2700000; mso-effects-shadow-align: topleft; mso-effects-shadow-pctsx: 100.0%; mso-effects-shadow-pctsy: 100.0%; mso-effects-shadow-anglekx: 0; mso-effects-shadow-angleky: 0; font-weight: normal; mso-bidi-font-weight: bold;\">Width</span></span></h1></td><td style=\"width: 84.25pt; border: solid windowtext 1.0pt; border-left: none; mso-border-left-alt: solid windowtext .5pt; mso-border-alt: solid windowtext .5pt; padding: 0in 5.4pt 0in 5.4pt; height: 25.7pt;\" valign=\"top\" width=\"112\"><h1 style=\"text-align: center; mso-outline-level: 1; mso-element: frame; mso-element-frame-hspace: 9.0pt; mso-element-wrap: around; mso-element-anchor-vertical: paragraph; mso-element-anchor-horizontal: page; mso-element-left: 107.3pt; mso-element-top: 17.8pt; mso-height-rule: exactly;\" align=\"center\"><span class=\"TitleChar\"><span style=\"font-size: 16.0pt; color: black; mso-themecolor: text1; mso-style-textoutline-type: none; mso-style-textoutline-outlinestyle-dpiwidth: 0pt; mso-style-textoutline-outlinestyle-linecap: flat; mso-style-textoutline-outlinestyle-join: round; mso-style-textoutline-outlinestyle-pctmiterlimit: 0%; mso-style-textoutline-outlinestyle-dash: solid; mso-style-textoutline-outlinestyle-align: center; mso-style-textoutline-outlinestyle-compound: simple; mso-effects-shadow-color: black; mso-effects-shadow-themecolor: dark1; mso-effects-shadow-alpha: 40.0%; mso-effects-shadow-dpiradius: 3.0pt; mso-effects-shadow-dpidistance: 1.5pt; mso-effects-shadow-angledirection: 2700000; mso-effects-shadow-align: topleft; mso-effects-shadow-pctsx: 100.0%; mso-effects-shadow-pctsy: 100.0%; mso-effects-shadow-anglekx: 0; mso-effects-shadow-angleky: 0; font-weight: normal; mso-bidi-font-weight: bold;\">Height</span></span></h1></td><td style=\"width: 100.75pt; border: solid windowtext 1.0pt; border-left: none; mso-border-left-alt: solid windowtext .5pt; mso-border-alt: solid windowtext .5pt; padding: 0in 5.4pt 0in 5.4pt; height: 25.7pt;\" valign=\"top\" width=\"134\"><h1 style=\"text-align: center; mso-outline-level: 1; mso-element: frame; mso-element-frame-hspace: 9.0pt; mso-element-wrap: around; mso-element-anchor-vertical: paragraph; mso-element-anchor-horizontal: page; mso-element-left: 107.3pt; mso-element-top: 17.8pt; mso-height-rule: exactly;\" align=\"center\"><span class=\"TitleChar\"><span style=\"font-size: 16.0pt; color: black; mso-themecolor: text1; mso-style-textoutline-type: none; mso-style-textoutline-outlinestyle-dpiwidth: 0pt; mso-style-textoutline-outlinestyle-linecap: flat; mso-style-textoutline-outlinestyle-join: round; mso-style-textoutline-outlinestyle-pctmiterlimit: 0%; mso-style-textoutline-outlinestyle-dash: solid; mso-style-textoutline-outlinestyle-align: center; mso-style-textoutline-outlinestyle-compound: simple; mso-effects-shadow-color: black; mso-effects-shadow-themecolor: dark1; mso-effects-shadow-alpha: 40.0%; mso-effects-shadow-dpiradius: 3.0pt; mso-effects-shadow-dpidistance: 1.5pt; mso-effects-shadow-angledirection: 2700000; mso-effects-shadow-align: topleft; mso-effects-shadow-pctsx: 100.0%; mso-effects-shadow-pctsy: 100.0%; mso-effects-shadow-anglekx: 0; mso-effects-shadow-angleky: 0; font-weight: normal; mso-bidi-font-weight: bold;\">Color</span></span></h1></td></tr><tr style=\"mso-yfti-irow: 1; mso-yfti-lastrow: yes; height: 25.7pt;\"><td style=\"width: 81.8pt; border: solid windowtext 1.0pt; border-top: none; mso-border-top-alt: solid windowtext .5pt; mso-border-alt: solid windowtext .5pt; padding: 0in 5.4pt 0in 5.4pt; height: 25.7pt;\" valign=\"top\" width=\"109\"><h1 style=\"text-align: center; mso-outline-level: 1; mso-element: frame; mso-element-frame-hspace: 9.0pt; mso-element-wrap: around; mso-element-anchor-vertical: paragraph; mso-element-anchor-horizontal: page; mso-element-left: 107.3pt; mso-element-top: 17.8pt; mso-height-rule: exactly;\" align=\"center\"><span class=\"TitleChar\"><span style=\"font-size: 16.0pt; font-weight: normal;\">8.5 Inches</span></span></h1></td><td style=\"width: 77.45pt; border-top: none; border-left: none; border-bottom: solid windowtext 1.0pt; border-right: solid windowtext 1.0pt; mso-border-top-alt: solid windowtext .5pt; mso-border-left-alt: solid windowtext .5pt; mso-border-alt: solid windowtext .5pt; padding: 0in 5.4pt 0in 5.4pt; height: 25.7pt;\" valign=\"top\" width=\"103\"><h1 style=\"text-align: center; mso-outline-level: 1; mso-element: frame; mso-element-frame-hspace: 9.0pt; mso-element-wrap: around; mso-element-anchor-vertical: paragraph; mso-element-anchor-horizontal: page; mso-element-left: 107.3pt; mso-element-top: 17.8pt; mso-height-rule: exactly;\" align=\"center\"><span class=\"TitleChar\"><span style=\"font-size: 16.0pt; font-weight: normal;\">8.5 Inches</span></span></h1></td><td style=\"width: 84.25pt; border-top: none; border-left: none; border-bottom: solid windowtext 1.0pt; border-right: solid windowtext 1.0pt; mso-border-top-alt: solid windowtext .5pt; mso-border-left-alt: solid windowtext .5pt; mso-border-alt: solid windowtext .5pt; padding: 0in 5.4pt 0in 5.4pt; height: 25.7pt;\" valign=\"top\" width=\"112\"><h1 style=\"text-align: center; mso-outline-level: 1; mso-element: frame; mso-element-frame-hspace: 9.0pt; mso-element-wrap: around; mso-element-anchor-vertical: paragraph; mso-element-anchor-horizontal: page; mso-element-left: 107.3pt; mso-element-top: 17.8pt; mso-height-rule: exactly;\" align=\"center\"><span class=\"TitleChar\"><span style=\"font-size: 16.0pt; font-weight: normal;\">5 Inches</span></span></h1></td><td style=\"width: 100.75pt; border-top: none; border-left: none; border-bottom: solid windowtext 1.0pt; border-right: solid windowtext 1.0pt; mso-border-top-alt: solid windowtext .5pt; mso-border-left-alt: solid windowtext .5pt; mso-border-alt: solid windowtext .5pt; padding: 0in 5.4pt 0in 5.4pt; height: 25.7pt;\" valign=\"top\" width=\"134\"><h1 style=\"text-align: center; mso-outline-level: 1; mso-element: frame; mso-element-frame-hspace: 9.0pt; mso-element-wrap: around; mso-element-anchor-vertical: paragraph; mso-element-anchor-horizontal: page; mso-element-left: 107.3pt; mso-element-top: 17.8pt; mso-height-rule: exactly;\" align=\"center\"><span class=\"TitleChar\"><span style=\"font-size: 16.0pt; font-weight: normal;\">Any</span></span></h1></td></tr></tbody></table><h1><span class=\"TitleChar\"><span style=\"font-size: 16.0pt; mso-bidi-font-family: \'Calibri Light\'; mso-bidi-theme-font: major-latin; font-weight: normal;\">&nbsp;</span></span></h1><h1>Uses:-&nbsp;<span style=\"font-size: 16.0pt; font-family: \'Calibri Light\',sans-serif; mso-ascii-theme-font: major-latin; mso-hansi-theme-font: major-latin; mso-bidi-theme-font: major-latin; font-weight: normal;\">Perfect for Cake, Muffins, Ladoos and more&hellip;..</span></h1>',NULL),(8,8,'en','2 kg Cake Box (50 pc pack)','<h1><span style=\"font-size: 18.0pt; font-family: \'Arial\',sans-serif; color: #191919;\">2 Kg Cakebox (50 Pc Pack)</span></h1><p>Made from food certified board.</p><p>The curated design adds personality to your products.</p><p>&nbsp;<!--[endif]-->Given the specification we will customize and design the right box as per your requirement we can make logo printing for branding purposes.</p><p>Perfect for any occasion such as Birthdays, New year, Easter, Children\'s day and all kinds of celebrations.</p><p>These boxes are super sturdy, easy to open and come with a window atop for you to peep into the box.</p><p>These Cake boxes are commonly printed boxes made of 3 Ply Corrugated Sheet with Printed Paper over the Top.</p><p>&nbsp;</p><table class=\"MsoTableGrid\" style=\"border-collapse: collapse; border: none; height: 98px;\" border=\"1\" width=\"673\" cellspacing=\"0\" cellpadding=\"0\"><tbody><tr style=\"mso-yfti-irow: 0; mso-yfti-firstrow: yes;\"><td style=\"width: 116.85pt; border: solid windowtext 1.0pt; mso-border-alt: solid windowtext .5pt; padding: 0in 5.4pt 0in 5.4pt;\" valign=\"top\" width=\"156\"><h1 style=\"text-align: center; mso-outline-level: 1;\" align=\"center\"><span style=\"font-size: 16.0pt; font-family: \'Calibri Light\',sans-serif; mso-ascii-theme-font: major-latin; mso-fareast-font-family: \'Times New Roman\'; mso-fareast-theme-font: major-fareast; mso-hansi-theme-font: major-latin; mso-bidi-theme-font: major-latin; letter-spacing: -.5pt; mso-font-kerning: 14.0pt;\">Length</span></h1></td><td style=\"width: 116.85pt; border: solid windowtext 1.0pt; border-left: none; mso-border-left-alt: solid windowtext .5pt; mso-border-alt: solid windowtext .5pt; padding: 0in 5.4pt 0in 5.4pt;\" valign=\"top\" width=\"156\"><h1 style=\"text-align: center; mso-outline-level: 1;\" align=\"center\"><span style=\"font-size: 16.0pt; font-family: \'Calibri Light\',sans-serif; mso-ascii-theme-font: major-latin; mso-fareast-font-family: \'Times New Roman\'; mso-fareast-theme-font: major-fareast; mso-hansi-theme-font: major-latin; mso-bidi-theme-font: major-latin; letter-spacing: -.5pt; mso-font-kerning: 14.0pt;\">Width</span></h1></td><td style=\"width: 116.9pt; border: solid windowtext 1.0pt; border-left: none; mso-border-left-alt: solid windowtext .5pt; mso-border-alt: solid windowtext .5pt; padding: 0in 5.4pt 0in 5.4pt;\" valign=\"top\" width=\"156\"><h1 style=\"text-align: center; mso-outline-level: 1;\" align=\"center\"><span style=\"font-size: 16.0pt; font-family: \'Calibri Light\',sans-serif; mso-ascii-theme-font: major-latin; mso-fareast-font-family: \'Times New Roman\'; mso-fareast-theme-font: major-fareast; mso-hansi-theme-font: major-latin; mso-bidi-theme-font: major-latin; letter-spacing: -.5pt; mso-font-kerning: 14.0pt;\">Height</span></h1></td><td style=\"width: 116.9pt; border: solid windowtext 1.0pt; border-left: none; mso-border-left-alt: solid windowtext .5pt; mso-border-alt: solid windowtext .5pt; padding: 0in 5.4pt 0in 5.4pt;\" valign=\"top\" width=\"156\"><h1 style=\"text-align: center; mso-outline-level: 1;\" align=\"center\"><span style=\"font-size: 16.0pt; font-family: \'Calibri Light\',sans-serif; mso-ascii-theme-font: major-latin; mso-fareast-font-family: \'Times New Roman\'; mso-fareast-theme-font: major-fareast; mso-hansi-theme-font: major-latin; mso-bidi-theme-font: major-latin; letter-spacing: -.5pt; mso-font-kerning: 14.0pt;\">Color</span></h1></td></tr><tr style=\"mso-yfti-irow: 1; mso-yfti-lastrow: yes;\"><td style=\"width: 116.85pt; border: solid windowtext 1.0pt; border-top: none; mso-border-top-alt: solid windowtext .5pt; mso-border-alt: solid windowtext .5pt; padding: 0in 5.4pt 0in 5.4pt;\" valign=\"top\" width=\"156\"><p class=\"MsoNormal\" style=\"margin-bottom: .0001pt; text-align: center; line-height: normal;\" align=\"center\"><span style=\"font-size: 16.0pt;\">14 Inches</span></p></td><td style=\"width: 116.85pt; border-top: none; border-left: none; border-bottom: solid windowtext 1.0pt; border-right: solid windowtext 1.0pt; mso-border-top-alt: solid windowtext .5pt; mso-border-left-alt: solid windowtext .5pt; mso-border-alt: solid windowtext .5pt; padding: 0in 5.4pt 0in 5.4pt;\" valign=\"top\" width=\"156\"><p class=\"MsoNormal\" style=\"margin-bottom: .0001pt; text-align: center; line-height: normal;\" align=\"center\"><span style=\"font-size: 16.0pt;\">14 Inches</span></p></td><td style=\"width: 116.9pt; border-top: none; border-left: none; border-bottom: solid windowtext 1.0pt; border-right: solid windowtext 1.0pt; mso-border-top-alt: solid windowtext .5pt; mso-border-left-alt: solid windowtext .5pt; mso-border-alt: solid windowtext .5pt; padding: 0in 5.4pt 0in 5.4pt;\" valign=\"top\" width=\"156\"><p class=\"MsoNormal\" style=\"margin-bottom: .0001pt; text-align: center; line-height: normal;\" align=\"center\"><span style=\"font-size: 16.0pt;\">6 Inches</span></p></td><td style=\"width: 116.9pt; border-top: none; border-left: none; border-bottom: solid windowtext 1.0pt; border-right: solid windowtext 1.0pt; mso-border-top-alt: solid windowtext .5pt; mso-border-left-alt: solid windowtext .5pt; mso-border-alt: solid windowtext .5pt; padding: 0in 5.4pt 0in 5.4pt;\" valign=\"top\" width=\"156\"><p class=\"MsoNormal\" style=\"margin-bottom: .0001pt; text-align: center; line-height: normal;\" align=\"center\"><span style=\"font-size: 16.0pt;\">Multicolor</span></p></td></tr></tbody></table><h1><span class=\"TitleChar\"><span style=\"font-size: 16.0pt; mso-bidi-font-family: \'Calibri Light\'; mso-bidi-theme-font: major-latin; font-weight: normal;\">&nbsp;</span></span><span style=\"font-size: 16.0pt; font-family: \'Calibri Light\',sans-serif; mso-ascii-theme-font: major-latin; mso-hansi-theme-font: major-latin; mso-bidi-theme-font: major-latin;\">Uses:- </span><span style=\"font-size: 16.0pt; font-family: \'Calibri Light\',sans-serif; mso-ascii-theme-font: major-latin; mso-hansi-theme-font: major-latin; mso-bidi-theme-font: major-latin; font-weight: normal;\">Perfect for Cake, Muffins, Ladoos, and more&hellip;..</span></h1>',NULL),(9,9,'en','3 Kgs Cake Box (25 PC PACK)','<h1><span style=\"font-size: 18.0pt; font-family: \'Arial\',sans-serif; color: #191919;\">3 Kgs Cake Box (50 Pieces /pack).</span></h1><h1 style=\"margin-left: .5in; text-align: justify; text-indent: -.25in; mso-list: l0 level1 lfo1; tab-stops: list .5in;\"><!-- [if !supportLists]--><span style=\"font-size: 10.0pt; mso-bidi-font-size: 16.0pt; font-family: Symbol; mso-fareast-font-family: Symbol; mso-bidi-font-family: Symbol; letter-spacing: -.5pt; mso-font-kerning: 14.0pt; font-weight: normal;\"><span style=\"mso-list: Ignore;\">&middot;<span style=\"font: 7.0pt \'Times New Roman\';\">&nbsp;&nbsp;&nbsp;&nbsp;&nbsp;&nbsp;&nbsp;&nbsp;&nbsp;&nbsp;&nbsp;&nbsp;&nbsp;&nbsp;&nbsp;&nbsp;&nbsp;&nbsp; </span></span></span><!--[endif]--><span style=\"font-size: 16.0pt; font-family: \'Calibri Light\',sans-serif; mso-ascii-theme-font: major-latin; mso-fareast-font-family: \'Times New Roman\'; mso-fareast-theme-font: major-fareast; mso-hansi-theme-font: major-latin; mso-bidi-theme-font: major-latin; letter-spacing: -.5pt; mso-font-kerning: 14.0pt; font-weight: normal;\">Made from food certified board.</span></h1><p class=\"MsoListParagraph\" style=\"text-align: justify; text-indent: -.25in; mso-list: l0 level1 lfo1; tab-stops: list .5in;\"><!-- [if !supportLists]--><span style=\"font-size: 10.0pt; mso-bidi-font-size: 16.0pt; line-height: 107%; font-family: Symbol; mso-fareast-font-family: Symbol; mso-bidi-font-family: Symbol; letter-spacing: -.5pt; mso-font-kerning: 14.0pt; mso-bidi-language: HI;\"><span style=\"mso-list: Ignore;\">&middot;<span style=\"font: 7.0pt \'Times New Roman\';\">&nbsp;&nbsp;&nbsp;&nbsp;&nbsp;&nbsp;&nbsp;&nbsp;&nbsp;&nbsp;&nbsp;&nbsp;&nbsp;&nbsp;&nbsp;&nbsp;&nbsp;&nbsp; </span></span></span><!--[endif]--><span style=\"font-size: 16.0pt; line-height: 107%; font-family: \'Calibri Light\',sans-serif; mso-ascii-theme-font: major-latin; mso-fareast-font-family: \'Times New Roman\'; mso-fareast-theme-font: major-fareast; mso-hansi-theme-font: major-latin; mso-bidi-theme-font: major-latin; letter-spacing: -.5pt; mso-font-kerning: 14.0pt; mso-bidi-language: HI;\">Curated design adds personality to your products.</span></p><h1 style=\"margin-left: .5in; text-align: justify; text-indent: -.25in; mso-list: l0 level1 lfo1; tab-stops: list .5in;\"><!-- [if !supportLists]--><span style=\"font-size: 10.0pt; mso-bidi-font-size: 16.0pt; font-family: Symbol; mso-fareast-font-family: Symbol; mso-bidi-font-family: Symbol; letter-spacing: -.5pt; mso-font-kerning: 14.0pt; font-weight: normal;\"><span style=\"mso-list: Ignore;\">&middot;<span style=\"font: 7.0pt \'Times New Roman\';\">&nbsp;&nbsp;&nbsp;&nbsp;&nbsp;&nbsp;&nbsp;&nbsp;&nbsp;&nbsp;&nbsp;&nbsp;&nbsp;&nbsp;&nbsp;&nbsp;&nbsp;&nbsp; </span></span></span><!--[endif]--><span style=\"font-size: 16.0pt; font-family: \'Calibri Light\',sans-serif; mso-ascii-theme-font: major-latin; mso-fareast-font-family: \'Times New Roman\'; mso-fareast-theme-font: major-fareast; mso-hansi-theme-font: major-latin; mso-bidi-theme-font: major-latin; letter-spacing: -.5pt; mso-font-kerning: 14.0pt; font-weight: normal;\">Given the specification we will customize and design the right box as per your requirement-We can make logo printing for branding purpose.</span></h1><h1 style=\"margin-left: .5in; text-align: justify; text-indent: -.25in; mso-list: l0 level1 lfo1; tab-stops: list .5in;\"><!-- [if !supportLists]--><span style=\"font-size: 10.0pt; mso-bidi-font-size: 16.0pt; font-family: Symbol; mso-fareast-font-family: Symbol; mso-bidi-font-family: Symbol; letter-spacing: -.5pt; mso-font-kerning: 14.0pt; font-weight: normal;\"><span style=\"mso-list: Ignore;\">&middot;<span style=\"font: 7.0pt \'Times New Roman\';\">&nbsp;&nbsp;&nbsp;&nbsp;&nbsp;&nbsp;&nbsp;&nbsp;&nbsp;&nbsp;&nbsp;&nbsp;&nbsp;&nbsp;&nbsp;&nbsp;&nbsp;&nbsp; </span></span></span><!--[endif]--><span style=\"font-size: 16.0pt; font-family: \'Calibri Light\',sans-serif; mso-ascii-theme-font: major-latin; mso-fareast-font-family: \'Times New Roman\'; mso-fareast-theme-font: major-fareast; mso-hansi-theme-font: major-latin; mso-bidi-theme-font: major-latin; letter-spacing: -.5pt; mso-font-kerning: 14.0pt; font-weight: normal;\">Perfect for any occasion such as Birthdays, New year, Easter, Children\'s day and all kinds of celebrations.</span></h1><h1 style=\"margin-left: .5in; text-align: justify; text-indent: -.25in; mso-list: l0 level1 lfo1; tab-stops: list .5in;\"><!-- [if !supportLists]--><span style=\"font-size: 10.0pt; mso-bidi-font-size: 16.0pt; font-family: Symbol; mso-fareast-font-family: Symbol; mso-bidi-font-family: Symbol; letter-spacing: -.5pt; mso-font-kerning: 14.0pt; font-weight: normal;\"><span style=\"mso-list: Ignore;\">&middot;<span style=\"font: 7.0pt \'Times New Roman\';\">&nbsp;&nbsp;&nbsp;&nbsp;&nbsp;&nbsp;&nbsp;&nbsp;&nbsp;&nbsp;&nbsp;&nbsp;&nbsp;&nbsp;&nbsp;&nbsp;&nbsp;&nbsp; </span></span></span><!--[endif]--><span style=\"font-size: 16.0pt; font-family: \'Calibri Light\',sans-serif; mso-ascii-theme-font: major-latin; mso-fareast-font-family: \'Times New Roman\'; mso-fareast-theme-font: major-fareast; mso-hansi-theme-font: major-latin; mso-bidi-theme-font: major-latin; letter-spacing: -.5pt; mso-font-kerning: 14.0pt; font-weight: normal;\">These boxes are super sturdy, Easy to open and come with a window atop for you to peep into the box.</span></h1><h1><span style=\"font-size: 16.0pt; font-family: \'Calibri Light\',sans-serif; mso-ascii-theme-font: major-latin; mso-fareast-font-family: \'Times New Roman\'; mso-fareast-theme-font: major-fareast; mso-hansi-theme-font: major-latin; mso-bidi-theme-font: major-latin; letter-spacing: -.5pt; mso-font-kerning: 14.0pt; font-weight: normal;\">These Cake boxes are common printed boxes made of 3 Ply Corrugated Sheet with Printed Paper over the Top</span></h1><table class=\"MsoTableGrid\" style=\"width: 344.25pt; border-collapse: collapse; border: none; mso-border-alt: solid windowtext .5pt; mso-yfti-tbllook: 1184; mso-table-lspace: 9.0pt; margin-left: 6.75pt; mso-table-rspace: 9.0pt; margin-right: 6.75pt; mso-table-anchor-vertical: paragraph; mso-table-anchor-horizontal: page; mso-table-left: 107.25pt; mso-table-top: 17.8pt; mso-padding-alt: 0in 5.4pt 0in 5.4pt;\" border=\"1\" width=\"0\" cellspacing=\"0\" cellpadding=\"0\" align=\"left\"><tbody><tr style=\"mso-yfti-irow: 0; mso-yfti-firstrow: yes; height: 25.7pt;\"><td style=\"width: 81.8pt; border: solid windowtext 1.0pt; mso-border-alt: solid windowtext .5pt; padding: 0in 5.4pt 0in 5.4pt; height: 25.7pt;\" valign=\"top\" width=\"109\"><h1 style=\"text-align: center; mso-outline-level: 1; mso-element: frame; mso-element-frame-hspace: 9.0pt; mso-element-wrap: around; mso-element-anchor-vertical: paragraph; mso-element-anchor-horizontal: page; mso-element-left: 107.3pt; mso-element-top: 17.8pt; mso-height-rule: exactly;\" align=\"center\"><span class=\"TitleChar\"><span style=\"font-size: 16.0pt; color: black; mso-themecolor: text1; mso-style-textoutline-type: none; mso-style-textoutline-outlinestyle-dpiwidth: 0pt; mso-style-textoutline-outlinestyle-linecap: flat; mso-style-textoutline-outlinestyle-join: round; mso-style-textoutline-outlinestyle-pctmiterlimit: 0%; mso-style-textoutline-outlinestyle-dash: solid; mso-style-textoutline-outlinestyle-align: center; mso-style-textoutline-outlinestyle-compound: simple; mso-effects-shadow-color: black; mso-effects-shadow-themecolor: dark1; mso-effects-shadow-alpha: 40.0%; mso-effects-shadow-dpiradius: 3.0pt; mso-effects-shadow-dpidistance: 1.5pt; mso-effects-shadow-angledirection: 2700000; mso-effects-shadow-align: topleft; mso-effects-shadow-pctsx: 100.0%; mso-effects-shadow-pctsy: 100.0%; mso-effects-shadow-anglekx: 0; mso-effects-shadow-angleky: 0; font-weight: normal; mso-bidi-font-weight: bold;\">Height</span></span></h1></td><td style=\"width: 77.45pt; border: solid windowtext 1.0pt; border-left: none; mso-border-left-alt: solid windowtext .5pt; mso-border-alt: solid windowtext .5pt; padding: 0in 5.4pt 0in 5.4pt; height: 25.7pt;\" valign=\"top\" width=\"103\"><h1 style=\"text-align: center; mso-outline-level: 1; mso-element: frame; mso-element-frame-hspace: 9.0pt; mso-element-wrap: around; mso-element-anchor-vertical: paragraph; mso-element-anchor-horizontal: page; mso-element-left: 107.3pt; mso-element-top: 17.8pt; mso-height-rule: exactly;\" align=\"center\"><span class=\"TitleChar\"><span style=\"font-size: 16.0pt; color: black; mso-themecolor: text1; mso-style-textoutline-type: none; mso-style-textoutline-outlinestyle-dpiwidth: 0pt; mso-style-textoutline-outlinestyle-linecap: flat; mso-style-textoutline-outlinestyle-join: round; mso-style-textoutline-outlinestyle-pctmiterlimit: 0%; mso-style-textoutline-outlinestyle-dash: solid; mso-style-textoutline-outlinestyle-align: center; mso-style-textoutline-outlinestyle-compound: simple; mso-effects-shadow-color: black; mso-effects-shadow-themecolor: dark1; mso-effects-shadow-alpha: 40.0%; mso-effects-shadow-dpiradius: 3.0pt; mso-effects-shadow-dpidistance: 1.5pt; mso-effects-shadow-angledirection: 2700000; mso-effects-shadow-align: topleft; mso-effects-shadow-pctsx: 100.0%; mso-effects-shadow-pctsy: 100.0%; mso-effects-shadow-anglekx: 0; mso-effects-shadow-angleky: 0; font-weight: normal; mso-bidi-font-weight: bold;\">Width</span></span></h1></td><td style=\"width: 84.25pt; border: solid windowtext 1.0pt; border-left: none; mso-border-left-alt: solid windowtext .5pt; mso-border-alt: solid windowtext .5pt; padding: 0in 5.4pt 0in 5.4pt; height: 25.7pt;\" valign=\"top\" width=\"112\"><h1 style=\"text-align: center; mso-outline-level: 1; mso-element: frame; mso-element-frame-hspace: 9.0pt; mso-element-wrap: around; mso-element-anchor-vertical: paragraph; mso-element-anchor-horizontal: page; mso-element-left: 107.3pt; mso-element-top: 17.8pt; mso-height-rule: exactly;\" align=\"center\"><span class=\"TitleChar\"><span style=\"font-size: 16.0pt; color: black; mso-themecolor: text1; mso-style-textoutline-type: none; mso-style-textoutline-outlinestyle-dpiwidth: 0pt; mso-style-textoutline-outlinestyle-linecap: flat; mso-style-textoutline-outlinestyle-join: round; mso-style-textoutline-outlinestyle-pctmiterlimit: 0%; mso-style-textoutline-outlinestyle-dash: solid; mso-style-textoutline-outlinestyle-align: center; mso-style-textoutline-outlinestyle-compound: simple; mso-effects-shadow-color: black; mso-effects-shadow-themecolor: dark1; mso-effects-shadow-alpha: 40.0%; mso-effects-shadow-dpiradius: 3.0pt; mso-effects-shadow-dpidistance: 1.5pt; mso-effects-shadow-angledirection: 2700000; mso-effects-shadow-align: topleft; mso-effects-shadow-pctsx: 100.0%; mso-effects-shadow-pctsy: 100.0%; mso-effects-shadow-anglekx: 0; mso-effects-shadow-angleky: 0; font-weight: normal; mso-bidi-font-weight: bold;\">Length</span></span></h1></td><td style=\"width: 100.75pt; border: solid windowtext 1.0pt; border-left: none; mso-border-left-alt: solid windowtext .5pt; mso-border-alt: solid windowtext .5pt; padding: 0in 5.4pt 0in 5.4pt; height: 25.7pt;\" valign=\"top\" width=\"134\"><h1 style=\"text-align: center; mso-outline-level: 1; mso-element: frame; mso-element-frame-hspace: 9.0pt; mso-element-wrap: around; mso-element-anchor-vertical: paragraph; mso-element-anchor-horizontal: page; mso-element-left: 107.3pt; mso-element-top: 17.8pt; mso-height-rule: exactly;\" align=\"center\"><span class=\"TitleChar\"><span style=\"font-size: 16.0pt; color: black; mso-themecolor: text1; mso-style-textoutline-type: none; mso-style-textoutline-outlinestyle-dpiwidth: 0pt; mso-style-textoutline-outlinestyle-linecap: flat; mso-style-textoutline-outlinestyle-join: round; mso-style-textoutline-outlinestyle-pctmiterlimit: 0%; mso-style-textoutline-outlinestyle-dash: solid; mso-style-textoutline-outlinestyle-align: center; mso-style-textoutline-outlinestyle-compound: simple; mso-effects-shadow-color: black; mso-effects-shadow-themecolor: dark1; mso-effects-shadow-alpha: 40.0%; mso-effects-shadow-dpiradius: 3.0pt; mso-effects-shadow-dpidistance: 1.5pt; mso-effects-shadow-angledirection: 2700000; mso-effects-shadow-align: topleft; mso-effects-shadow-pctsx: 100.0%; mso-effects-shadow-pctsy: 100.0%; mso-effects-shadow-anglekx: 0; mso-effects-shadow-angleky: 0; font-weight: normal; mso-bidi-font-weight: bold;\">Color</span></span></h1></td></tr><tr style=\"mso-yfti-irow: 1; mso-yfti-lastrow: yes; height: 25.7pt;\"><td style=\"width: 81.8pt; border: solid windowtext 1.0pt; border-top: none; mso-border-top-alt: solid windowtext .5pt; mso-border-alt: solid windowtext .5pt; padding: 0in 5.4pt 0in 5.4pt; height: 25.7pt;\" valign=\"top\" width=\"109\"><h1 style=\"text-align: center; mso-outline-level: 1; mso-element: frame; mso-element-frame-hspace: 9.0pt; mso-element-wrap: around; mso-element-anchor-vertical: paragraph; mso-element-anchor-horizontal: page; mso-element-left: 107.3pt; mso-element-top: 17.8pt; mso-height-rule: exactly;\" align=\"center\"><span class=\"TitleChar\"><span style=\"font-size: 16.0pt; font-weight: normal;\">6 Inches</span></span></h1></td><td style=\"width: 77.45pt; border-top: none; border-left: none; border-bottom: solid windowtext 1.0pt; border-right: solid windowtext 1.0pt; mso-border-top-alt: solid windowtext .5pt; mso-border-left-alt: solid windowtext .5pt; mso-border-alt: solid windowtext .5pt; padding: 0in 5.4pt 0in 5.4pt; height: 25.7pt;\" valign=\"top\" width=\"103\"><h1 style=\"text-align: center; mso-outline-level: 1; mso-element: frame; mso-element-frame-hspace: 9.0pt; mso-element-wrap: around; mso-element-anchor-vertical: paragraph; mso-element-anchor-horizontal: page; mso-element-left: 107.3pt; mso-element-top: 17.8pt; mso-height-rule: exactly;\" align=\"center\"><span class=\"TitleChar\"><span style=\"font-size: 16.0pt; font-weight: normal;\">14 Inches</span></span></h1></td><td style=\"width: 84.25pt; border-top: none; border-left: none; border-bottom: solid windowtext 1.0pt; border-right: solid windowtext 1.0pt; mso-border-top-alt: solid windowtext .5pt; mso-border-left-alt: solid windowtext .5pt; mso-border-alt: solid windowtext .5pt; padding: 0in 5.4pt 0in 5.4pt; height: 25.7pt;\" valign=\"top\" width=\"112\"><h1 style=\"text-align: center; mso-outline-level: 1; mso-element: frame; mso-element-frame-hspace: 9.0pt; mso-element-wrap: around; mso-element-anchor-vertical: paragraph; mso-element-anchor-horizontal: page; mso-element-left: 107.3pt; mso-element-top: 17.8pt; mso-height-rule: exactly;\" align=\"center\"><span class=\"TitleChar\"><span style=\"font-size: 16.0pt; font-weight: normal;\">14 inches</span></span></h1></td><td style=\"width: 100.75pt; border-top: none; border-left: none; border-bottom: solid windowtext 1.0pt; border-right: solid windowtext 1.0pt; mso-border-top-alt: solid windowtext .5pt; mso-border-left-alt: solid windowtext .5pt; mso-border-alt: solid windowtext .5pt; padding: 0in 5.4pt 0in 5.4pt; height: 25.7pt;\" valign=\"top\" width=\"134\"><h1 style=\"text-align: center; mso-outline-level: 1; mso-element: frame; mso-element-frame-hspace: 9.0pt; mso-element-wrap: around; mso-element-anchor-vertical: paragraph; mso-element-anchor-horizontal: page; mso-element-left: 107.3pt; mso-element-top: 17.8pt; mso-height-rule: exactly;\" align=\"center\"><span class=\"TitleChar\"><span style=\"font-size: 16.0pt; font-weight: normal;\">Any</span></span></h1></td></tr></tbody></table><h1><span class=\"TitleChar\"><span style=\"font-size: 16.0pt; mso-bidi-font-family: \'Calibri Light\'; mso-bidi-theme-font: major-latin; font-weight: normal;\">&nbsp;</span></span></h1><h1><span class=\"TitleChar\"><span style=\"font-size: 16.0pt; mso-bidi-font-family: \'Calibri Light\'; mso-bidi-theme-font: major-latin; font-weight: normal;\">&nbsp;</span></span></h1><h1><span class=\"TitleChar\"><span style=\"font-size: 16.0pt; mso-bidi-font-family: \'Calibri Light\'; mso-bidi-theme-font: major-latin; font-weight: normal;\">&nbsp;</span></span></h1><h1 style=\"margin-left: .25in;\"><span style=\"font-size: 16.0pt; font-family: \'Calibri Light\',sans-serif; mso-ascii-theme-font: major-latin; mso-hansi-theme-font: major-latin; mso-bidi-theme-font: major-latin;\">Uses:- </span><span style=\"font-size: 16.0pt; font-family: \'Calibri Light\',sans-serif; mso-ascii-theme-font: major-latin; mso-hansi-theme-font: major-latin; mso-bidi-theme-font: major-latin; font-weight: normal;\">Perfect for Cake, Muffins, Ladoos and more&hellip;..</span></h1>',NULL),(10,10,'en','5 Kgs Cake box (25 pc pack)','<h1><span style=\"font-size: 18.0pt; font-family: \'Arial\',sans-serif; color: #191919;\">5 Kgs Cake box (25 Pieces /pack).</span></h1><h1 style=\"margin-left: .5in; text-align: justify; text-indent: -.25in; mso-list: l0 level1 lfo1; tab-stops: list .5in;\"><!-- [if !supportLists]--><span style=\"font-size: 10.0pt; mso-bidi-font-size: 16.0pt; font-family: Symbol; mso-fareast-font-family: Symbol; mso-bidi-font-family: Symbol; letter-spacing: -.5pt; mso-font-kerning: 14.0pt; font-weight: normal;\"><span style=\"mso-list: Ignore;\">&middot;<span style=\"font: 7.0pt \'Times New Roman\';\">&nbsp;&nbsp;&nbsp;&nbsp;&nbsp;&nbsp;&nbsp;&nbsp;&nbsp;&nbsp;&nbsp;&nbsp;&nbsp;&nbsp;&nbsp;&nbsp;&nbsp;&nbsp; </span></span></span><!--[endif]--><span style=\"font-size: 16.0pt; font-family: \'Calibri Light\',sans-serif; mso-ascii-theme-font: major-latin; mso-fareast-font-family: \'Times New Roman\'; mso-fareast-theme-font: major-fareast; mso-hansi-theme-font: major-latin; mso-bidi-theme-font: major-latin; letter-spacing: -.5pt; mso-font-kerning: 14.0pt; font-weight: normal;\">Made from food certified board.</span></h1><p class=\"MsoListParagraph\" style=\"text-align: justify; text-indent: -.25in; mso-list: l0 level1 lfo1; tab-stops: list .5in;\"><!-- [if !supportLists]--><span style=\"font-size: 10.0pt; mso-bidi-font-size: 16.0pt; line-height: 107%; font-family: Symbol; mso-fareast-font-family: Symbol; mso-bidi-font-family: Symbol; letter-spacing: -.5pt; mso-font-kerning: 14.0pt; mso-bidi-language: HI;\"><span style=\"mso-list: Ignore;\">&middot;<span style=\"font: 7.0pt \'Times New Roman\';\">&nbsp;&nbsp;&nbsp;&nbsp;&nbsp;&nbsp;&nbsp;&nbsp;&nbsp;&nbsp;&nbsp;&nbsp;&nbsp;&nbsp;&nbsp;&nbsp;&nbsp;&nbsp; </span></span></span><!--[endif]--><span style=\"font-size: 16.0pt; line-height: 107%; font-family: \'Calibri Light\',sans-serif; mso-ascii-theme-font: major-latin; mso-fareast-font-family: \'Times New Roman\'; mso-fareast-theme-font: major-fareast; mso-hansi-theme-font: major-latin; mso-bidi-theme-font: major-latin; letter-spacing: -.5pt; mso-font-kerning: 14.0pt; mso-bidi-language: HI;\">Curated design adds personality to your products.</span></p><h1 style=\"margin-left: .5in; text-align: justify; text-indent: -.25in; mso-list: l0 level1 lfo1; tab-stops: list .5in;\"><!-- [if !supportLists]--><span style=\"font-size: 10.0pt; mso-bidi-font-size: 16.0pt; font-family: Symbol; mso-fareast-font-family: Symbol; mso-bidi-font-family: Symbol; letter-spacing: -.5pt; mso-font-kerning: 14.0pt; font-weight: normal;\"><span style=\"mso-list: Ignore;\">&middot;<span style=\"font: 7.0pt \'Times New Roman\';\">&nbsp;&nbsp;&nbsp;&nbsp;&nbsp;&nbsp;&nbsp;&nbsp;&nbsp;&nbsp;&nbsp;&nbsp;&nbsp;&nbsp;&nbsp;&nbsp;&nbsp;&nbsp; </span></span></span><!--[endif]--><span style=\"font-size: 16.0pt; font-family: \'Calibri Light\',sans-serif; mso-ascii-theme-font: major-latin; mso-fareast-font-family: \'Times New Roman\'; mso-fareast-theme-font: major-fareast; mso-hansi-theme-font: major-latin; mso-bidi-theme-font: major-latin; letter-spacing: -.5pt; mso-font-kerning: 14.0pt; font-weight: normal;\">Given the specification we will customize and design the right box as per your requirement-We can make logo printing for branding purpose.</span></h1><h1 style=\"margin-left: .5in; text-align: justify; text-indent: -.25in; mso-list: l0 level1 lfo1; tab-stops: list .5in;\"><!-- [if !supportLists]--><span style=\"font-size: 10.0pt; mso-bidi-font-size: 16.0pt; font-family: Symbol; mso-fareast-font-family: Symbol; mso-bidi-font-family: Symbol; letter-spacing: -.5pt; mso-font-kerning: 14.0pt; font-weight: normal;\"><span style=\"mso-list: Ignore;\">&middot;<span style=\"font: 7.0pt \'Times New Roman\';\">&nbsp;&nbsp;&nbsp;&nbsp;&nbsp;&nbsp;&nbsp;&nbsp;&nbsp;&nbsp;&nbsp;&nbsp;&nbsp;&nbsp;&nbsp;&nbsp;&nbsp;&nbsp; </span></span></span><!--[endif]--><span style=\"font-size: 16.0pt; font-family: \'Calibri Light\',sans-serif; mso-ascii-theme-font: major-latin; mso-fareast-font-family: \'Times New Roman\'; mso-fareast-theme-font: major-fareast; mso-hansi-theme-font: major-latin; mso-bidi-theme-font: major-latin; letter-spacing: -.5pt; mso-font-kerning: 14.0pt; font-weight: normal;\">Perfect for any occasion such as Birthdays, New year, Easter, Children\'s day and all kinds of celebrations.</span></h1><h1 style=\"margin-left: .5in; text-align: justify; text-indent: -.25in; mso-list: l0 level1 lfo1; tab-stops: list .5in;\"><!-- [if !supportLists]--><span style=\"font-size: 10.0pt; mso-bidi-font-size: 16.0pt; font-family: Symbol; mso-fareast-font-family: Symbol; mso-bidi-font-family: Symbol; letter-spacing: -.5pt; mso-font-kerning: 14.0pt; font-weight: normal;\"><span style=\"mso-list: Ignore;\">&middot;<span style=\"font: 7.0pt \'Times New Roman\';\">&nbsp;&nbsp;&nbsp;&nbsp;&nbsp;&nbsp;&nbsp;&nbsp;&nbsp;&nbsp;&nbsp;&nbsp;&nbsp;&nbsp;&nbsp;&nbsp;&nbsp;&nbsp; </span></span></span><!--[endif]--><span style=\"font-size: 16.0pt; font-family: \'Calibri Light\',sans-serif; mso-ascii-theme-font: major-latin; mso-fareast-font-family: \'Times New Roman\'; mso-fareast-theme-font: major-fareast; mso-hansi-theme-font: major-latin; mso-bidi-theme-font: major-latin; letter-spacing: -.5pt; mso-font-kerning: 14.0pt; font-weight: normal;\">These boxes are super sturdy, Easy to open and come with a window atop for you to peep into the box.</span></h1><h1><span style=\"font-size: 16.0pt; font-family: \'Calibri Light\',sans-serif; mso-ascii-theme-font: major-latin; mso-fareast-font-family: \'Times New Roman\'; mso-fareast-theme-font: major-fareast; mso-hansi-theme-font: major-latin; mso-bidi-theme-font: major-latin; letter-spacing: -.5pt; mso-font-kerning: 14.0pt; font-weight: normal;\">These Cake boxes are common printed boxes made of 3 Ply Corrugated Sheet with Printed Paper over the Top</span></h1><table class=\"MsoTableGrid\" style=\"width: 344.25pt; border-collapse: collapse; border: none; mso-border-alt: solid windowtext .5pt; mso-yfti-tbllook: 1184; mso-table-lspace: 9.0pt; margin-left: 6.75pt; mso-table-rspace: 9.0pt; margin-right: 6.75pt; mso-table-anchor-vertical: paragraph; mso-table-anchor-horizontal: page; mso-table-left: 107.25pt; mso-table-top: 17.8pt; mso-padding-alt: 0in 5.4pt 0in 5.4pt;\" border=\"1\" width=\"0\" cellspacing=\"0\" cellpadding=\"0\" align=\"left\"><tbody><tr style=\"mso-yfti-irow: 0; mso-yfti-firstrow: yes; height: 25.7pt;\"><td style=\"width: 81.8pt; border: solid windowtext 1.0pt; mso-border-alt: solid windowtext .5pt; padding: 0in 5.4pt 0in 5.4pt; height: 25.7pt;\" valign=\"top\" width=\"109\"><h1 style=\"text-align: center; mso-outline-level: 1; mso-element: frame; mso-element-frame-hspace: 9.0pt; mso-element-wrap: around; mso-element-anchor-vertical: paragraph; mso-element-anchor-horizontal: page; mso-element-left: 107.3pt; mso-element-top: 17.8pt; mso-height-rule: exactly;\" align=\"center\"><span class=\"TitleChar\"><span style=\"font-size: 16.0pt; color: black; mso-themecolor: text1; mso-style-textoutline-type: none; mso-style-textoutline-outlinestyle-dpiwidth: 0pt; mso-style-textoutline-outlinestyle-linecap: flat; mso-style-textoutline-outlinestyle-join: round; mso-style-textoutline-outlinestyle-pctmiterlimit: 0%; mso-style-textoutline-outlinestyle-dash: solid; mso-style-textoutline-outlinestyle-align: center; mso-style-textoutline-outlinestyle-compound: simple; mso-effects-shadow-color: black; mso-effects-shadow-themecolor: dark1; mso-effects-shadow-alpha: 40.0%; mso-effects-shadow-dpiradius: 3.0pt; mso-effects-shadow-dpidistance: 1.5pt; mso-effects-shadow-angledirection: 2700000; mso-effects-shadow-align: topleft; mso-effects-shadow-pctsx: 100.0%; mso-effects-shadow-pctsy: 100.0%; mso-effects-shadow-anglekx: 0; mso-effects-shadow-angleky: 0; font-weight: normal; mso-bidi-font-weight: bold;\">Height</span></span></h1></td><td style=\"width: 77.45pt; border: solid windowtext 1.0pt; border-left: none; mso-border-left-alt: solid windowtext .5pt; mso-border-alt: solid windowtext .5pt; padding: 0in 5.4pt 0in 5.4pt; height: 25.7pt;\" valign=\"top\" width=\"103\"><h1 style=\"text-align: center; mso-outline-level: 1; mso-element: frame; mso-element-frame-hspace: 9.0pt; mso-element-wrap: around; mso-element-anchor-vertical: paragraph; mso-element-anchor-horizontal: page; mso-element-left: 107.3pt; mso-element-top: 17.8pt; mso-height-rule: exactly;\" align=\"center\"><span class=\"TitleChar\"><span style=\"font-size: 16.0pt; color: black; mso-themecolor: text1; mso-style-textoutline-type: none; mso-style-textoutline-outlinestyle-dpiwidth: 0pt; mso-style-textoutline-outlinestyle-linecap: flat; mso-style-textoutline-outlinestyle-join: round; mso-style-textoutline-outlinestyle-pctmiterlimit: 0%; mso-style-textoutline-outlinestyle-dash: solid; mso-style-textoutline-outlinestyle-align: center; mso-style-textoutline-outlinestyle-compound: simple; mso-effects-shadow-color: black; mso-effects-shadow-themecolor: dark1; mso-effects-shadow-alpha: 40.0%; mso-effects-shadow-dpiradius: 3.0pt; mso-effects-shadow-dpidistance: 1.5pt; mso-effects-shadow-angledirection: 2700000; mso-effects-shadow-align: topleft; mso-effects-shadow-pctsx: 100.0%; mso-effects-shadow-pctsy: 100.0%; mso-effects-shadow-anglekx: 0; mso-effects-shadow-angleky: 0; font-weight: normal; mso-bidi-font-weight: bold;\">Width</span></span></h1></td><td style=\"width: 84.25pt; border: solid windowtext 1.0pt; border-left: none; mso-border-left-alt: solid windowtext .5pt; mso-border-alt: solid windowtext .5pt; padding: 0in 5.4pt 0in 5.4pt; height: 25.7pt;\" valign=\"top\" width=\"112\"><h1 style=\"text-align: center; mso-outline-level: 1; mso-element: frame; mso-element-frame-hspace: 9.0pt; mso-element-wrap: around; mso-element-anchor-vertical: paragraph; mso-element-anchor-horizontal: page; mso-element-left: 107.3pt; mso-element-top: 17.8pt; mso-height-rule: exactly;\" align=\"center\"><span class=\"TitleChar\"><span style=\"font-size: 16.0pt; color: black; mso-themecolor: text1; mso-style-textoutline-type: none; mso-style-textoutline-outlinestyle-dpiwidth: 0pt; mso-style-textoutline-outlinestyle-linecap: flat; mso-style-textoutline-outlinestyle-join: round; mso-style-textoutline-outlinestyle-pctmiterlimit: 0%; mso-style-textoutline-outlinestyle-dash: solid; mso-style-textoutline-outlinestyle-align: center; mso-style-textoutline-outlinestyle-compound: simple; mso-effects-shadow-color: black; mso-effects-shadow-themecolor: dark1; mso-effects-shadow-alpha: 40.0%; mso-effects-shadow-dpiradius: 3.0pt; mso-effects-shadow-dpidistance: 1.5pt; mso-effects-shadow-angledirection: 2700000; mso-effects-shadow-align: topleft; mso-effects-shadow-pctsx: 100.0%; mso-effects-shadow-pctsy: 100.0%; mso-effects-shadow-anglekx: 0; mso-effects-shadow-angleky: 0; font-weight: normal; mso-bidi-font-weight: bold;\">Length</span></span></h1></td><td style=\"width: 100.75pt; border: solid windowtext 1.0pt; border-left: none; mso-border-left-alt: solid windowtext .5pt; mso-border-alt: solid windowtext .5pt; padding: 0in 5.4pt 0in 5.4pt; height: 25.7pt;\" valign=\"top\" width=\"134\"><h1 style=\"text-align: center; mso-outline-level: 1; mso-element: frame; mso-element-frame-hspace: 9.0pt; mso-element-wrap: around; mso-element-anchor-vertical: paragraph; mso-element-anchor-horizontal: page; mso-element-left: 107.3pt; mso-element-top: 17.8pt; mso-height-rule: exactly;\" align=\"center\"><span class=\"TitleChar\"><span style=\"font-size: 16.0pt; color: black; mso-themecolor: text1; mso-style-textoutline-type: none; mso-style-textoutline-outlinestyle-dpiwidth: 0pt; mso-style-textoutline-outlinestyle-linecap: flat; mso-style-textoutline-outlinestyle-join: round; mso-style-textoutline-outlinestyle-pctmiterlimit: 0%; mso-style-textoutline-outlinestyle-dash: solid; mso-style-textoutline-outlinestyle-align: center; mso-style-textoutline-outlinestyle-compound: simple; mso-effects-shadow-color: black; mso-effects-shadow-themecolor: dark1; mso-effects-shadow-alpha: 40.0%; mso-effects-shadow-dpiradius: 3.0pt; mso-effects-shadow-dpidistance: 1.5pt; mso-effects-shadow-angledirection: 2700000; mso-effects-shadow-align: topleft; mso-effects-shadow-pctsx: 100.0%; mso-effects-shadow-pctsy: 100.0%; mso-effects-shadow-anglekx: 0; mso-effects-shadow-angleky: 0; font-weight: normal; mso-bidi-font-weight: bold;\">Color</span></span></h1></td></tr><tr style=\"mso-yfti-irow: 1; mso-yfti-lastrow: yes; height: 25.7pt;\"><td style=\"width: 81.8pt; border: solid windowtext 1.0pt; border-top: none; mso-border-top-alt: solid windowtext .5pt; mso-border-alt: solid windowtext .5pt; padding: 0in 5.4pt 0in 5.4pt; height: 25.7pt;\" valign=\"top\" width=\"109\"><h1 style=\"text-align: center; mso-outline-level: 1; mso-element: frame; mso-element-frame-hspace: 9.0pt; mso-element-wrap: around; mso-element-anchor-vertical: paragraph; mso-element-anchor-horizontal: page; mso-element-left: 107.3pt; mso-element-top: 17.8pt; mso-height-rule: exactly;\" align=\"center\"><span class=\"TitleChar\"><span style=\"font-size: 16.0pt; font-weight: normal;\">6 Inches</span></span></h1></td><td style=\"width: 77.45pt; border-top: none; border-left: none; border-bottom: solid windowtext 1.0pt; border-right: solid windowtext 1.0pt; mso-border-top-alt: solid windowtext .5pt; mso-border-left-alt: solid windowtext .5pt; mso-border-alt: solid windowtext .5pt; padding: 0in 5.4pt 0in 5.4pt; height: 25.7pt;\" valign=\"top\" width=\"103\"><h1 style=\"text-align: center; mso-outline-level: 1; mso-element: frame; mso-element-frame-hspace: 9.0pt; mso-element-wrap: around; mso-element-anchor-vertical: paragraph; mso-element-anchor-horizontal: page; mso-element-left: 107.3pt; mso-element-top: 17.8pt; mso-height-rule: exactly;\" align=\"center\"><span class=\"TitleChar\"><span style=\"font-size: 16.0pt; font-weight: normal;\">14 Inches</span></span></h1></td><td style=\"width: 84.25pt; border-top: none; border-left: none; border-bottom: solid windowtext 1.0pt; border-right: solid windowtext 1.0pt; mso-border-top-alt: solid windowtext .5pt; mso-border-left-alt: solid windowtext .5pt; mso-border-alt: solid windowtext .5pt; padding: 0in 5.4pt 0in 5.4pt; height: 25.7pt;\" valign=\"top\" width=\"112\"><h1 style=\"text-align: center; mso-outline-level: 1; mso-element: frame; mso-element-frame-hspace: 9.0pt; mso-element-wrap: around; mso-element-anchor-vertical: paragraph; mso-element-anchor-horizontal: page; mso-element-left: 107.3pt; mso-element-top: 17.8pt; mso-height-rule: exactly;\" align=\"center\"><span class=\"TitleChar\"><span style=\"font-size: 16.0pt; font-weight: normal;\">14 inches</span></span></h1></td><td style=\"width: 100.75pt; border-top: none; border-left: none; border-bottom: solid windowtext 1.0pt; border-right: solid windowtext 1.0pt; mso-border-top-alt: solid windowtext .5pt; mso-border-left-alt: solid windowtext .5pt; mso-border-alt: solid windowtext .5pt; padding: 0in 5.4pt 0in 5.4pt; height: 25.7pt;\" valign=\"top\" width=\"134\"><h1 style=\"text-align: center; mso-outline-level: 1; mso-element: frame; mso-element-frame-hspace: 9.0pt; mso-element-wrap: around; mso-element-anchor-vertical: paragraph; mso-element-anchor-horizontal: page; mso-element-left: 107.3pt; mso-element-top: 17.8pt; mso-height-rule: exactly;\" align=\"center\"><span class=\"TitleChar\"><span style=\"font-size: 16.0pt; font-weight: normal;\">Any</span></span></h1></td></tr></tbody></table><h1><span class=\"TitleChar\"><span style=\"font-size: 16.0pt; mso-bidi-font-family: \'Calibri Light\'; mso-bidi-theme-font: major-latin; font-weight: normal;\">&nbsp;</span></span></h1><h1><span class=\"TitleChar\"><span style=\"font-size: 16.0pt; mso-bidi-font-family: \'Calibri Light\'; mso-bidi-theme-font: major-latin; font-weight: normal;\">&nbsp;</span></span></h1><h1><span class=\"TitleChar\"><span style=\"font-size: 16.0pt; mso-bidi-font-family: \'Calibri Light\'; mso-bidi-theme-font: major-latin; font-weight: normal;\">&nbsp;</span></span></h1><h1 style=\"margin-left: .25in;\"><span style=\"font-size: 16.0pt; font-family: \'Calibri Light\',sans-serif; mso-ascii-theme-font: major-latin; mso-hansi-theme-font: major-latin; mso-bidi-theme-font: major-latin;\">Uses:- </span><span style=\"font-size: 16.0pt; font-family: \'Calibri Light\',sans-serif; mso-ascii-theme-font: major-latin; mso-hansi-theme-font: major-latin; mso-bidi-theme-font: major-latin; font-weight: normal;\">Perfect for Cake, Muffins, Ladoos and more&hellip;..</span></h1>',NULL),(11,11,'en','Multi Story / Doll Cake box (50 pc pack)','<p>These cake boxes are common plain boxes made of 3 Ply Corrugated Sheet with Plain White Paper over the Top</p>',NULL),(12,12,'en','5 Compartments Plastic Meal Tray (50 pc pack)','<h1 class=\"bo\" style=\"margin: 0px; padding: 0px; font-variant-numeric: normal; font-variant-east-asian: normal; font-stretch: normal; font-size: 22px; line-height: 24px; font-family: arial; background-color: #ffffff;\">Plastic Black-White Meal Tray 5 Compartment</h1><p><strong style=\"margin: 0px; padding: 0px; color: #333333; font-family: arial; font-size: 16px; background-color: #ffffff;\">Specifications:<br style=\"margin: 0px; padding: 0px;\" /></strong></p><ul style=\"margin: 0px; padding: 0px; color: #333333; font-family: arial; font-size: 16px; background-color: #ffffff;\"><li style=\"margin: 0px 0px 0px 17px; padding: 0px; list-style: outside;\">Color: Black</li><li style=\"margin: 0px 0px 0px 17px; padding: 0px; list-style: outside;\">Cover: with Lid</li><li style=\"margin: 0px 0px 0px 17px; padding: 0px; list-style: outside;\">Usage: For Food Packaging</li><li style=\"margin: 0px 0px 0px 17px; padding: 0px; list-style: outside;\">Material: PP</li><li style=\"margin: 0px 0px 0px 17px; padding: 0px; list-style: outside;\">Property: Disposable, Microwave Safe</li><li style=\"margin: 0px 0px 0px 17px; padding: 0px; list-style: outside;\">No. of Compartments: 5.0</li><li style=\"margin: 0px 0px 0px 17px; padding: 0px; list-style: outside;\">Additional Keywords: Trays, Lunch Trays, Food Packaging Trays, 5 Compartments</li><li style=\"margin: 0px 0px 0px 17px; padding: 0px; list-style: outside;\">Dimensions: Length-280 x width-200 x Height-35 mm</li></ul>',NULL),(13,13,'en','6 Pc Pastry Box (100 PC PACK)','<h3><strong>6 Pc Pastry Box 330 gsm Duplex White Back</strong></h3><h4><strong>Features&nbsp; &nbsp; &nbsp; &nbsp; &nbsp; &nbsp; &nbsp; &nbsp; &nbsp; &nbsp; &nbsp; &nbsp; &nbsp; &nbsp; &nbsp; &nbsp; &nbsp; &nbsp; &nbsp; &nbsp; &nbsp; &nbsp; &nbsp;</strong><strong>Note:</strong></h4><p>Eco Friendly&nbsp; &nbsp; &nbsp; &nbsp; &nbsp;<strong>&nbsp; &nbsp; &nbsp; &nbsp; &nbsp; &nbsp; &nbsp; &nbsp; &nbsp; &nbsp; &nbsp; &nbsp; &nbsp; &nbsp; &nbsp; &nbsp; &nbsp; &nbsp; &nbsp; &nbsp; &nbsp; &nbsp;&nbsp;<span style=\"color: #e03e2d;\">&nbsp;</span></strong><span style=\"color: #e03e2d;\">1 Quantity = 100 Pcs</span><strong>&nbsp; &nbsp; &nbsp; &nbsp;</strong></p><p>Easy to Store&nbsp; &nbsp; &nbsp; &nbsp; &nbsp; &nbsp; &nbsp; &nbsp; &nbsp; &nbsp; &nbsp; &nbsp; &nbsp; &nbsp; &nbsp; &nbsp; &nbsp; &nbsp; &nbsp; &nbsp; &nbsp; &nbsp; &nbsp; &nbsp; &nbsp;&nbsp;<span style=\"color: #e03e2d;\">This item is available only in multiples of 100.&nbsp;</span>&nbsp;&nbsp; &nbsp;&nbsp;</p><p>Easy to Transport&nbsp; &nbsp; &nbsp; &nbsp; &nbsp; &nbsp; &nbsp; &nbsp; &nbsp; &nbsp; &nbsp; &nbsp; &nbsp; &nbsp; &nbsp; &nbsp; &nbsp; &nbsp; &nbsp; &nbsp; &nbsp; &nbsp;<strong>Size(mm): Length = 172 , Width = 126, Height =&nbsp; 89&nbsp;</strong></p><p>Customizable on Order&nbsp; &nbsp; &nbsp; &nbsp; &nbsp; &nbsp; &nbsp; &nbsp; &nbsp; &nbsp; &nbsp; &nbsp; &nbsp; &nbsp; &nbsp; &nbsp;&nbsp;<strong>Color: Multicolored</strong></p><p>&nbsp;</p>',NULL),(14,14,'en','50 ML Round Disposable Plastic Food Container (200 pc pack)','<h2>50 ML Round Disposable Plastic Food Container.</h2><h2 style=\"box-sizing: border-box; width: 150.391px; margin-top: 0.1em; margin-bottom: 0.1em; text-rendering: optimizespeed; line-height: 1.3; font-family: Raleway, sans-serif; background-color: #ffffff; font-size: 17px !important;\">&nbsp;</h2><hr class=\"new1\" style=\"box-sizing: border-box; margin: 5px 0px; border-top-color: #666666; opacity: 0.1; font-family: Lato, sans-serif; font-size: 18.72px; background-color: #ffffff;\" /><div class=\"ullii\" style=\"box-sizing: border-box; font-family: Lato, sans-serif; font-size: 18.72px; background-color: #ffffff;\"><ul style=\"box-sizing: border-box; list-style: square; margin-top: 0px; padding: 0px; margin-bottom: 1.3em;\"><li style=\"box-sizing: border-box; margin-bottom: 3px; margin-left: 0px; font-size: 1em; line-height: 1.2; text-transform: capitalize;\">Food Grade Plastic</li><li style=\"box-sizing: border-box; margin-bottom: 3px; margin-left: 0px; font-size: 1em; line-height: 1.2; text-transform: capitalize;\">Microwave Safe</li><li style=\"box-sizing: border-box; margin-bottom: 3px; margin-left: 0px; font-size: 1em; line-height: 1.2; text-transform: capitalize;\">Freezer Safe</li><li style=\"box-sizing: border-box; margin-bottom: 3px; margin-left: 0px; font-size: 1em; line-height: 1.2; text-transform: capitalize;\">Easily Stackable</li><li style=\"box-sizing: border-box; margin-bottom: 3px; margin-left: 0px; font-size: 1em; line-height: 1.2; text-transform: capitalize;\">Dimensions: Top-62mm x Bottom-43mm x Height-30mm</li></ul></div>',NULL),(15,15,'en','100 ml Round Container (200 pc pack)','<h2><strong>100 ml </strong><strong>Round Container&nbsp;</strong></h2><h2 style=\"box-sizing: border-box; width: 150.391px; margin-top: 0.1em; margin-bottom: 0.1em; text-rendering: optimizespeed; line-height: 1.3; font-family: Raleway, sans-serif; background-color: #ffffff; font-size: 17px !important;\">&nbsp;</h2><hr class=\"new1\" style=\"box-sizing: border-box; margin: 5px 0px; border-top-color: #666666; opacity: 0.1; font-family: Lato, sans-serif; font-size: 18.72px; background-color: #ffffff;\" /><div class=\"ullii\" style=\"box-sizing: border-box; font-family: Lato, sans-serif; font-size: 18.72px; background-color: #ffffff;\"><ul style=\"box-sizing: border-box; list-style: square; margin-top: 0px; padding: 0px; margin-bottom: 1.3em;\"><li style=\"box-sizing: border-box; margin-bottom: 3px; margin-left: 0px; font-size: 1em; line-height: 1.2; text-transform: capitalize;\">Food Grade Plastic</li><li style=\"box-sizing: border-box; margin-bottom: 3px; margin-left: 0px; font-size: 1em; line-height: 1.2; text-transform: capitalize;\">Microwave Safe</li><li style=\"box-sizing: border-box; margin-bottom: 3px; margin-left: 0px; font-size: 1em; line-height: 1.2; text-transform: capitalize;\">Freezer Safe</li><li style=\"box-sizing: border-box; margin-bottom: 3px; margin-left: 0px; font-size: 1em; line-height: 1.2; text-transform: capitalize;\">Easily Stackable</li><li style=\"box-sizing: border-box; margin-bottom: 3px; margin-left: 0px; font-size: 1em; line-height: 1.2; text-transform: capitalize;\">Dimensions: Top-79mm X Bottom-59mm X Height-35mm</li></ul></div><ul style=\"box-sizing: border-box; margin: 0px 0px 1.3em; padding: 0px; overflow: hidden; color: #191919; font-family: Lato, sans-serif; font-size: 18.72px; list-style: square;\"><li style=\"box-sizing: border-box; margin: 0px 0px 3px; padding: 0px; color: #6e6e6e; font-size: 1em; line-height: 1.2; text-transform: capitalize;\">&nbsp;</li></ul>',NULL),(16,16,'en','300ml Round Container(100 PC PACK)','<h2><strong>300 ml </strong><strong>Round Container&nbsp;</strong></h2><hr class=\"new1\" style=\"box-sizing: border-box; margin: 5px 0px; border-top-color: #666666; opacity: 0.1; font-family: Lato, sans-serif; font-size: 18.72px; background-color: #ffffff;\" /><div class=\"ullii\" style=\"box-sizing: border-box; font-family: Lato, sans-serif; font-size: 18.72px; background-color: #ffffff;\"><ul style=\"box-sizing: border-box; list-style: square; margin-top: 0px; padding: 0px; margin-bottom: 1.3em;\"><li style=\"box-sizing: border-box; margin-bottom: 3px; margin-left: 0px; font-size: 1em; line-height: 1.2; text-transform: capitalize;\">Food Grade Plastic</li><li style=\"box-sizing: border-box; margin-bottom: 3px; margin-left: 0px; font-size: 1em; line-height: 1.2; text-transform: capitalize;\">Microwave Safe</li><li style=\"box-sizing: border-box; margin-bottom: 3px; margin-left: 0px; font-size: 1em; line-height: 1.2; text-transform: capitalize;\">Freezer Safe</li><li style=\"box-sizing: border-box; margin-bottom: 3px; margin-left: 0px; font-size: 1em; line-height: 1.2; text-transform: capitalize;\">Easily Stackable</li><li style=\"box-sizing: border-box; margin-bottom: 3px; margin-left: 0px; font-size: 1em; line-height: 1.2; text-transform: capitalize;\">Dimensions: Top-117mm X Bottom-114mm X Height-40mm</li></ul></div>',NULL),(17,17,'en','1000 ml Black Round Plastic Container with White/Transparent Lid (100 pc pack)','<h2>1000 ml Black Round Plastic Container with White/Transparent Lid&nbsp;</h2><p style=\"box-sizing: border-box; margin: 0px 0px 12px; font-size: 14px; font-family: Arial, sans-serif; background-color: #ffffff;\">This attractive and easy to clean large-capacity plastic storage container can be used to store food or snack items.</p><p style=\"box-sizing: border-box; margin: 0px 0px 12px; font-size: 14px; font-family: Arial, sans-serif; background-color: #ffffff;\"><span style=\"box-sizing: border-box; font-weight: bold;\">Product Highlights</span></p><p>&nbsp;</p><ul style=\"box-sizing: border-box; margin-top: 0px; margin-bottom: 1rem; font-family: Arial, sans-serif; font-size: 14px; background-color: #ffffff;\"><li style=\"box-sizing: border-box;\">Item: Plastic containers</li><li style=\"box-sizing: border-box;\">Quantity: 100 pieces</li><li style=\"box-sizing: border-box;\">Color: Black</li><li style=\"box-sizing: border-box;\">Capacity: 1000ml</li></ul><p><span style=\"color: #333333; font-family: \'Open Sans\', sans-serif; font-size: 14px; text-align: justify; background-color: #ffffff;\">Uses:- Black Base round 1000 ml container with Modular round seal Airtight lid.Convenient for transit of Full portion Gravy, Biryani, Noodles, Thukpas, etc.</span></p>',NULL),(18,18,'en','Brown Apple Box with 4 Trays Holding Capacity 20 - 25 Kg (25 pc pack)','<h1 class=\"bo\" style=\"margin: 0px; padding: 0px; font-variant-numeric: normal; font-variant-east-asian: normal; font-stretch: normal; font-size: 22px; line-height: 24px; font-family: arial; background-color: #ffffff;\">Gray Apple Box Packaging Corrugated Box, Weight Holding Capacity (Kg): 20 - 25 Kg</h1><p style=\"box-sizing: border-box; margin: 0px; padding: 0px; font-family: Rubik, Arial, Helvetica, sans-serif; font-size: 15px; line-height: 23px; color: #6e6e6e; background-color: #ffffff;\">&nbsp;</p><div class=\"dtlsec1\" style=\"box-sizing: border-box; margin: 0px; padding: 0px; font-family: arial; line-height: 26px; color: #333333; font-size: 14px; background-color: #ffffff;\"><table style=\"margin: 0px; padding: 0px; width: 822.891px;\"><tbody style=\"box-sizing: border-box; margin: 0px; padding: 0px;\"><tr style=\"box-sizing: border-box; margin: 0px; padding: 0px;\"><td class=\"tdwdt\" style=\"box-sizing: border-box; vertical-align: top; margin: 0px; padding: 4px 5px; width: 319.156px; color: #848484; border-bottom: 1px solid #eaeaea; font-size: 15px; word-break: break-word;\">Box Capacity</td><td class=\"tdwdt1 color6\" style=\"box-sizing: border-box; vertical-align: top; margin: 0px; padding: 4px 5px; color: #000000; width: 483.734px; border-bottom: 1px solid #eaeaea; font-size: 15px; word-break: break-word;\">1-5 Kg</td></tr><tr style=\"box-sizing: border-box; margin: 0px; padding: 0px;\"><td class=\"tdwdt\" style=\"box-sizing: border-box; vertical-align: top; margin: 0px; padding: 4px 5px; width: 319.156px; color: #848484; border-bottom: 1px solid #eaeaea; font-size: 15px; word-break: break-word;\">Size</td><td class=\"tdwdt1 color6\" style=\"box-sizing: border-box; vertical-align: top; margin: 0px; padding: 4px 5px; color: #000000; width: 483.734px; border-bottom: 1px solid #eaeaea; font-size: 15px; word-break: break-word;\">50 x 30 x 27.5 Inches</td></tr><tr style=\"box-sizing: border-box; margin: 0px; padding: 0px;\"><td class=\"tdwdt\" style=\"box-sizing: border-box; vertical-align: top; margin: 0px; padding: 4px 5px; width: 319.156px; color: #848484; border-bottom: 1px solid #eaeaea; font-size: 15px; word-break: break-word;\">Color</td><td class=\"tdwdt1 color6\" style=\"box-sizing: border-box; vertical-align: top; margin: 0px; padding: 4px 5px; color: #000000; width: 483.734px; border-bottom: 1px solid #eaeaea; font-size: 15px; word-break: break-word;\">Brown</td></tr><tr style=\"box-sizing: border-box; margin: 0px; padding: 0px;\"><td class=\"tdwdt\" style=\"box-sizing: border-box; vertical-align: top; margin: 0px; padding: 4px 5px; width: 319.156px; color: #848484; border-bottom: 1px solid #eaeaea; font-size: 15px; word-break: break-word;\">Material Grade</td><td class=\"tdwdt1 color6\" style=\"box-sizing: border-box; vertical-align: top; margin: 0px; padding: 4px 5px; color: #000000; width: 483.734px; border-bottom: 1px solid #eaeaea; font-size: 15px; word-break: break-word;\">Corrugated</td></tr><tr style=\"box-sizing: border-box; margin: 0px; padding: 0px;\"><td class=\"tdwdt\" style=\"box-sizing: border-box; vertical-align: top; margin: 0px; padding: 4px 5px; width: 319.156px; color: #848484; border-bottom: 1px solid #eaeaea; font-size: 15px; word-break: break-word;\">Wall Type</td><td class=\"tdwdt1 color6\" style=\"box-sizing: border-box; vertical-align: top; margin: 0px; padding: 4px 5px; color: #000000; width: 483.734px; border-bottom: 1px solid #eaeaea; font-size: 15px; word-break: break-word;\">Double Wall - 5 Ply</td></tr><tr style=\"box-sizing: border-box; margin: 0px; padding: 0px;\"><td class=\"tdwdt\" style=\"box-sizing: border-box; vertical-align: top; margin: 0px; padding: 4px 5px; width: 319.156px; color: #848484; border-bottom: 1px solid #eaeaea; font-size: 15px; word-break: break-word;\">Usage/Application</td><td class=\"tdwdt1 color6\" style=\"box-sizing: border-box; vertical-align: top; margin: 0px; padding: 4px 5px; color: #000000; width: 483.734px; border-bottom: 1px solid #eaeaea; font-size: 15px; word-break: break-word;\">Fruit Packaging box</td></tr><tr style=\"box-sizing: border-box; margin: 0px; padding: 0px;\"><td class=\"tdwdt\" style=\"box-sizing: border-box; vertical-align: top; margin: 0px; padding: 4px 5px; width: 319.156px; color: #848484; border-bottom: 1px solid #eaeaea; font-size: 15px; word-break: break-word;\">Property</td><td class=\"tdwdt1 color6\" style=\"box-sizing: border-box; vertical-align: top; margin: 0px; padding: 4px 5px; color: #000000; width: 483.734px; border-bottom: 1px solid #eaeaea; font-size: 15px; word-break: break-word;\">Bio-degradable</td></tr><tr style=\"box-sizing: border-box; margin: 0px; padding: 0px;\"><td class=\"tdwdt\" style=\"box-sizing: border-box; vertical-align: top; margin: 0px; padding: 4px 5px; width: 319.156px; color: #848484; border-bottom: 1px solid #eaeaea; font-size: 15px; word-break: break-word;\">Shape</td><td class=\"tdwdt1 color6\" style=\"box-sizing: border-box; vertical-align: top; margin: 0px; padding: 4px 5px; color: #000000; width: 483.734px; border-bottom: 1px solid #eaeaea; font-size: 15px; word-break: break-word;\">Rectangle</td></tr><tr style=\"box-sizing: border-box; margin: 0px; padding: 0px;\"><td class=\"tdwdt\" style=\"box-sizing: border-box; vertical-align: top; margin: 0px; padding: 4px 5px; width: 319.156px; color: #848484; border-bottom: 1px solid #eaeaea; font-size: 15px; word-break: break-word;\">Storing Material</td><td class=\"tdwdt1 color6\" style=\"box-sizing: border-box; vertical-align: top; margin: 0px; padding: 4px 5px; color: #000000; width: 483.734px; border-bottom: 1px solid #eaeaea; font-size: 15px; word-break: break-word;\">Edible</td></tr><tr style=\"box-sizing: border-box; margin: 0px; padding: 0px;\"><td class=\"tdwdt\" style=\"box-sizing: border-box; vertical-align: top; margin: 0px; padding: 4px 5px; width: 319.156px; color: #848484; border-bottom: 1px solid #eaeaea; font-size: 15px; word-break: break-word;\">Pattern</td><td class=\"tdwdt1 color6\" style=\"box-sizing: border-box; vertical-align: top; margin: 0px; padding: 4px 5px; color: #000000; width: 483.734px; border-bottom: 1px solid #eaeaea; font-size: 15px; word-break: break-word;\">Printed</td></tr></tbody></table></div><div class=\"clr\" style=\"box-sizing: border-box; margin: 0px; padding: 0px; font-family: arial; clear: both; color: #333333; font-size: 14px; background-color: #ffffff;\">&nbsp;</div><h3 class=\"fs18 mt30 mb10 color\" style=\"box-sizing: border-box; margin: 30px 0px 10px; font-weight: 500; line-height: 22px; font-size: 18px; color: #333333; padding: 0px; font-family: arial; background-color: #ffffff;\">Product Description</h3><div class=\"pdest1\" style=\"box-sizing: border-box; margin: 0px; padding: 0px; font-family: arial; hyphens: inherit; word-break: inherit; overflow-wrap: inherit; max-width: 800px; overflow: auto; color: #333333; font-size: 14px; background-color: #ffffff;\"><div class=\"fs16 lh28 pdpCtsr\" style=\"box-sizing: border-box; margin: 0px; padding: 0px; hyphens: inherit; word-break: inherit; overflow-wrap: inherit; max-width: 800px; overflow: auto; font-size: 16px; line-height: 28px;\">We can undertake bulk orders for all kinds of customised fruit pcakaging boxes. These are made as per the size and design provided by buyer.&nbsp;</div></div>',NULL),(19,19,'en','Carry Bag 11.5x3x16 Inches (50 PC PACK)','<h2>Brown Kraft Paper Carry Bags(11.5x3x16 Inches)</h2><p>When buying a product, you get it packed in a bag. If the bag is a paper carrier, it will be an added advantage as you will get a handy item with the product. Most retailers use cheap brown paper carry bags that seem to be of little use at home but if you look around your home; you can find many uses of these cheap bags.</p><p>&nbsp;</p><table style=\"margin: 0px 0px 8px; padding: 0px; width: 532px; color: #333333; font-family: arial; font-size: 16px; background-color: #ffffff;\"><tbody style=\"margin: 0px; padding: 0px;\"><tr style=\"margin: 0px; padding: 0px;\"><td class=\"tdwdt\" style=\"margin: 0px; padding: 2px 5px; width: 202.797px; color: #848484; border-bottom: 1px solid #eaeaea; font-size: 15px; vertical-align: top; word-break: break-word;\">Pattern</td><td class=\"tdwdt1 color6\" style=\"margin: 0px; padding: 2px 5px; color: #000000; width: 309.203px; border-bottom: 1px solid #eaeaea; font-size: 15px; vertical-align: top; word-break: break-word;\">Plain</td></tr><tr style=\"margin: 0px; padding: 0px;\"><td class=\"tdwdt\" style=\"margin: 0px; padding: 2px 5px; width: 202.797px; color: #848484; border-bottom: 1px solid #eaeaea; font-size: 15px; vertical-align: top; word-break: break-word;\">Color</td><td class=\"tdwdt1 color6\" style=\"margin: 0px; padding: 2px 5px; color: #000000; width: 309.203px; border-bottom: 1px solid #eaeaea; font-size: 15px; vertical-align: top; word-break: break-word;\">Brown</td></tr><tr style=\"margin: 0px; padding: 0px;\"><td class=\"tdwdt\" style=\"margin: 0px; padding: 2px 5px; width: 202.797px; color: #848484; border-bottom: 1px solid #eaeaea; font-size: 15px; vertical-align: top; word-break: break-word;\">Gsm</td><td class=\"tdwdt1 color6\" style=\"margin: 0px; padding: 2px 5px; color: #000000; width: 309.203px; border-bottom: 1px solid #eaeaea; font-size: 15px; vertical-align: top; word-break: break-word;\">200-300 GSM</td></tr><tr style=\"margin: 0px; padding: 0px;\"><td class=\"tdwdt\" style=\"margin: 0px; padding: 2px 5px; width: 202.797px; color: #848484; border-bottom: 1px solid #eaeaea; font-size: 15px; vertical-align: top; word-break: break-word;\">Material</td><td class=\"tdwdt1 color6\" style=\"margin: 0px; padding: 2px 5px; color: #000000; width: 309.203px; border-bottom: 1px solid #eaeaea; font-size: 15px; vertical-align: top; word-break: break-word;\">Kraft Paper</td></tr><tr style=\"margin: 0px; padding: 0px;\"><td class=\"tdwdt\" style=\"margin: 0px; padding: 2px 5px; width: 202.797px; color: #848484; border-bottom: 1px solid #eaeaea; font-size: 15px; vertical-align: top; word-break: break-word;\">Brand</td><td class=\"tdwdt1 color6\" style=\"margin: 0px; padding: 2px 5px; color: #000000; width: 309.203px; border-bottom: 1px solid #eaeaea; font-size: 15px; vertical-align: top; word-break: break-word;\">Modern Packagers</td></tr><tr style=\"margin: 0px; padding: 0px;\"><td class=\"tdwdt\" style=\"margin: 0px; padding: 2px 5px; width: 202.797px; color: #848484; border-bottom: 1px solid #eaeaea; font-size: 15px; vertical-align: top; word-break: break-word;\">Handle</td><td class=\"tdwdt1 color6\" style=\"margin: 0px; padding: 2px 5px; color: #000000; width: 309.203px; border-bottom: 1px solid #eaeaea; font-size: 15px; vertical-align: top; word-break: break-word;\">Yes</td></tr></tbody></table><p><span style=\"color: #333333; font-family: arial; font-size: 16px; background-color: #ffffff;\">Modern Packagers are dealing with Cloth Carry Bags</span></p>',NULL),(20,20,'en','E-commerce Box Size: 9x7.25x4.5 Inches (50 PC Pack)','<ul class=\"a-unordered-list a-vertical a-spacing-mini\" style=\"box-sizing: border-box; margin: 0px 0px 0px 18px; color: #0f1111; padding: 0px; font-family: \'Amazon Ember\', Arial, sans-serif; font-size: 14px; background-color: #ffffff;\"><li style=\"box-sizing: border-box; list-style: disc; overflow-wrap: break-word; margin: 0px;\"><span class=\"a-list-item\" style=\"box-sizing: border-box;\">Size: 9 Inches * 7.25 Inches * 4.5 Inches, 3 Ply brown Corrugated Box</span></li><li style=\"box-sizing: border-box; list-style: disc; overflow-wrap: break-word; margin: 0px;\"><span class=\"a-list-item\" style=\"box-sizing: border-box;\">Strength: Made from high GSM Paper, the Corrugated Boxes from Eureka Grafixx have a high strength rate and can be used for heavy packaging too.</span></li><li style=\"box-sizing: border-box; list-style: disc; overflow-wrap: break-word; margin: 0px;\"><span class=\"a-list-item\" style=\"box-sizing: border-box;\">Reuse and Recycle:These boxes from Modern Packagers can be used many number of times with minimal loss of quality, these corrugated boxes help to the reduce the cost.</span></li><li style=\"box-sizing: border-box; list-style: disc; overflow-wrap: break-word; margin: 0px;\"><span class=\"a-list-item\" style=\"box-sizing: border-box;\">Packaging: These Corrugated boxes from Modern Packagers are ideal for E-commerce packaging and can be easily handled.</span></li><li style=\"box-sizing: border-box; list-style: disc; overflow-wrap: break-word; margin: 0px;\"><span class=\"a-list-item\" style=\"box-sizing: border-box;\">Supreme quality paper and highly advanced production techniques</span></li></ul>',NULL),(21,21,'en','E-commerce Box Size: 12x7.25x4.5 Inches (50 pc Pack)','<p>Size: 12 Inches * 7.24 Inches * 4.48 Inches, 3 Ply Brown Corrugated Box</p><p>Strength: Made from high GSM Paper, the Corrugated Boxes from Modern packagers have a high strength rate and can be used for heavy packaging too.</p><p>Reuse and Recycle: These boxes from Eureka Grafixx can be used many number of times with minimal loss of quality,these corrugated boxes help to the reduce the cost.</p><p>Packaging: These Corrugated boxes from Modern Packagers are ideal for E-commerce packaging and can be easily handled.</p><p>Supreme quality paper and highly advanced production techniques</p>',NULL),(22,22,'en','Food Boat - Tray FBB BOARD (200 pc pack)','<h2 id=\"product-name\" class=\"product-name\" style=\"box-sizing: border-box; font-family: robotoregular; line-height: normal; color: #464646; margin: 0px 0px 10px; font-size: 16px; padding: 0px; border: 0px; text-transform: capitalize; word-break: break-word; background-color: #ffffff;\">Food Boats, 200 pieces minimum order. Disposable Paper Food Trays - Heavy-Duty, Grease-Resistant, Black Paper Nacho Boats, For Hot Dogs, Corn Dogs, Or Tacos, Use At Parties Or Fairs - Restaurantware</h2><table id=\"product-attribute-specs-table\" class=\"featureTable\" style=\"border-spacing: 0px; background-color: #ffffff; margin: 15px 0px; padding: 0px; border: 1px solid #eeeeee; line-height: 1; position: relative; width: 1078px; table-layout: fixed; color: #464646; font-family: robotoregular; font-size: 13px;\"><tbody style=\"box-sizing: border-box; margin: 0px; padding: 0px; border: 0px; line-height: 1;\"><tr style=\"box-sizing: border-box; margin: 0px; padding: 0px; border: 0px; line-height: 1;\"><td style=\"box-sizing: border-box; padding: 6px 10px 6px 15px; margin: 0px; line-height: normal; position: relative; word-break: break-all; background-image: none; background-position: 0px 0px; background-size: initial; background-repeat: repeat; background-attachment: scroll; background-origin: initial; background-clip: initial; border-width: 0px 0px 1px !important; border-style: solid !important; border-color: #eeeeee !important; border-image: initial !important; background-color: #f2f2f2 !important;\">Product Dimensions</td><td style=\"box-sizing: border-box; padding: 6px 10px 6px 15px; margin: 0px; line-height: normal; position: relative; word-break: break-all; border-width: 0px 0px 1px !important; border-style: solid !important; border-color: #eeeeee !important; border-image: initial !important; background-color: #f2f2f2 !important;\">Top Length = 140mm X Top Width = 90 mm X Bottom Size = 80x52 mm X Height = 54 mm.&nbsp;</td></tr><tr style=\"box-sizing: border-box; margin: 0px; padding: 0px; border: 0px; line-height: 1;\"><td style=\"box-sizing: border-box; padding: 6px 10px 6px 15px; margin: 0px; line-height: normal; position: relative; word-break: break-all; background: none 0px 0px repeat scroll transparent; border-width: 0px 0px 1px !important; border-style: solid !important; border-color: #eeeeee !important; border-image: initial !important;\"><span style=\"background-color: #f2f2f2;\">Manufacturer</span></td><td style=\"box-sizing: border-box; padding: 6px 10px 6px 15px; margin: 0px; line-height: normal; position: relative; word-break: break-all; border-width: 0px 0px 1px !important; border-style: solid !important; border-color: #eeeeee !important; border-image: initial !important; background-color: transparent !important;\">Modern Packagers</td></tr><tr style=\"box-sizing: border-box; margin: 0px; padding: 0px; border: 0px; line-height: 1;\"><td style=\"box-sizing: border-box; padding: 6px 10px 6px 15px; margin: 0px; line-height: normal; position: relative; word-break: break-all; background-image: none; background-position: 0px 0px; background-size: initial; background-repeat: repeat; background-attachment: scroll; background-origin: initial; background-clip: initial; border-width: 0px 0px 1px !important; border-style: solid !important; border-color: #eeeeee !important; border-image: initial !important; background-color: #f2f2f2 !important;\">&nbsp;</td><td style=\"box-sizing: border-box; padding-top: 6px; padding-right: 10px; padding-bottom: 6px; margin: 0px; line-height: normal; position: relative; word-break: break-all; border-width: 0px 0px 1px !important; border-style: solid !important; border-color: #eeeeee !important; border-image: initial !important; background-color: #f2f2f2 !important;\">&nbsp;</td></tr><tr style=\"box-sizing: border-box; margin: 0px; padding: 0px; border: 0px; line-height: 1;\"><td style=\"box-sizing: border-box; padding: 6px 10px 6px 15px; margin: 0px; line-height: normal; position: relative; word-break: break-all; background-image: none; background-position: 0px 0px; background-size: initial; background-repeat: repeat; background-attachment: scroll; background-origin: initial; background-clip: initial; border-width: 0px 0px 1px !important; border-style: solid !important; border-color: #eeeeee !important; border-image: initial !important; background-color: #f2f2f2 !important;\">Material</td><td style=\"box-sizing: border-box; padding: 6px 10px 6px 15px; margin: 0px; line-height: normal; position: relative; word-break: break-all; border-width: 0px 0px 1px !important; border-style: solid !important; border-color: #eeeeee !important; border-image: initial !important; background-color: #f2f2f2 !important;\">Paper</td></tr><tr style=\"box-sizing: border-box; margin: 0px; padding: 0px; border: 0px; line-height: 1;\"><td style=\"box-sizing: border-box; padding: 6px 10px 6px 15px; margin: 0px; line-height: normal; position: relative; word-break: break-all; background: none 0px 0px repeat scroll transparent; border-width: 0px 0px 1px !important; border-style: solid !important; border-color: #eeeeee !important; border-image: initial !important;\">Color</td><td style=\"box-sizing: border-box; padding: 6px 10px 6px 15px; margin: 0px; line-height: normal; position: relative; word-break: break-all; border-width: 0px 0px 1px !important; border-style: solid !important; border-color: #eeeeee !important; border-image: initial !important; background-color: transparent !important;\">Black</td></tr><tr style=\"box-sizing: border-box; margin: 0px; padding: 0px; border: 0px; line-height: 1;\"><td style=\"box-sizing: border-box; padding: 6px 10px 6px 15px; margin: 0px; line-height: normal; position: relative; word-break: break-all; background-image: none; background-position: 0px 0px; background-size: initial; background-repeat: repeat; background-attachment: scroll; background-origin: initial; background-clip: initial; border-width: 0px 0px 1px !important; border-style: solid !important; border-color: #eeeeee !important; border-image: initial !important; background-color: #f2f2f2 !important;\">Brand</td><td style=\"box-sizing: border-box; padding: 6px 10px 6px 15px; margin: 0px; line-height: normal; position: relative; word-break: break-all; border-width: 0px 0px 1px !important; border-style: solid !important; border-color: #eeeeee !important; border-image: initial !important; background-color: #f2f2f2 !important;\">Restaurantware</td></tr><tr style=\"box-sizing: border-box; margin: 0px; padding: 0px; border: 0px; line-height: 1;\"><td style=\"box-sizing: border-box; padding: 6px 10px 6px 15px; margin: 0px; line-height: normal; position: relative; word-break: break-all; background: none 0px 0px repeat scroll transparent; border-width: 0px 0px 1px !important; border-style: solid !important; border-color: #eeeeee !important; border-image: initial !important;\">Occasion</td><td style=\"box-sizing: border-box; padding: 6px 10px 6px 15px; margin: 0px; line-height: normal; position: relative; word-break: break-all; border-width: 0px 0px 1px !important; border-style: solid !important; border-color: #eeeeee !important; border-image: initial !important; background-color: transparent !important;\">Wedding, Birthday</td></tr></tbody></table><p>Single Layer 300 gsm FBB Boxes</p>',NULL),(23,23,'en','French Fries Pouch FBB BOARD (200 pc pack)','<h2>French Fries Pouch (FBB BOARD)&nbsp;</h2><table class=\"a-normal a-spacing-micro\" style=\"width: 544.062px; color: #0f1111; font-family: \'Amazon Ember\', Arial, sans-serif; font-size: 14px; background-color: #ffffff; margin-bottom: 4px !important;\"><tbody style=\"box-sizing: border-box;\"><tr class=\"a-spacing-small\" style=\"box-sizing: border-box; margin-bottom: 8px !important;\"><td class=\"a-span3\" style=\"box-sizing: border-box; vertical-align: top; padding: 3px 3px 3px 0px; float: none !important; margin-right: 0px; width: 142.422px;\"><span class=\"a-size-base a-text-bold\" style=\"box-sizing: border-box; font-weight: 700 !important; line-height: 20px !important;\">Size</span></td><td class=\"a-span9\" style=\"box-sizing: border-box; vertical-align: top; padding: 3px 0px 3px 3px; float: none !important; margin-right: 0px; width: 401.641px;\"><span class=\"a-size-base\" style=\"box-sizing: border-box; line-height: 20px !important;\">Small</span></td></tr><tr class=\"a-spacing-small\" style=\"box-sizing: border-box; margin-bottom: 8px !important;\"><td class=\"a-span3\" style=\"box-sizing: border-box; vertical-align: top; padding: 3px 3px 3px 0px; float: none !important; margin-right: 0px; width: 142.422px;\"><span class=\"a-size-base a-text-bold\" style=\"box-sizing: border-box; font-weight: 700 !important; line-height: 20px !important;\">Material</span></td><td class=\"a-span9\" style=\"box-sizing: border-box; vertical-align: top; padding: 3px 0px 3px 3px; float: none !important; margin-right: 0px; width: 401.641px;\"><span class=\"a-size-base\" style=\"box-sizing: border-box; line-height: 20px !important;\">Paperboard</span></td></tr><tr class=\"a-spacing-small\" style=\"box-sizing: border-box; margin-bottom: 8px !important;\"><td class=\"a-span3\" style=\"box-sizing: border-box; vertical-align: top; padding: 3px 3px 3px 0px; float: none !important; margin-right: 0px; width: 142.422px;\"><span class=\"a-size-base a-text-bold\" style=\"box-sizing: border-box; font-weight: 700 !important; line-height: 20px !important;\">Colour</span></td><td class=\"a-span9\" style=\"box-sizing: border-box; vertical-align: top; padding: 3px 0px 3px 3px; float: none !important; margin-right: 0px; width: 401.641px;\"><span class=\"a-size-base\" style=\"box-sizing: border-box; line-height: 20px !important;\">White</span></td></tr><tr class=\"a-spacing-small\" style=\"box-sizing: border-box; margin-bottom: 8px !important;\"><td class=\"a-span3\" style=\"box-sizing: border-box; vertical-align: top; padding: 3px 3px 3px 0px; float: none !important; margin-right: 0px; width: 142.422px;\"><span class=\"a-size-base a-text-bold\" style=\"box-sizing: border-box; font-weight: 700 !important; line-height: 20px !important;\">Weight</span></td><td class=\"a-span9\" style=\"box-sizing: border-box; vertical-align: top; padding: 3px 0px 3px 3px; float: none !important; margin-right: 0px; width: 401.641px;\"><span class=\"a-size-base\" style=\"box-sizing: border-box; line-height: 20px !important;\">5.5 Ounces</span></td></tr><tr class=\"a-spacing-small\" style=\"box-sizing: border-box; margin-bottom: 8px !important;\"><td class=\"a-span3\" style=\"box-sizing: border-box; vertical-align: top; padding: 3px 3px 3px 0px; float: none !important; margin-right: 0px; width: 142.422px;\"><span class=\"a-size-base a-text-bold\" style=\"box-sizing: border-box; font-weight: 700 !important; line-height: 20px !important;\">Reusability</span></td><td class=\"a-span9\" style=\"box-sizing: border-box; vertical-align: top; padding: 3px 0px 3px 3px; float: none !important; margin-right: 0px; width: 401.641px;\"><span class=\"a-size-base\" style=\"box-sizing: border-box; line-height: 20px !important;\">Disposable</span></td></tr><tr class=\"a-spacing-small\" style=\"box-sizing: border-box; margin-bottom: 8px !important;\"><td class=\"a-span3\" style=\"box-sizing: border-box; vertical-align: top; padding: 3px 3px 0px 0px; float: none !important; margin-right: 0px; width: 142.422px;\"><span class=\"a-size-base a-text-bold\" style=\"box-sizing: border-box; font-weight: 700 !important; line-height: 20px !important;\">Number of Pieces</span></td><td class=\"a-span9\" style=\"box-sizing: border-box; vertical-align: top; padding: 3px 0px 0px 3px; float: none !important; margin-right: 0px; width: 401.641px;\"><span class=\"a-size-base\" style=\"box-sizing: border-box; line-height: 20px !important;\">200</span></td></tr></tbody></table><p>&nbsp;</p><p>Single Layer 300 gsm FBB Boxes</p>',NULL),(24,24,'en','Snack Box  (100 pc pack)','<h1 style=\"margin-top: 0in; background: white;\"><span class=\"a-size-large\"><span style=\"font-family: \'Arial\',sans-serif; color: #0f1111; font-weight: normal;\">Disposable Paper Snack Boxes</span></span></h1><p class=\"MsoNormal\" style=\"line-height: normal; background: white; margin: 0in 0in .0001pt -4.5pt;\"><span style=\"font-size: 14.0pt; font-family: \'Segoe UI\',sans-serif; color: #0f1111;\">&nbsp;</span></p><p class=\"MsoNormal\" style=\"line-height: normal; background: white; margin: 0in 0in .0001pt -4.5pt;\"><span style=\"font-size: 14.0pt; font-family: \'Segoe UI\',sans-serif; color: #0f1111;\">Fit for serving and delivery of dry snacks.</span></p><p class=\"MsoNormal\" style=\"line-height: normal; background: white; margin: 0in 0in .0001pt -4.5pt;\"><span style=\"font-size: 14.0pt; font-family: \'Arial\',sans-serif; color: #0f1111;\">&nbsp;</span></p><p class=\"MsoNormal\" style=\"text-indent: -.25in; line-height: normal; mso-list: l0 level1 lfo1; tab-stops: list .5in; background: white; margin: 0in 0in .0001pt 13.5pt;\"><!-- [if !supportLists]--><span style=\"font-size: 10.0pt; mso-bidi-font-size: 10.5pt; font-family: Symbol; mso-fareast-font-family: Symbol; mso-bidi-font-family: Symbol; color: #0f1111;\"><span style=\"mso-list: Ignore;\">&middot;<span style=\"font: 7.0pt \'Times New Roman\';\">&nbsp;&nbsp;&nbsp;&nbsp;&nbsp;&nbsp;&nbsp;&nbsp; </span></span></span><!--[endif]--><span class=\"a-list-item\"><span style=\"font-size: 10.5pt; font-family: \'Arial\',sans-serif; color: #0f1111;\"><span style=\"box-sizing: border-box;\">The box is specially designed for the snack wrapping, such as French fries, hot dog, etc.</span></span></span></p><p class=\"MsoNormal\" style=\"text-indent: -.25in; line-height: normal; mso-list: l0 level1 lfo1; tab-stops: list .5in; background: white; margin: 0in 0in .0001pt 13.5pt;\"><!-- [if !supportLists]--><span style=\"font-size: 10.0pt; mso-bidi-font-size: 10.5pt; font-family: Symbol; mso-fareast-font-family: Symbol; mso-bidi-font-family: Symbol; color: #0f1111;\"><span style=\"mso-list: Ignore;\">&middot;<span style=\"font: 7.0pt \'Times New Roman\';\">&nbsp;&nbsp;&nbsp;&nbsp;&nbsp;&nbsp;&nbsp;&nbsp; </span></span></span><!--[endif]--><span class=\"a-list-item\"><span style=\"font-size: 10.5pt; font-family: \'Arial\',sans-serif; color: #0f1111;\"><span style=\"box-sizing: border-box;\">It can be as a temporary container for the delicious snack</span></span></span></p><p class=\"MsoNormal\" style=\"text-indent: -.25in; line-height: normal; mso-list: l0 level1 lfo1; tab-stops: list .5in; background: white; margin: 0in 0in .0001pt 13.5pt;\"><!-- [if !supportLists]--><span style=\"font-size: 10.0pt; mso-bidi-font-size: 10.5pt; font-family: Symbol; mso-fareast-font-family: Symbol; mso-bidi-font-family: Symbol; color: #0f1111;\"><span style=\"mso-list: Ignore;\">&middot;<span style=\"font: 7.0pt \'Times New Roman\';\">&nbsp;&nbsp;&nbsp;&nbsp;&nbsp;&nbsp;&nbsp;&nbsp; </span></span></span><!--[endif]--><span class=\"a-list-item\"><span style=\"font-size: 10.5pt; font-family: \'Arial\',sans-serif; color: #0f1111;\"><span style=\"box-sizing: border-box;\">The snack box is made of good quality material, safe to use.</span></span></span></p><p class=\"MsoNormal\" style=\"text-indent: -.25in; line-height: normal; mso-list: l0 level1 lfo1; tab-stops: list .5in; background: white; margin: 0in 0in .0001pt 13.5pt;\"><!-- [if !supportLists]--><span style=\"font-size: 10.0pt; mso-bidi-font-size: 10.5pt; font-family: Symbol; mso-fareast-font-family: Symbol; mso-bidi-font-family: Symbol; color: #0f1111;\"><span style=\"mso-list: Ignore;\">&middot;<span style=\"font: 7.0pt \'Times New Roman\';\">&nbsp;&nbsp;&nbsp;&nbsp;&nbsp;&nbsp;&nbsp;&nbsp; </span></span></span><!--[endif]--><span class=\"a-list-item\"><span style=\"font-size: 10.5pt; font-family: \'Arial\',sans-serif; color: #0f1111;\"><span style=\"box-sizing: border-box;\">Non- folding design, the box can be used directly.</span></span></span></p><p class=\"MsoNormal\" style=\"text-indent: -.25in; line-height: normal; mso-list: l0 level1 lfo1; tab-stops: list .5in; background: white; margin: 0in 0in .0001pt 13.5pt;\"><!-- [if !supportLists]--><span style=\"font-size: 10.0pt; mso-bidi-font-size: 10.5pt; font-family: Symbol; mso-fareast-font-family: Symbol; mso-bidi-font-family: Symbol; color: #0f1111;\"><span style=\"mso-list: Ignore;\">&middot;<span style=\"font: 7.0pt \'Times New Roman\';\">&nbsp;&nbsp;&nbsp;&nbsp;&nbsp;&nbsp;&nbsp;&nbsp; </span></span></span><!--[endif]--><span class=\"a-list-item\"><span style=\"font-size: 10.5pt; font-family: \'Arial\',sans-serif; color: #0f1111;\"><span style=\"box-sizing: border-box;\">The set includes 100pcs, large quantity to meet your needs.</span></span></span></p><p style=\"font-variant-ligatures: normal; font-variant-caps: normal; orphans: 2; text-align: start; widows: 2; -webkit-text-stroke-width: 0px; text-decoration-thickness: initial; text-decoration-style: initial; text-decoration-color: initial; word-spacing: 0px;\"><span style=\"font-size: 13.5pt; font-family: \'Segoe UI\',sans-serif; color: black;\">&nbsp;</span></p><table class=\"MsoTableGrid\" style=\"border-collapse: collapse; border: none; mso-border-alt: solid windowtext .5pt; mso-yfti-tbllook: 1184; mso-padding-alt: 0in 5.4pt 0in 5.4pt;\" border=\"1\" cellspacing=\"0\" cellpadding=\"0\"><tbody><tr style=\"mso-yfti-irow: 0; mso-yfti-firstrow: yes;\"><td style=\"width: 233.75pt; border: solid windowtext 1.0pt; mso-border-alt: solid windowtext .5pt; padding: 0in 5.4pt 0in 5.4pt;\" valign=\"top\" width=\"312\"><p><span style=\"font-size: 13.5pt; font-family: \'Segoe UI\',sans-serif; color: black;\">Pack Size = 100 pcs</span></p></td><td style=\"width: 233.75pt; border: solid windowtext 1.0pt; border-left: none; mso-border-left-alt: solid windowtext .5pt; mso-border-alt: solid windowtext .5pt; padding: 0in 5.4pt 0in 5.4pt;\" valign=\"top\" width=\"312\"><p><span style=\"font-size: 13.5pt; font-family: \'Segoe UI\',sans-serif; color: black;\">Easy to ship and store</span></p></td></tr><tr style=\"mso-yfti-irow: 1;\"><td style=\"width: 233.75pt; border: solid windowtext 1.0pt; border-top: none; mso-border-top-alt: solid windowtext .5pt; mso-border-alt: solid windowtext .5pt; padding: 0in 5.4pt 0in 5.4pt;\" valign=\"top\" width=\"312\"><p><span style=\"font-size: 13.5pt; font-family: \'Segoe UI\',sans-serif; color: black;\">Quality: 300 gsm FBB Material</span></p></td><td style=\"width: 233.75pt; border-top: none; border-left: none; border-bottom: solid windowtext 1.0pt; border-right: solid windowtext 1.0pt; mso-border-top-alt: solid windowtext .5pt; mso-border-left-alt: solid windowtext .5pt; mso-border-alt: solid windowtext .5pt; padding: 0in 5.4pt 0in 5.4pt;\" valign=\"top\" width=\"312\"><p><span style=\"font-size: 13.5pt; font-family: \'Segoe UI\',sans-serif; color: black;\">Recyclable</span></p></td></tr><tr style=\"mso-yfti-irow: 2; mso-yfti-lastrow: yes;\"><td style=\"width: 233.75pt; border: solid windowtext 1.0pt; border-top: none; mso-border-top-alt: solid windowtext .5pt; mso-border-alt: solid windowtext .5pt; padding: 0in 5.4pt 0in 5.4pt;\" valign=\"top\" width=\"312\"><p><strong><span style=\"font-family: \'Segoe UI\',sans-serif; color: black;\">Size: 5.510mm x 3.93mm x 1.96mm</span></strong></p></td><td style=\"width: 233.75pt; border-top: none; border-left: none; border-bottom: solid windowtext 1.0pt; border-right: solid windowtext 1.0pt; mso-border-top-alt: solid windowtext .5pt; mso-border-left-alt: solid windowtext .5pt; mso-border-alt: solid windowtext .5pt; padding: 0in 5.4pt 0in 5.4pt;\" valign=\"top\" width=\"312\"><p><span style=\"font-size: 13.5pt; font-family: \'Segoe UI\',sans-serif; color: black;\">Low cost</span></p></td></tr></tbody></table>',NULL),(25,25,'en','Strawberry Corrugated Box (50 pc pack)','<div class=\"dtlsec1\" style=\"margin: 0px; padding: 0px; font-family: arial; line-height: 26px; color: #333333; font-size: 14px; background-color: #ffffff;\"><h2>Strawberry Corrugated Box</h2><table style=\"margin: 0px; padding: 0px; width: 822.891px;\"><tbody style=\"margin: 0px; padding: 0px;\"><tr style=\"margin: 0px; padding: 0px;\"><td class=\"tdwdt\" style=\"margin: 0px; padding: 4px 5px; width: 319.156px; color: #848484; border-bottom: 1px solid #eaeaea; font-size: 15px; vertical-align: top; word-break: break-word;\">Shape</td><td class=\"tdwdt1 color6\" style=\"margin: 0px; padding: 4px 5px; color: #000000; width: 483.734px; border-bottom: 1px solid #eaeaea; font-size: 15px; vertical-align: top; word-break: break-word;\">Rectangle</td></tr><tr style=\"margin: 0px; padding: 0px;\"><td class=\"tdwdt\" style=\"margin: 0px; padding: 4px 5px; width: 319.156px; color: #848484; border-bottom: 1px solid #eaeaea; font-size: 15px; vertical-align: top; word-break: break-word;\">Pattern</td><td class=\"tdwdt1 color6\" style=\"margin: 0px; padding: 4px 5px; color: #000000; width: 483.734px; border-bottom: 1px solid #eaeaea; font-size: 15px; vertical-align: top; word-break: break-word;\">Plain</td></tr><tr style=\"margin: 0px; padding: 0px;\"><td class=\"tdwdt\" style=\"margin: 0px; padding: 4px 5px; width: 319.156px; color: #848484; border-bottom: 1px solid #eaeaea; font-size: 15px; vertical-align: top; word-break: break-word;\">Material</td><td class=\"tdwdt1 color6\" style=\"margin: 0px; padding: 4px 5px; color: #000000; width: 483.734px; border-bottom: 1px solid #eaeaea; font-size: 15px; vertical-align: top; word-break: break-word;\">Kraft Paper</td></tr><tr style=\"margin: 0px; padding: 0px;\"><td class=\"tdwdt\" style=\"margin: 0px; padding: 4px 5px; width: 319.156px; color: #848484; border-bottom: 1px solid #eaeaea; font-size: 15px; vertical-align: top; word-break: break-word;\">Storing Material</td><td class=\"tdwdt1 color6\" style=\"margin: 0px; padding: 4px 5px; color: #000000; width: 483.734px; border-bottom: 1px solid #eaeaea; font-size: 15px; vertical-align: top; word-break: break-word;\">Non-Edible</td></tr><tr style=\"margin: 0px; padding: 0px;\"><td class=\"tdwdt\" style=\"margin: 0px; padding: 4px 5px; width: 319.156px; color: #848484; border-bottom: 1px solid #eaeaea; font-size: 15px; vertical-align: top; word-break: break-word;\">Box Capacity</td><td class=\"tdwdt1 color6\" style=\"margin: 0px; padding: 4px 5px; color: #000000; width: 483.734px; border-bottom: 1px solid #eaeaea; font-size: 15px; vertical-align: top; word-break: break-word;\">1-5 Kg</td></tr><tr style=\"margin: 0px; padding: 0px;\"><td class=\"tdwdt\" style=\"margin: 0px; padding: 4px 5px; width: 319.156px; color: #848484; border-bottom: 1px solid #eaeaea; font-size: 15px; vertical-align: top; word-break: break-word;\">Height</td><td class=\"tdwdt1 color6\" style=\"margin: 0px; padding: 4px 5px; color: #000000; width: 483.734px; border-bottom: 1px solid #eaeaea; font-size: 15px; vertical-align: top; word-break: break-word;\">2.96 Inches</td></tr><tr style=\"margin: 0px; padding: 0px;\"><td class=\"tdwdt\" style=\"margin: 0px; padding: 4px 5px; width: 319.156px; color: #848484; border-bottom: 1px solid #eaeaea; font-size: 15px; vertical-align: top; word-break: break-word;\">Length</td><td class=\"tdwdt1 color6\" style=\"margin: 0px; padding: 4px 5px; color: #000000; width: 483.734px; border-bottom: 1px solid #eaeaea; font-size: 15px; vertical-align: top; word-break: break-word;\">19.68 Inches</td></tr><tr style=\"margin: 0px; padding: 0px;\"><td class=\"tdwdt\" style=\"margin: 0px; padding: 4px 5px; width: 319.156px; color: #848484; border-bottom: 1px solid #eaeaea; font-size: 15px; vertical-align: top; word-break: break-word;\">Width</td><td class=\"tdwdt1 color6\" style=\"margin: 0px; padding: 4px 5px; color: #000000; width: 483.734px; border-bottom: 1px solid #eaeaea; font-size: 15px; vertical-align: top; word-break: break-word;\">&nbsp;9.54 Inches</td></tr><tr style=\"margin: 0px; padding: 0px;\"><td class=\"tdwdt\" style=\"margin: 0px; padding: 4px 5px; width: 319.156px; color: #848484; border-bottom: 1px solid #eaeaea; font-size: 15px; vertical-align: top; word-break: break-word;\">Minimum Order Quantity</td><td class=\"tdwdt1 color6\" style=\"margin: 0px; padding: 4px 5px; color: #000000; width: 483.734px; border-bottom: 1px solid #eaeaea; font-size: 15px; vertical-align: top; word-break: break-word;\">50 Unit</td></tr></tbody></table></div><div class=\"clr\" style=\"margin: 0px; padding: 0px; font-family: arial; clear: both; color: #333333; font-size: 14px; background-color: #ffffff;\">&nbsp;</div><h3 class=\"fs18 mt30 mb10 color\" style=\"line-height: 22px; margin: 30px 0px 10px; padding: 0px; font-size: 18px; color: #333333; font-family: arial; background-color: #ffffff;\">Product Description</h3><div class=\"pdest1\" style=\"margin: 0px; padding: 0px; font-family: arial; hyphens: inherit; word-break: inherit; overflow-wrap: inherit; max-width: 800px; overflow: auto; color: #333333; font-size: 14px; background-color: #ffffff;\"><div class=\"fs16 lh28 pdpCtsr\" style=\"margin: 0px; padding: 0px; hyphens: inherit; word-break: inherit; overflow-wrap: inherit; max-width: 800px; overflow: auto; font-size: 16px; line-height: 28px;\">Modern Packagers is a leading organization, engaged in offering an excellent quality range of<strong style=\"margin: 0px; padding: 0px;\">&nbsp;Strawberry Corrugated Box</strong> that are used to pack and carry strawberries. These boxes are manufactured using a high-quality paper sheet with the help of advanced technology. The offered boxes are available in different shapes, sizes and colors as per the specific requirements of clients and at industry leading price.</div></div>',NULL),(26,26,'en','3 Ply Mask(100 pc Pack)','<p>3 Ply Mask without nose pin</p>',NULL),(27,27,'en','N-95 Mask With Respirator (15 pc Pack)','<p>N 95 Mask with Respirator (FFP3)</p>',NULL),(28,28,'en','E-commerce Box Size: 5x4.5x3.5 Inches (50 pc Pack)','<p>Size: 5 Inches * 4.48 Inches * 3.50 Inches, 3 Ply Brown Corrugated Box</p><p>Strength: Made from high GSM Paper, the Corrugated Boxes from Modern packagers have a high strength rate and can be used for heavy packaging too.</p><p>Reuse and Recycle: These boxes from Eureka Grafixx can be used many number of times with minimal loss of quality,these corrugated boxes help to the reduce the cost.</p><p>Packaging: These Corrugated boxes from Modern Packagers are ideal for E-commerce packaging and can be easily handled.</p><p>Supreme quality paper and highly advanced production&nbsp;</p>',NULL),(29,29,'en','E-commerce box Size: 7x5.25x4.25 Inches (50 pc Pack)','<ul class=\"a-unordered-list a-vertical a-spacing-mini\" style=\"box-sizing: border-box; margin: 0px 0px 0px 18px; color: #0f1111; padding: 0px; font-family: \'Amazon Ember\', Arial, sans-serif; font-size: 14px; background-color: #ffffff;\"><li style=\"box-sizing: border-box; list-style: disc; overflow-wrap: break-word; margin: 0px;\"><span class=\"a-list-item\" style=\"box-sizing: border-box;\">Size: 7 Inches * 5.23 Inches * 5.23 Inches, 3 Ply brown Corrugated Box</span></li><li style=\"box-sizing: border-box; list-style: disc; overflow-wrap: break-word; margin: 0px;\"><span class=\"a-list-item\" style=\"box-sizing: border-box;\">Strength: Made from high GSM Paper, the Corrugated Boxes from Eureka Grafixx have a high strength rate and can be used for heavy packaging too.</span></li><li style=\"box-sizing: border-box; list-style: disc; overflow-wrap: break-word; margin: 0px;\"><span class=\"a-list-item\" style=\"box-sizing: border-box;\">Reuse and Recycle:These boxes from Modern Packagers can be used many number of times with minimal loss of quality, these corrugated boxes help to the reduce the cost.</span></li><li style=\"box-sizing: border-box; list-style: disc; overflow-wrap: break-word; margin: 0px;\"><span class=\"a-list-item\" style=\"box-sizing: border-box;\">Packaging: These Corrugated boxes from Modern Packagers are ideal for E-commerce packaging and can be easily handled.</span></li><li style=\"box-sizing: border-box; list-style: disc; overflow-wrap: break-word; margin: 0px;\"><span class=\"a-list-item\" style=\"box-sizing: border-box;\">Supreme quality paper and highly advanced production techniques</span></li></ul>',NULL),(30,30,'en','E-Commerce (Size: 216x140x64 MM) Pack of 100 Boxes','<ul class=\"a-unordered-list a-vertical a-spacing-mini\" style=\"box-sizing: border-box; margin: 0px 0px 0px 18px; color: #0f1111; padding: 0px; font-family: \'Amazon Ember\', Arial, sans-serif; font-size: 14px; background-color: #ffffff;\"><li style=\"box-sizing: border-box; list-style: disc; overflow-wrap: break-word; margin: 0px;\"><h2>&nbsp;Square Box for shipping moving storage eCommerce (Size: 216x140x64 MM)Pack of 100 Boxes</h2></li></ul>',NULL),(31,31,'en','E-Commerce Size: 216 mm X 140 mm X 64 mm (100 pc pack)','<h1 id=\"title\" class=\"a-size-large a-spacing-none\" style=\"box-sizing: border-box; padding: 0px; text-rendering: optimizelegibility; font-weight: 400; color: #0f1111; font-family: \'Amazon Ember\', Arial, sans-serif; background-color: #ffffff; font-size: 24px !important; line-height: 32px !important; margin: 0px 0px 0px !important 0px;\"><span id=\"productTitle\" class=\"a-size-large product-title-word-break\" style=\"box-sizing: border-box; text-rendering: optimizelegibility; word-break: break-word; line-height: 32px !important;\">Generic Corrugated Brown Square Box for shipping moving storage eCommerce (Size: 216 mm X 140 mm X 64 mm) Inch-Pack of 50 Boxes</span></h1>',NULL),(32,32,'en','E-Commerce Size: 127x89x41 MM (100 pc pack)','<h1 id=\"title\" class=\"a-size-large a-spacing-none\" style=\"box-sizing: border-box; padding: 0px; text-rendering: optimizelegibility; font-weight: 400; color: #0f1111; font-family: \'Amazon Ember\', Arial, sans-serif; background-color: #ffffff; font-size: 24px !important; line-height: 32px !important; margin: 0px 0px 0px !important 0px;\"><span id=\"productTitle\" class=\"a-size-large product-title-word-break\" style=\"box-sizing: border-box; text-rendering: optimizelegibility; word-break: break-word; line-height: 32px !important;\">Generic Corrugated Brown Square Box for shipping moving storage eCommerce (Size: 127x89x41 MM) Pack of 100 Boxes</span></h1>',NULL),(33,33,'en','E-Commerce Size: 180x92x42 mm (100 pc pack)','<p>3 Ply Box with specification 150 on top, 120 on bottom and 150 at bottom</p>',NULL),(34,34,'en','E-Commerce Size: 228 X76X76 mm (50 pc pack)','<h1 id=\"title\" class=\"a-size-large a-spacing-none\" style=\"box-sizing: border-box; padding: 0px; text-rendering: optimizelegibility; font-weight: 400; color: #0f1111; font-family: \'Amazon Ember\', Arial, sans-serif; background-color: #ffffff; font-size: 24px !important; line-height: 32px !important; margin: 0px 0px 0px !important 0px;\"><span id=\"productTitle\" class=\"a-size-large product-title-word-break\" style=\"box-sizing: border-box; text-rendering: optimizelegibility; word-break: break-word; line-height: 32px !important;\">Generic Corrugated Brown Square Box for shipping moving storage eCommerce (Size: 228 X76X76 mm)Pack of 100 Boxes</span></h1>',NULL),(35,35,'en','Patti Flap Box 6','<p>Patti Flap Box 6</p>',NULL),(36,36,'en','200 ml Shake Glass Bottles (48 pc pack)','<h2>200 ml Shake Glass Bottles</h2><table style=\"margin: 0px; padding: 0px; width: 822.891px; color: #333333; font-family: arial; font-size: 14px; background-color: #ffffff;\"><tbody style=\"margin: 0px; padding: 0px;\"><tr style=\"margin: 0px; padding: 0px;\"><td class=\"tdwdt\" style=\"margin: 0px; padding: 4px 5px; width: 319.156px; color: #848484; border-bottom: 1px solid #eaeaea; font-size: 15px; vertical-align: top; word-break: break-word;\">Material</td><td class=\"tdwdt1 color6\" style=\"margin: 0px; padding: 4px 5px; color: #000000; width: 483.734px; border-bottom: 1px solid #eaeaea; font-size: 15px; vertical-align: top; word-break: break-word;\">Glass</td></tr><tr style=\"margin: 0px; padding: 0px;\"><td class=\"tdwdt\" style=\"margin: 0px; padding: 4px 5px; width: 319.156px; color: #848484; border-bottom: 1px solid #eaeaea; font-size: 15px; vertical-align: top; word-break: break-word;\">Size</td><td class=\"tdwdt1 color6\" style=\"margin: 0px; padding: 4px 5px; color: #000000; width: 483.734px; border-bottom: 1px solid #eaeaea; font-size: 15px; vertical-align: top; word-break: break-word;\">200ml</td></tr><tr style=\"margin: 0px; padding: 0px;\"><td class=\"tdwdt\" style=\"margin: 0px; padding: 4px 5px; width: 319.156px; color: #848484; border-bottom: 1px solid #eaeaea; font-size: 15px; vertical-align: top; word-break: break-word;\">Capacity</td><td class=\"tdwdt1 color6\" style=\"margin: 0px; padding: 4px 5px; color: #000000; width: 483.734px; border-bottom: 1px solid #eaeaea; font-size: 15px; vertical-align: top; word-break: break-word;\">200ml</td></tr><tr style=\"margin: 0px; padding: 0px;\"><td class=\"tdwdt\" style=\"margin: 0px; padding: 4px 5px; width: 319.156px; color: #848484; border-bottom: 1px solid #eaeaea; font-size: 15px; vertical-align: top; word-break: break-word;\">Cap Type</td><td class=\"tdwdt1 color6\" style=\"margin: 0px; padding: 4px 5px; color: #000000; width: 483.734px; border-bottom: 1px solid #eaeaea; font-size: 15px; vertical-align: top; word-break: break-word;\">Lug cap</td></tr><tr style=\"margin: 0px; padding: 0px;\"><td class=\"tdwdt\" style=\"margin: 0px; padding: 4px 5px; width: 319.156px; color: #848484; border-bottom: 1px solid #eaeaea; font-size: 15px; vertical-align: top; word-break: break-word;\">Minimum Order Quantity</td><td class=\"tdwdt1 color6\" style=\"margin: 0px; padding: 4px 5px; color: #000000; width: 483.734px; border-bottom: 1px solid #eaeaea; font-size: 15px; vertical-align: top; word-break: break-word;\">48 Piece</td></tr></tbody></table>',NULL),(37,37,'en','300 ml Hygienic Air Tight Italian Glass Bottles (48 pc pack)','<h2>300 ml Hygienic Air Tight Italian Glass Bottles.</h2><p><span style=\"color: #212121; font-family: Roboto, Arial, sans-serif; font-size: 14px; background-color: #ffffff;\">Freeze bottle to keep your water/milk/juice safe and to avoid use of plastic. Put in a subliminal reminder of the high-powered lifestyle you\'d like to lead or one you already do with the glass bottle package contents: 1 milk and juice bottle; cookware features: dishwasher safe lifestyle set part of your collection. Bringing you excellent fridge-to-tabletop-to-fridge convenience, you can store and serve healthy concoctions with a straw and distinctive style.</span></p><p>&nbsp;</p><ul style=\"box-sizing: border-box; margin: 0px; padding: 0px; color: #212121; font-family: Roboto, Arial, sans-serif; font-size: 14px; background-color: #ffffff;\"><li class=\"_21Ahn-\" style=\"box-sizing: border-box; margin: 0px; padding: 0px 0px 8px 16px; list-style: none; position: relative;\">Made of: Glass</li><li class=\"_21Ahn-\" style=\"box-sizing: border-box; margin: 0px; padding: 0px 0px 8px 16px; list-style: none; position: relative;\">Bottle Type: Bottle</li><li class=\"_21Ahn-\" style=\"box-sizing: border-box; margin: 0px; padding: 0px 0px 8px 16px; list-style: none; position: relative;\">Capacity: 300 ml</li><li class=\"_21Ahn-\" style=\"box-sizing: border-box; margin: 0px; padding: 0px 0px 0px 16px; list-style: none; position: relative;\">Pack of: 48 pieces</li></ul>',NULL),(38,38,'en','Butter Paper One Sheet Size 15x10 (440 Sheets pack)','<h2>Butter Paper One Sheet Size 20x30</h2><table class=\"a-normal a-spacing-micro\" style=\"width: 432.469px; color: #0f1111; font-family: \'Amazon Ember\', Arial, sans-serif; font-size: 14px; background-color: #ffffff; margin-bottom: 4px !important;\"><tbody style=\"box-sizing: border-box;\"><tr class=\"a-spacing-small\" style=\"box-sizing: border-box; margin-bottom: 8px !important;\"><td class=\"a-span3\" style=\"box-sizing: border-box; vertical-align: top; padding: 0px 3px 3px 0px; float: none !important; margin-right: 0px; width: 113.219px;\"><span class=\"a-size-base a-text-bold\" style=\"box-sizing: border-box; font-weight: 700 !important; line-height: 20px !important;\">Colour</span></td><td class=\"a-span9\" style=\"box-sizing: border-box; vertical-align: top; padding: 0px 0px 3px 3px; float: none !important; margin-right: 0px; width: 319.25px;\"><span class=\"a-size-base\" style=\"box-sizing: border-box; line-height: 20px !important;\">GLOSSY WHITE</span></td></tr><tr class=\"a-spacing-small\" style=\"box-sizing: border-box; margin-bottom: 8px !important;\"><td class=\"a-span3\" style=\"box-sizing: border-box; vertical-align: top; padding: 3px 3px 3px 0px; float: none !important; margin-right: 0px; width: 113.219px;\"><span class=\"a-size-base a-text-bold\" style=\"box-sizing: border-box; font-weight: 700 !important; line-height: 20px !important;\">Material</span></td><td class=\"a-span9\" style=\"box-sizing: border-box; vertical-align: top; padding: 3px 0px 3px 3px; float: none !important; margin-right: 0px; width: 319.25px;\"><span class=\"a-size-base\" style=\"box-sizing: border-box; line-height: 20px !important;\">Paper</span></td></tr><tr class=\"a-spacing-small\" style=\"box-sizing: border-box; margin-bottom: 8px !important;\"><td class=\"a-span3\" style=\"box-sizing: border-box; vertical-align: top; padding: 3px 3px 3px 0px; float: none !important; margin-right: 0px; width: 113.219px;\"><span class=\"a-size-base a-text-bold\" style=\"box-sizing: border-box; font-weight: 700 !important; line-height: 20px !important;\">Size</span></td><td class=\"a-span9\" style=\"box-sizing: border-box; vertical-align: top; padding: 3px 0px 3px 3px; float: none !important; margin-right: 0px; width: 319.25px;\"><span class=\"a-size-base\" style=\"box-sizing: border-box; line-height: 20px !important;\">15 X10 Inch</span></td></tr><tr class=\"a-spacing-small\" style=\"box-sizing: border-box; margin-bottom: 8px !important;\"><td class=\"a-span3\" style=\"box-sizing: border-box; vertical-align: top; padding: 3px 3px 3px 0px; float: none !important; margin-right: 0px; width: 113.219px;\">&nbsp;</td><td class=\"a-span9\" style=\"box-sizing: border-box; vertical-align: top; padding: 3px 0px 3px 3px; float: none !important; margin-right: 0px; width: 319.25px;\">&nbsp;</td></tr><tr class=\"a-spacing-small\" style=\"box-sizing: border-box; margin-bottom: 8px !important;\"><td class=\"a-span3\" style=\"box-sizing: border-box; vertical-align: top; padding: 3px 3px 3px 0px; float: none !important; margin-right: 0px; width: 113.219px;\"><span style=\"font-weight: bold;\">Item unit</span></td><td class=\"a-span9\" style=\"box-sizing: border-box; vertical-align: top; padding: 3px 0px 3px 3px; float: none !important; margin-right: 0px; width: 319.25px;\">440 pieces one pack</td></tr><tr class=\"a-spacing-small\" style=\"box-sizing: border-box; margin-bottom: 8px !important;\"><td class=\"a-span3\" style=\"box-sizing: border-box; vertical-align: top; padding: 3px 3px 0px 0px; float: none !important; margin-right: 0px; width: 113.219px;\">&nbsp;</td><td class=\"a-span9\" style=\"box-sizing: border-box; vertical-align: top; padding: 3px 0px 0px 3px; float: none !important; margin-right: 0px; width: 319.25px;\">&nbsp;</td></tr></tbody></table><p>Our Butter Paper is Microwave oven, Freezer and Grill safe Non-stick, grease-locking paper and Oilproof which keeps dishes and hands clean.</p>',NULL),(39,39,'en','Garlic Bread Box (100 pc pack)','<h2>Garlic Bread Box</h2><div class=\"dtlsec1\" style=\"margin: 0px; padding: 0px; font-family: arial; line-height: 26px; color: #333333; font-size: 14px; background-color: #ffffff;\"><h3 class=\"fs18 mt30 mb10 color\" style=\"line-height: 22px; margin: 30px 0px 10px; padding: 0px; font-size: 18px;\">Product Specification</h3><table style=\"margin: 0px; padding: 0px; width: 822.891px;\"><tbody style=\"margin: 0px; padding: 0px;\"><tr style=\"margin: 0px; padding: 0px;\"><td class=\"tdwdt\" style=\"margin: 0px; padding: 4px 5px; width: 319.156px; color: #848484; border-bottom: 1px solid #eaeaea; font-size: 15px; vertical-align: top; word-break: break-word;\">Pattern</td><td class=\"tdwdt1 color6\" style=\"margin: 0px; padding: 4px 5px; color: #000000; width: 483.734px; border-bottom: 1px solid #eaeaea; font-size: 15px; vertical-align: top; word-break: break-word;\">Printed</td></tr><tr style=\"margin: 0px; padding: 0px;\"><td class=\"tdwdt\" style=\"margin: 0px; padding: 4px 5px; width: 319.156px; color: #848484; border-bottom: 1px solid #eaeaea; font-size: 15px; vertical-align: top; word-break: break-word;\">Material</td><td class=\"tdwdt1 color6\" style=\"margin: 0px; padding: 4px 5px; color: #000000; width: 483.734px; border-bottom: 1px solid #eaeaea; font-size: 15px; vertical-align: top; word-break: break-word;\">Cardboard</td></tr><tr style=\"margin: 0px; padding: 0px;\"><td class=\"tdwdt\" style=\"margin: 0px; padding: 4px 5px; width: 319.156px; color: #848484; border-bottom: 1px solid #eaeaea; font-size: 15px; vertical-align: top; word-break: break-word;\">Size</td><td class=\"tdwdt1 color6\" style=\"margin: 0px; padding: 4px 5px; color: #000000; width: 483.734px; border-bottom: 1px solid #eaeaea; font-size: 15px; vertical-align: top; word-break: break-word;\">10 inches X 5.5 inches X 2 inches&nbsp;</td></tr><tr style=\"margin: 0px; padding: 0px;\"><td class=\"tdwdt\" style=\"margin: 0px; padding: 4px 5px; width: 319.156px; color: #848484; border-bottom: 1px solid #eaeaea; font-size: 15px; vertical-align: top; word-break: break-word;\">Features</td><td class=\"tdwdt1 color6\" style=\"margin: 0px; padding: 4px 5px; color: #000000; width: 483.734px; border-bottom: 1px solid #eaeaea; font-size: 15px; vertical-align: top; word-break: break-word;\">Bio-Degradable</td></tr><tr style=\"margin: 0px; padding: 0px;\"><td class=\"tdwdt\" style=\"margin: 0px; padding: 4px 5px; width: 319.156px; color: #848484; border-bottom: 1px solid #eaeaea; font-size: 15px; vertical-align: top; word-break: break-word;\">Recyclable</td><td class=\"tdwdt1 color6\" style=\"margin: 0px; padding: 4px 5px; color: #000000; width: 483.734px; border-bottom: 1px solid #eaeaea; font-size: 15px; vertical-align: top; word-break: break-word;\">Yes</td></tr><tr style=\"margin: 0px; padding: 0px;\"><td class=\"tdwdt\" style=\"margin: 0px; padding: 4px 5px; width: 319.156px; color: #848484; border-bottom: 1px solid #eaeaea; font-size: 15px; vertical-align: top; word-break: break-word;\">Minimum Order Quantity</td><td class=\"tdwdt1 color6\" style=\"margin: 0px; padding: 4px 5px; color: #000000; width: 483.734px; border-bottom: 1px solid #eaeaea; font-size: 15px; vertical-align: top; word-break: break-word;\">100 Piece</td></tr></tbody></table></div><div class=\"clr\" style=\"margin: 0px; padding: 0px; font-family: arial; clear: both; color: #333333; font-size: 14px; background-color: #ffffff;\">&nbsp;</div><h3 class=\"fs18 mt30 mb10 color\" style=\"line-height: 22px; margin: 30px 0px 10px; padding: 0px; font-size: 18px; color: #333333; font-family: arial; background-color: #ffffff;\">Product Description</h3><div class=\"pdest1\" style=\"margin: 0px; padding: 0px; font-family: arial; hyphens: inherit; word-break: inherit; overflow-wrap: inherit; max-width: 800px; overflow: auto; color: #333333; font-size: 14px; background-color: #ffffff;\"><div class=\"fs16 lh28 pdpCtsr\" style=\"margin: 0px; padding: 0px; hyphens: inherit; word-break: inherit; overflow-wrap: inherit; max-width: 800px; overflow: auto; font-size: 16px; line-height: 28px;\"><p style=\"margin: 0px; padding: 0px;\">Modern Packagers Due to rich industry skill and experience, we have been accomplished to provide our valued customers the best quality range of 10 Inches Garlic Bread Boxes.</p></div></div>',NULL),(40,40,'en','Meal Box Food Packaging (100 pc pack)','<h1 class=\"bo\" style=\"margin: 0px; padding: 0px; font-variant-numeric: normal; font-variant-east-asian: normal; font-stretch: normal; font-size: 22px; line-height: 24px; font-family: arial; background-color: #ffffff;\">Meal Box Paper Restaurant Box, For Food Packaging</h1><h3 class=\"fs18 mt30 mb10 color\" style=\"line-height: 22px; margin: 30px 0px 10px; padding: 0px; font-size: 18px; color: #333333; font-family: arial; background-color: #ffffff;\">Product Specification</h3><table style=\"margin: 0px; padding: 0px; width: 841px; color: #333333; font-family: arial; font-size: 14px; background-color: #ffffff; height: 246px;\"><tbody style=\"margin: 0px; padding: 0px;\"><tr style=\"margin: 0px; padding: 0px;\"><td class=\"tdwdt\" style=\"margin: 0px; padding: 4px 5px; width: 319.156px; color: #848484; border-bottom: 1px solid #eaeaea; font-size: 15px; vertical-align: top; word-break: break-word;\">Usage/Application</td><td class=\"tdwdt1 color6\" style=\"margin: 0px; padding: 4px 5px; color: #000000; width: 483.734px; border-bottom: 1px solid #eaeaea; font-size: 15px; vertical-align: top; word-break: break-word;\">Food Packaging</td></tr><tr style=\"margin: 0px; padding: 0px;\"><td class=\"tdwdt\" style=\"margin: 0px; padding: 4px 5px; width: 319.156px; color: #848484; border-bottom: 1px solid #eaeaea; font-size: 15px; vertical-align: top; word-break: break-word;\">Material</td><td class=\"tdwdt1 color6\" style=\"margin: 0px; padding: 4px 5px; color: #000000; width: 483.734px; border-bottom: 1px solid #eaeaea; font-size: 15px; vertical-align: top; word-break: break-word;\"><span style=\"font-family: -apple-system, BlinkMacSystemFont, \'Segoe UI\', Roboto, Oxygen, Ubuntu, Cantarell, \'Open Sans\', \'Helvetica Neue\', sans-serif; font-size: medium;\">Single Layer 300 gsm</span></td></tr><tr style=\"margin: 0px; padding: 0px;\"><td class=\"tdwdt\" style=\"margin: 0px; padding: 4px 5px; width: 319.156px; color: #848484; border-bottom: 1px solid #eaeaea; font-size: 15px; vertical-align: top; word-break: break-word;\">Brand</td><td class=\"tdwdt1 color6\" style=\"margin: 0px; padding: 4px 5px; color: #000000; width: 483.734px; border-bottom: 1px solid #eaeaea; font-size: 15px; vertical-align: top; word-break: break-word;\">Modern Packagers</td></tr><tr style=\"margin: 0px; padding: 0px;\"><td class=\"tdwdt\" style=\"margin: 0px; padding: 4px 5px; width: 319.156px; color: #848484; border-bottom: 1px solid #eaeaea; font-size: 15px; vertical-align: top; word-break: break-word;\">Size</td><td class=\"tdwdt1 color6\" style=\"margin: 0px; padding: 4px 5px; color: #000000; width: 483.734px; border-bottom: 1px solid #eaeaea; font-size: 15px; vertical-align: top; word-break: break-word;\">8 x 6 x 3 inches</td></tr><tr style=\"margin: 0px; padding: 0px;\"><td class=\"tdwdt\" style=\"margin: 0px; padding: 4px 5px; width: 319.156px; color: #848484; border-bottom: 1px solid #eaeaea; font-size: 15px; vertical-align: top; word-break: break-word;\">Pattern</td><td class=\"tdwdt1 color6\" style=\"margin: 0px; padding: 4px 5px; color: #000000; width: 483.734px; border-bottom: 1px solid #eaeaea; font-size: 15px; vertical-align: top; word-break: break-word;\">White &amp; Customize Printed</td></tr><tr style=\"margin: 0px; padding: 0px;\"><td class=\"tdwdt\" style=\"margin: 0px; padding: 4px 5px; width: 319.156px; color: #848484; border-bottom: 1px solid #eaeaea; font-size: 15px; vertical-align: top; word-break: break-word;\">Pack Contain</td><td class=\"tdwdt1 color6\" style=\"margin: 0px; padding: 4px 5px; color: #000000; width: 483.734px; border-bottom: 1px solid #eaeaea; font-size: 15px; vertical-align: top; word-break: break-word;\">100 Pieces in a packet.</td></tr><tr style=\"margin: 0px; padding: 0px;\"><td class=\"tdwdt\" style=\"margin: 0px; padding: 4px 5px; width: 319.156px; color: #848484; border-bottom: 1px solid #eaeaea; font-size: 15px; vertical-align: top; word-break: break-word;\">&nbsp;</td><td class=\"tdwdt1 color6\" style=\"margin: 0px; padding: 4px 5px; color: #000000; width: 483.734px; border-bottom: 1px solid #eaeaea; font-size: 15px; vertical-align: top; word-break: break-word;\">&nbsp;</td></tr></tbody></table><p><span style=\"color: #333333; font-family: arial; font-size: 16px; background-color: #ffffff;\">Modern Packagers is a manufacturer and supplier of Restaurant meal packaging Boxes.</span></p>',NULL),(41,41,'en','2 Pc Pastry Box (200 pc Pack)','<h1 style=\"line-height: 18.0pt; background: white; margin: 12.0pt 0in .0001pt 0in;\"><span style=\"font-size: 16.5pt; font-family: \'Arial\',sans-serif; color: black;\">Two piece rectangular Plain White Pastry Box</span></h1><p style=\"box-sizing: border-box; margin: 0px; padding: 0px; font-family: Rubik, Arial, Helvetica, sans-serif; font-size: 15px; line-height: 23px; color: #6e6e6e; font-weight: 400; text-indent: 0px; background-color: #ffffff;\">Made from food certified board.</p><p style=\"box-sizing: border-box; margin: 0px; padding: 0px; font-family: Rubik, Arial, Helvetica, sans-serif; font-size: 15px; line-height: 23px; color: #6e6e6e; font-weight: 400; text-indent: 0px; background-color: #ffffff;\">The curated design adds personality to your products.</p><p style=\"box-sizing: border-box; margin: 0px; padding: 0px; font-family: Rubik, Arial, Helvetica, sans-serif; font-size: 15px; line-height: 23px; color: #6e6e6e; font-weight: 400; text-indent: 0px; background-color: #ffffff;\">Given the specification, we will customize and design the right box as per your requirement we can make logo printing for branding purposes.</p><p style=\"box-sizing: border-box; margin: 0px; padding: 0px; font-family: Rubik, Arial, Helvetica, sans-serif; font-size: 15px; line-height: 23px; color: #6e6e6e; font-weight: 400; text-indent: 0px; background-color: #ffffff;\">Perfect for any occasion such as Birthdays, New year, Easter, Children\'s day and all kinds of celebrations.</p><p style=\"box-sizing: border-box; margin: 0px; padding: 0px; font-family: Rubik, Arial, Helvetica, sans-serif; font-size: 15px; line-height: 23px; color: #6e6e6e; font-weight: 400; text-indent: 0px; background-color: #ffffff;\">These boxes are super sturdy, easy to open and come with a window atop for you to peep into the box.</p><p style=\"box-sizing: border-box; margin: 0px; padding: 0px; font-family: Rubik, Arial, Helvetica, sans-serif; font-size: 15px; line-height: 23px; color: #6e6e6e; font-weight: 400; text-indent: 0px; background-color: #ffffff;\">These Cake boxes are commonly printed boxes made of 3 Ply Corrugated Sheet with Printed Paper over the Top.</p><table class=\"MsoTableGrid\" style=\"border-collapse: collapse; border: none; mso-border-alt: solid windowtext .5pt; mso-yfti-tbllook: 1184; mso-padding-alt: 0in 5.4pt 0in 5.4pt;\" border=\"1\" cellspacing=\"0\" cellpadding=\"0\"><tbody><tr style=\"mso-yfti-irow: 0; mso-yfti-firstrow: yes;\"><td style=\"width: 116.85pt; border: solid windowtext 1.0pt; mso-border-alt: solid windowtext .5pt; padding: 0in 5.4pt 0in 5.4pt;\" valign=\"top\" width=\"156\"><h1 style=\"text-align: center; mso-outline-level: 1;\" align=\"center\"><span style=\"font-size: 16.0pt; font-family: \'Calibri Light\',sans-serif; mso-ascii-theme-font: major-latin; mso-fareast-font-family: \'Times New Roman\'; mso-fareast-theme-font: major-fareast; mso-hansi-theme-font: major-latin; mso-bidi-theme-font: major-latin; letter-spacing: -.5pt; mso-font-kerning: 14.0pt;\">Length</span></h1></td><td style=\"width: 116.85pt; border: solid windowtext 1.0pt; border-left: none; mso-border-left-alt: solid windowtext .5pt; mso-border-alt: solid windowtext .5pt; padding: 0in 5.4pt 0in 5.4pt;\" valign=\"top\" width=\"156\"><h1 style=\"text-align: center; mso-outline-level: 1;\" align=\"center\"><span style=\"font-size: 16.0pt; font-family: \'Calibri Light\',sans-serif; mso-ascii-theme-font: major-latin; mso-fareast-font-family: \'Times New Roman\'; mso-fareast-theme-font: major-fareast; mso-hansi-theme-font: major-latin; mso-bidi-theme-font: major-latin; letter-spacing: -.5pt; mso-font-kerning: 14.0pt;\">Width</span></h1></td><td style=\"width: 116.9pt; border: solid windowtext 1.0pt; border-left: none; mso-border-left-alt: solid windowtext .5pt; mso-border-alt: solid windowtext .5pt; padding: 0in 5.4pt 0in 5.4pt;\" valign=\"top\" width=\"156\"><h1 style=\"text-align: center; mso-outline-level: 1;\" align=\"center\"><span style=\"font-size: 16.0pt; font-family: \'Calibri Light\',sans-serif; mso-ascii-theme-font: major-latin; mso-fareast-font-family: \'Times New Roman\'; mso-fareast-theme-font: major-fareast; mso-hansi-theme-font: major-latin; mso-bidi-theme-font: major-latin; letter-spacing: -.5pt; mso-font-kerning: 14.0pt;\">Height</span></h1></td><td style=\"width: 116.9pt; border: solid windowtext 1.0pt; border-left: none; mso-border-left-alt: solid windowtext .5pt; mso-border-alt: solid windowtext .5pt; padding: 0in 5.4pt 0in 5.4pt;\" valign=\"top\" width=\"156\"><h1 style=\"text-align: center; mso-outline-level: 1;\" align=\"center\"><span style=\"font-size: 16.0pt; font-family: \'Calibri Light\',sans-serif; mso-ascii-theme-font: major-latin; mso-fareast-font-family: \'Times New Roman\'; mso-fareast-theme-font: major-fareast; mso-hansi-theme-font: major-latin; mso-bidi-theme-font: major-latin; letter-spacing: -.5pt; mso-font-kerning: 14.0pt;\">Color</span></h1></td></tr><tr style=\"mso-yfti-irow: 1; mso-yfti-lastrow: yes;\"><td style=\"width: 116.85pt; border: solid windowtext 1.0pt; border-top: none; mso-border-top-alt: solid windowtext .5pt; mso-border-alt: solid windowtext .5pt; padding: 0in 5.4pt 0in 5.4pt;\" valign=\"top\" width=\"156\"><p class=\"MsoNormal\" style=\"margin-bottom: .0001pt; text-align: center; line-height: normal;\" align=\"center\"><span style=\"font-size: 16.0pt;\">126 mm</span></p></td><td style=\"width: 116.85pt; border-top: none; border-left: none; border-bottom: solid windowtext 1.0pt; border-right: solid windowtext 1.0pt; mso-border-top-alt: solid windowtext .5pt; mso-border-left-alt: solid windowtext .5pt; mso-border-alt: solid windowtext .5pt; padding: 0in 5.4pt 0in 5.4pt;\" valign=\"top\" width=\"156\"><p class=\"MsoNormal\" style=\"margin-bottom: .0001pt; text-align: center; line-height: normal;\" align=\"center\"><span style=\"font-size: 16.0pt;\">126 mm</span></p></td><td style=\"width: 116.9pt; border-top: none; border-left: none; border-bottom: solid windowtext 1.0pt; border-right: solid windowtext 1.0pt; mso-border-top-alt: solid windowtext .5pt; mso-border-left-alt: solid windowtext .5pt; mso-border-alt: solid windowtext .5pt; padding: 0in 5.4pt 0in 5.4pt;\" valign=\"top\" width=\"156\"><p class=\"MsoNormal\" style=\"margin-bottom: .0001pt; text-align: center; line-height: normal;\" align=\"center\"><span style=\"font-size: 16.0pt;\">88 mm</span></p></td><td style=\"width: 116.9pt; border-top: none; border-left: none; border-bottom: solid windowtext 1.0pt; border-right: solid windowtext 1.0pt; mso-border-top-alt: solid windowtext .5pt; mso-border-left-alt: solid windowtext .5pt; mso-border-alt: solid windowtext .5pt; padding: 0in 5.4pt 0in 5.4pt;\" valign=\"top\" width=\"156\"><p class=\"MsoNormal\" style=\"margin-bottom: .0001pt; text-align: center; line-height: normal;\" align=\"center\"><span style=\"font-size: 16.0pt;\">Multicolored</span></p></td></tr></tbody></table><h1><span class=\"TitleChar\"><span style=\"font-size: 16.0pt; mso-bidi-font-family: \'Calibri Light\'; mso-bidi-theme-font: major-latin; font-weight: normal;\">&nbsp;</span></span></h1><h1 style=\"margin-left: .25in;\"><span style=\"font-size: 16.0pt; font-family: \'Calibri Light\',sans-serif; mso-ascii-theme-font: major-latin; mso-hansi-theme-font: major-latin; mso-bidi-theme-font: major-latin;\">Uses:- </span><span style=\"font-size: 16.0pt; font-family: \'Calibri Light\',sans-serif; mso-ascii-theme-font: major-latin; mso-hansi-theme-font: major-latin; mso-bidi-theme-font: major-latin; font-weight: normal;\">Perfect for Pastry, Ladoos and more&hellip;..</span></h1><p>&nbsp;</p><p>&nbsp;</p>',NULL),(42,42,'en','4 Pc Pastry Box (100 pc Pack)','<h3><strong>4 Pc Pastry Box 330 gsm Duplex White Back</strong></h3><h4><strong>Features&nbsp; &nbsp; &nbsp; &nbsp; &nbsp; &nbsp; &nbsp; &nbsp; &nbsp; &nbsp; &nbsp; &nbsp; &nbsp; &nbsp; &nbsp; &nbsp; &nbsp; &nbsp; &nbsp; &nbsp; &nbsp; &nbsp; &nbsp;</strong><strong>Note:</strong></h4><p>Eco Friendly&nbsp; &nbsp; &nbsp; &nbsp; &nbsp;<strong>&nbsp; &nbsp; &nbsp; &nbsp; &nbsp; &nbsp; &nbsp; &nbsp; &nbsp; &nbsp; &nbsp; &nbsp; &nbsp; &nbsp; &nbsp; &nbsp; &nbsp; &nbsp; &nbsp; &nbsp; &nbsp; &nbsp;&nbsp;<span style=\"color: #e03e2d;\">&nbsp;</span></strong><span style=\"color: #e03e2d;\">1 Quantity = 100 Pcs</span><strong>&nbsp; &nbsp; &nbsp; &nbsp; </strong></p><p>Easy to Store&nbsp; &nbsp; &nbsp; &nbsp; &nbsp; &nbsp; &nbsp; &nbsp; &nbsp; &nbsp; &nbsp; &nbsp; &nbsp; &nbsp; &nbsp; &nbsp; &nbsp; &nbsp; &nbsp; &nbsp; &nbsp; &nbsp; &nbsp; &nbsp; &nbsp; <span style=\"color: #e03e2d;\">This item is available only in multiples of 100.&nbsp;</span>&nbsp;&nbsp; &nbsp;&nbsp;</p><p>Easy to Transport&nbsp; &nbsp; &nbsp; &nbsp; &nbsp; &nbsp; &nbsp; &nbsp; &nbsp; &nbsp; &nbsp; &nbsp; &nbsp; &nbsp; &nbsp; &nbsp; &nbsp; &nbsp; &nbsp; &nbsp; &nbsp; &nbsp;<strong>Size(mm): Length = 127 , Width = 126, Height =&nbsp; 89&nbsp;</strong></p><p>Customizable on Order&nbsp; &nbsp; &nbsp; &nbsp; &nbsp; &nbsp; &nbsp; &nbsp; &nbsp; &nbsp; &nbsp; &nbsp; &nbsp; &nbsp; &nbsp; &nbsp; <strong>Color: Multicolored</strong></p><p>&nbsp;</p>',NULL),(43,43,'en','500 ml Rectangle  Container (100 pc Pack)','<h3><strong>Rectangular Container 500 ml</strong></h3><h4><strong>Features&nbsp; &nbsp; &nbsp; &nbsp; &nbsp; &nbsp; &nbsp; &nbsp; &nbsp; &nbsp; &nbsp; &nbsp; &nbsp; &nbsp; &nbsp; &nbsp; &nbsp; &nbsp; &nbsp; &nbsp; &nbsp; &nbsp; &nbsp;</strong><strong>Note:</strong></h4><p>Food Grade Plastics&nbsp;<strong>&nbsp; &nbsp; &nbsp; &nbsp; &nbsp; &nbsp; &nbsp; &nbsp; &nbsp; &nbsp; &nbsp; &nbsp; &nbsp; &nbsp; &nbsp; &nbsp; &nbsp; &nbsp; &nbsp; &nbsp; &nbsp; &nbsp;&nbsp;<span style=\"color: #e03e2d;\">&nbsp;</span></strong><span style=\"color: #e03e2d;\">1 Quantity = 100 Pcs</span><strong>&nbsp; &nbsp; &nbsp; &nbsp; &nbsp;</strong></p><p>Microwave Safe&nbsp; &nbsp; &nbsp; &nbsp; &nbsp; &nbsp; &nbsp; &nbsp; &nbsp; &nbsp; &nbsp; &nbsp; &nbsp; &nbsp; &nbsp; &nbsp; &nbsp; &nbsp; &nbsp; &nbsp; &nbsp; &nbsp; &nbsp; &nbsp; &nbsp;&nbsp;<span style=\"color: #e03e2d;\">This item is available only in multiples of 100.&nbsp;</span>&nbsp;&nbsp; &nbsp;&nbsp;</p><p>Freezer Safe&nbsp; &nbsp; &nbsp; &nbsp; &nbsp; &nbsp; &nbsp; &nbsp; &nbsp; &nbsp; &nbsp; &nbsp; &nbsp; &nbsp; &nbsp; &nbsp; &nbsp; &nbsp; &nbsp; &nbsp; &nbsp; &nbsp; &nbsp; &nbsp; &nbsp; &nbsp; &nbsp; &nbsp; &nbsp;<strong>Size(mm): Length = 170 , Width = 115 , Height =&nbsp; 40</strong></p><p>Easily Stackable&nbsp; &nbsp; &nbsp; &nbsp; &nbsp; &nbsp; &nbsp; &nbsp; &nbsp; &nbsp; &nbsp; &nbsp; &nbsp; &nbsp; &nbsp; &nbsp; &nbsp; &nbsp; &nbsp; &nbsp; &nbsp; &nbsp; &nbsp; &nbsp; &nbsp;&nbsp;<strong>Color: Black</strong></p><p>&nbsp;</p>',NULL),(44,44,'en','650 ml Rectangle  Container (100 pc Pack)','<h3><strong>Rectangular Container 650 ml</strong></h3><h4><strong>Features&nbsp; &nbsp; &nbsp; &nbsp; &nbsp; &nbsp; &nbsp; &nbsp; &nbsp; &nbsp; &nbsp; &nbsp; &nbsp; &nbsp; &nbsp; &nbsp; &nbsp; &nbsp; &nbsp; &nbsp; &nbsp; &nbsp; &nbsp;</strong><strong>Note:</strong></h4><p>Food Grade Plastics&nbsp;<strong>&nbsp; &nbsp; &nbsp; &nbsp; &nbsp; &nbsp; &nbsp; &nbsp; &nbsp; &nbsp; &nbsp; &nbsp; &nbsp; &nbsp; &nbsp; &nbsp; &nbsp; &nbsp; &nbsp; &nbsp; &nbsp; &nbsp;&nbsp;<span style=\"color: #e03e2d;\">&nbsp;</span></strong><span style=\"color: #e03e2d;\">1 Quantity = 100 Pcs</span><strong>&nbsp; &nbsp; &nbsp; &nbsp; &nbsp;</strong></p><p>Microwave Safe&nbsp; &nbsp; &nbsp; &nbsp; &nbsp; &nbsp; &nbsp; &nbsp; &nbsp; &nbsp; &nbsp; &nbsp; &nbsp; &nbsp; &nbsp; &nbsp; &nbsp; &nbsp; &nbsp; &nbsp; &nbsp; &nbsp; &nbsp; &nbsp; &nbsp;&nbsp;<span style=\"color: #e03e2d;\">This item is available only in multiples of 100.&nbsp;</span>&nbsp;&nbsp; &nbsp;&nbsp;</p><p>Freezer Safe&nbsp; &nbsp; &nbsp; &nbsp; &nbsp; &nbsp; &nbsp; &nbsp; &nbsp; &nbsp; &nbsp; &nbsp; &nbsp; &nbsp; &nbsp; &nbsp; &nbsp; &nbsp; &nbsp; &nbsp; &nbsp; &nbsp; &nbsp; &nbsp; &nbsp; &nbsp; &nbsp; &nbsp; &nbsp;<strong>Size(mm): Length = 170 , Width = 115 , Height =&nbsp; 45</strong></p><p>Easily Stackable&nbsp; &nbsp; &nbsp; &nbsp; &nbsp; &nbsp; &nbsp; &nbsp; &nbsp; &nbsp; &nbsp; &nbsp; &nbsp; &nbsp; &nbsp; &nbsp; &nbsp; &nbsp; &nbsp; &nbsp; &nbsp; &nbsp; &nbsp; &nbsp; &nbsp;&nbsp;<strong>Color: Black</strong></p><p>&nbsp;</p>',NULL),(45,45,'en','750 ml Rectangle  Container(100 pc Pack)','<h3><strong>750 ml </strong><strong>Rectangular Container&nbsp;</strong></h3><h4><strong>Features&nbsp; &nbsp; &nbsp; &nbsp; &nbsp; &nbsp; &nbsp; &nbsp; &nbsp; &nbsp; &nbsp; &nbsp; &nbsp; &nbsp; &nbsp; &nbsp; &nbsp; &nbsp; &nbsp; &nbsp; &nbsp; &nbsp; &nbsp;</strong><strong>Note:</strong></h4><p>Food Grade Plastics&nbsp;<strong>&nbsp; &nbsp; &nbsp; &nbsp; &nbsp; &nbsp; &nbsp; &nbsp; &nbsp; &nbsp; &nbsp; &nbsp; &nbsp; &nbsp; &nbsp; &nbsp; &nbsp; &nbsp; &nbsp; &nbsp; &nbsp; &nbsp;&nbsp;<span style=\"color: #e03e2d;\">&nbsp;</span></strong><span style=\"color: #e03e2d;\">1 Quantity = 100 Pcs</span><strong>&nbsp; &nbsp; &nbsp; &nbsp; &nbsp;</strong></p><p>Microwave Safe&nbsp; &nbsp; &nbsp; &nbsp; &nbsp; &nbsp; &nbsp; &nbsp; &nbsp; &nbsp; &nbsp; &nbsp; &nbsp; &nbsp; &nbsp; &nbsp; &nbsp; &nbsp; &nbsp; &nbsp; &nbsp; &nbsp; &nbsp; &nbsp; &nbsp;&nbsp;<span style=\"color: #e03e2d;\">This item is available only in multiples of 100.&nbsp;</span>&nbsp;&nbsp; &nbsp;&nbsp;</p><p>Freezer Safe&nbsp; &nbsp; &nbsp; &nbsp; &nbsp; &nbsp; &nbsp; &nbsp; &nbsp; &nbsp; &nbsp; &nbsp; &nbsp; &nbsp; &nbsp; &nbsp; &nbsp; &nbsp; &nbsp; &nbsp; &nbsp; &nbsp; &nbsp; &nbsp; &nbsp; &nbsp; &nbsp; &nbsp; &nbsp;<strong>Size(mm): Length = 170 , Width = 115 , Height =&nbsp; 60&nbsp;</strong></p><p>Easily Stackable&nbsp; &nbsp; &nbsp; &nbsp; &nbsp; &nbsp; &nbsp; &nbsp; &nbsp; &nbsp; &nbsp; &nbsp; &nbsp; &nbsp; &nbsp; &nbsp; &nbsp; &nbsp; &nbsp; &nbsp; &nbsp; &nbsp; &nbsp; &nbsp; &nbsp;&nbsp;<strong>Color: Black</strong></p><p>&nbsp;</p>',NULL),(46,46,'en','1000 ml Rectangle  Container (100 pc Pack)','<h3><strong>Rectangular Container 1000 ML</strong></h3><h4><strong>Features&nbsp; &nbsp; &nbsp; &nbsp; &nbsp; &nbsp; &nbsp; &nbsp; &nbsp; &nbsp; &nbsp; &nbsp; &nbsp; &nbsp; &nbsp; &nbsp; &nbsp; &nbsp; &nbsp; &nbsp; &nbsp; &nbsp; &nbsp;</strong><strong>Note:</strong></h4><p>Food Grade Plastics <strong>&nbsp; &nbsp; &nbsp; &nbsp; &nbsp; &nbsp; &nbsp; &nbsp; &nbsp; &nbsp; &nbsp; &nbsp; &nbsp; &nbsp; &nbsp; &nbsp; &nbsp; &nbsp; &nbsp; &nbsp; &nbsp; &nbsp; &nbsp; &nbsp; &nbsp; &nbsp; &nbsp; &nbsp;<span style=\"color: #e03e2d;\"> </span></strong><span style=\"color: #e03e2d;\">1 Quantity = 100 Pcs</span><strong>&nbsp; &nbsp; &nbsp; &nbsp; &nbsp;</strong></p><p>Microwave Safe&nbsp; &nbsp; &nbsp; &nbsp; &nbsp; &nbsp; &nbsp; &nbsp; &nbsp; &nbsp; &nbsp; &nbsp; &nbsp; &nbsp; &nbsp; &nbsp; &nbsp; &nbsp; &nbsp; &nbsp; &nbsp; &nbsp; &nbsp; &nbsp; &nbsp; <span style=\"color: #e03e2d;\">This item is available only in multiples of 100.&nbsp;</span> &nbsp; &nbsp;&nbsp;</p><p>Freezer Safe&nbsp; &nbsp; &nbsp; &nbsp; &nbsp; &nbsp; &nbsp; &nbsp; &nbsp; &nbsp; &nbsp; &nbsp; &nbsp; &nbsp; &nbsp; &nbsp; &nbsp; &nbsp; &nbsp; &nbsp; &nbsp; &nbsp; &nbsp; &nbsp; &nbsp; &nbsp; &nbsp; &nbsp; &nbsp;<strong>Size(mm): Length = 170 , Width = 115 , Height =&nbsp; 81&nbsp;</strong></p><p>Easily Stackable&nbsp; &nbsp; &nbsp; &nbsp; &nbsp; &nbsp; &nbsp; &nbsp; &nbsp; &nbsp; &nbsp; &nbsp; &nbsp; &nbsp; &nbsp; &nbsp; &nbsp; &nbsp; &nbsp; &nbsp; &nbsp; &nbsp; &nbsp; &nbsp; &nbsp; <strong>Color: Black</strong></p><p>&nbsp;</p>',NULL),(47,47,'en','Test Product','<p>testttt</p>',NULL),(48,48,'en','Test 7.5','<p>sdadasd</p>',NULL),(49,49,'en','Test 7.6','<p>fesfsfe</p>',NULL),(50,50,'en','Test 7.7','<p>dssdf</p>',NULL),(51,51,'en','Test 7.8','<p>cvvccv</p>',NULL),(52,52,'en','Test 7.9','<p>cxvxcv</p>',NULL),(53,53,'en','Test 6.1','<p>errw</p>',NULL),(54,54,'en','Test 6.2','<p>vccb</p>',NULL),(55,55,'en','Test 6.3','<p>cvbcvb</p>',NULL),(56,56,'en','Test 6.5','<p>wqeqw</p>',NULL),(57,57,'en','Test 6.6','<p>dfdf</p>',NULL),(58,58,'en','Test 3.1','<p>dfgfg</p>',NULL),(59,59,'en','Test 3.2','<p>fgdfg</p>',NULL),(60,60,'en','Test 7.3','<p>Testing desc</p>',NULL),(61,61,'en','Double Decker Burger Box (100 pc pack)','<h1><span style=\"font-size: 18.0pt; font-family: \'Arial\',sans-serif; color: #191919;\">Double Decker Burger Box</span><span style=\"font-size: 18.0pt; font-family: \'Arial\',sans-serif; color: #191919; font-weight: normal;\">&nbsp;</span></h1><h1><span style=\"font-size: 18.0pt; font-family: \'Calibri Light\',sans-serif; mso-ascii-theme-font: major-latin; mso-fareast-font-family: \'Times New Roman\'; mso-fareast-theme-font: major-fareast; mso-hansi-theme-font: major-latin; mso-bidi-theme-font: major-latin; letter-spacing: -.5pt; mso-font-kerning: 14.0pt; font-weight: normal;\">With immense experience of the Burger king, we are manufacturing and supplying a wide range of&nbsp;white Kraft Paper Square Burger Box Plain and Customized Printing plane paper, Printed or Corrugated Boxes. These boxes are manufactured under the guidance of our expert professionals, who make use of high-grade raw material in the manufacturing process.</span></h1><table class=\"MsoTableGrid\" style=\"width: 344.25pt; border-collapse: collapse; border: none; mso-border-alt: solid windowtext .5pt; mso-yfti-tbllook: 1184; mso-table-lspace: 9.0pt; margin-left: 6.75pt; mso-table-rspace: 9.0pt; margin-right: 6.75pt; mso-table-anchor-vertical: paragraph; mso-table-anchor-horizontal: margin; mso-table-left: left; mso-table-top: 2.05pt; mso-padding-alt: 0in 5.4pt 0in 5.4pt;\" border=\"1\" width=\"0\" cellspacing=\"0\" cellpadding=\"0\" align=\"left\"><tbody><tr style=\"mso-yfti-irow: 0; mso-yfti-firstrow: yes; height: 25.7pt;\"><td style=\"width: 81.8pt; border: solid windowtext 1.0pt; mso-border-alt: solid windowtext .5pt; padding: 0in 5.4pt 0in 5.4pt; height: 25.7pt;\" valign=\"top\" width=\"109\"><h1 style=\"text-align: center; mso-outline-level: 1; mso-element: frame; mso-element-frame-hspace: 9.0pt; mso-element-wrap: around; mso-element-anchor-vertical: paragraph; mso-element-anchor-horizontal: margin; mso-element-top: 2.05pt; mso-height-rule: exactly;\" align=\"center\"><span class=\"TitleChar\"><span style=\"font-size: 20.0pt; color: black; mso-themecolor: text1; mso-style-textoutline-type: none; mso-style-textoutline-outlinestyle-dpiwidth: 0pt; mso-style-textoutline-outlinestyle-linecap: flat; mso-style-textoutline-outlinestyle-join: round; mso-style-textoutline-outlinestyle-pctmiterlimit: 0%; mso-style-textoutline-outlinestyle-dash: solid; mso-style-textoutline-outlinestyle-align: center; mso-style-textoutline-outlinestyle-compound: simple; mso-effects-shadow-color: black; mso-effects-shadow-themecolor: dark1; mso-effects-shadow-alpha: 40.0%; mso-effects-shadow-dpiradius: 3.0pt; mso-effects-shadow-dpidistance: 1.5pt; mso-effects-shadow-angledirection: 2700000; mso-effects-shadow-align: topleft; mso-effects-shadow-pctsx: 100.0%; mso-effects-shadow-pctsy: 100.0%; mso-effects-shadow-anglekx: 0; mso-effects-shadow-angleky: 0; font-weight: normal; mso-bidi-font-weight: bold;\">Length</span></span></h1></td><td style=\"width: 77.45pt; border: solid windowtext 1.0pt; border-left: none; mso-border-left-alt: solid windowtext .5pt; mso-border-alt: solid windowtext .5pt; padding: 0in 5.4pt 0in 5.4pt; height: 25.7pt;\" valign=\"top\" width=\"103\"><h1 style=\"text-align: center; mso-outline-level: 1; mso-element: frame; mso-element-frame-hspace: 9.0pt; mso-element-wrap: around; mso-element-anchor-vertical: paragraph; mso-element-anchor-horizontal: margin; mso-element-top: 2.05pt; mso-height-rule: exactly;\" align=\"center\"><span class=\"TitleChar\"><span style=\"font-size: 20.0pt; color: black; mso-themecolor: text1; mso-style-textoutline-type: none; mso-style-textoutline-outlinestyle-dpiwidth: 0pt; mso-style-textoutline-outlinestyle-linecap: flat; mso-style-textoutline-outlinestyle-join: round; mso-style-textoutline-outlinestyle-pctmiterlimit: 0%; mso-style-textoutline-outlinestyle-dash: solid; mso-style-textoutline-outlinestyle-align: center; mso-style-textoutline-outlinestyle-compound: simple; mso-effects-shadow-color: black; mso-effects-shadow-themecolor: dark1; mso-effects-shadow-alpha: 40.0%; mso-effects-shadow-dpiradius: 3.0pt; mso-effects-shadow-dpidistance: 1.5pt; mso-effects-shadow-angledirection: 2700000; mso-effects-shadow-align: topleft; mso-effects-shadow-pctsx: 100.0%; mso-effects-shadow-pctsy: 100.0%; mso-effects-shadow-anglekx: 0; mso-effects-shadow-angleky: 0; font-weight: normal; mso-bidi-font-weight: bold;\">Width</span></span></h1></td><td style=\"width: 84.25pt; border: solid windowtext 1.0pt; border-left: none; mso-border-left-alt: solid windowtext .5pt; mso-border-alt: solid windowtext .5pt; padding: 0in 5.4pt 0in 5.4pt; height: 25.7pt;\" valign=\"top\" width=\"112\"><h1 style=\"text-align: center; mso-outline-level: 1; mso-element: frame; mso-element-frame-hspace: 9.0pt; mso-element-wrap: around; mso-element-anchor-vertical: paragraph; mso-element-anchor-horizontal: margin; mso-element-top: 2.05pt; mso-height-rule: exactly;\" align=\"center\"><span class=\"TitleChar\"><span style=\"font-size: 20.0pt; color: black; mso-themecolor: text1; mso-style-textoutline-type: none; mso-style-textoutline-outlinestyle-dpiwidth: 0pt; mso-style-textoutline-outlinestyle-linecap: flat; mso-style-textoutline-outlinestyle-join: round; mso-style-textoutline-outlinestyle-pctmiterlimit: 0%; mso-style-textoutline-outlinestyle-dash: solid; mso-style-textoutline-outlinestyle-align: center; mso-style-textoutline-outlinestyle-compound: simple; mso-effects-shadow-color: black; mso-effects-shadow-themecolor: dark1; mso-effects-shadow-alpha: 40.0%; mso-effects-shadow-dpiradius: 3.0pt; mso-effects-shadow-dpidistance: 1.5pt; mso-effects-shadow-angledirection: 2700000; mso-effects-shadow-align: topleft; mso-effects-shadow-pctsx: 100.0%; mso-effects-shadow-pctsy: 100.0%; mso-effects-shadow-anglekx: 0; mso-effects-shadow-angleky: 0; font-weight: normal; mso-bidi-font-weight: bold;\">Height</span></span></h1></td><td style=\"width: 100.75pt; border: solid windowtext 1.0pt; border-left: none; mso-border-left-alt: solid windowtext .5pt; mso-border-alt: solid windowtext .5pt; padding: 0in 5.4pt 0in 5.4pt; height: 25.7pt;\" valign=\"top\" width=\"134\"><h1 style=\"text-align: center; mso-outline-level: 1; mso-element: frame; mso-element-frame-hspace: 9.0pt; mso-element-wrap: around; mso-element-anchor-vertical: paragraph; mso-element-anchor-horizontal: margin; mso-element-top: 2.05pt; mso-height-rule: exactly;\" align=\"center\"><span class=\"TitleChar\"><span style=\"font-size: 20.0pt; color: black; mso-themecolor: text1; letter-spacing: 0pt; mso-style-textoutline-type: none; mso-style-textoutline-outlinestyle-dpiwidth: 0pt; mso-style-textoutline-outlinestyle-linecap: flat; mso-style-textoutline-outlinestyle-join: round; mso-style-textoutline-outlinestyle-pctmiterlimit: 0%; mso-style-textoutline-outlinestyle-dash: solid; mso-style-textoutline-outlinestyle-align: center; mso-style-textoutline-outlinestyle-compound: simple; mso-effects-shadow-color: black; mso-effects-shadow-themecolor: dark1; mso-effects-shadow-alpha: 40.0%; mso-effects-shadow-dpiradius: 3.0pt; mso-effects-shadow-dpidistance: 1.5pt; mso-effects-shadow-angledirection: 2700000; mso-effects-shadow-align: topleft; mso-effects-shadow-pctsx: 100.0%; mso-effects-shadow-pctsy: 100.0%; mso-effects-shadow-anglekx: 0; mso-effects-shadow-angleky: 0; font-weight: normal; mso-bidi-font-weight: bold;\">Color</span></span></h1></td></tr><tr style=\"mso-yfti-irow: 1; mso-yfti-lastrow: yes; height: 25.7pt;\"><td style=\"width: 81.8pt; border: solid windowtext 1.0pt; border-top: none; mso-border-top-alt: solid windowtext .5pt; mso-border-alt: solid windowtext .5pt; padding: 0in 5.4pt 0in 5.4pt; height: 25.7pt;\" valign=\"top\" width=\"109\"><h1 style=\"text-align: center; mso-outline-level: 1; mso-element: frame; mso-element-frame-hspace: 9.0pt; mso-element-wrap: around; mso-element-anchor-vertical: paragraph; mso-element-anchor-horizontal: margin; mso-element-top: 2.05pt; mso-height-rule: exactly;\" align=\"center\"><span class=\"TitleChar\"><span style=\"font-size: 16.0pt; font-weight: normal;\">117 mm</span></span></h1></td><td style=\"width: 77.45pt; border-top: none; border-left: none; border-bottom: solid windowtext 1.0pt; border-right: solid windowtext 1.0pt; mso-border-top-alt: solid windowtext .5pt; mso-border-left-alt: solid windowtext .5pt; mso-border-alt: solid windowtext .5pt; padding: 0in 5.4pt 0in 5.4pt; height: 25.7pt;\" valign=\"top\" width=\"103\"><h1 style=\"text-align: center; mso-outline-level: 1; mso-element: frame; mso-element-frame-hspace: 9.0pt; mso-element-wrap: around; mso-element-anchor-vertical: paragraph; mso-element-anchor-horizontal: margin; mso-element-top: 2.05pt; mso-height-rule: exactly;\" align=\"center\"><span class=\"TitleChar\"><span style=\"font-size: 16.0pt; font-weight: normal;\">117 mm</span></span></h1></td><td style=\"width: 84.25pt; border-top: none; border-left: none; border-bottom: solid windowtext 1.0pt; border-right: solid windowtext 1.0pt; mso-border-top-alt: solid windowtext .5pt; mso-border-left-alt: solid windowtext .5pt; mso-border-alt: solid windowtext .5pt; padding: 0in 5.4pt 0in 5.4pt; height: 25.7pt;\" valign=\"top\" width=\"112\"><h1 style=\"text-align: center; mso-outline-level: 1; mso-element: frame; mso-element-frame-hspace: 9.0pt; mso-element-wrap: around; mso-element-anchor-vertical: paragraph; mso-element-anchor-horizontal: margin; mso-element-top: 2.05pt; mso-height-rule: exactly;\" align=\"center\"><span class=\"TitleChar\"><span style=\"font-size: 16.0pt; font-weight: normal;\">117 mm</span></span></h1></td><td style=\"width: 100.75pt; border-top: none; border-left: none; border-bottom: solid windowtext 1.0pt; border-right: solid windowtext 1.0pt; mso-border-top-alt: solid windowtext .5pt; mso-border-left-alt: solid windowtext .5pt; mso-border-alt: solid windowtext .5pt; padding: 0in 5.4pt 0in 5.4pt; height: 25.7pt;\" valign=\"top\" width=\"134\"><h1 style=\"text-align: center; mso-outline-level: 1; mso-element: frame; mso-element-frame-hspace: 9.0pt; mso-element-wrap: around; mso-element-anchor-vertical: paragraph; mso-element-anchor-horizontal: margin; mso-element-top: 2.05pt; mso-height-rule: exactly;\" align=\"center\"><span class=\"TitleChar\"><span style=\"font-size: 16.0pt; font-weight: normal;\">White</span></span></h1></td></tr></tbody></table><h1><span class=\"TitleChar\"><span style=\"font-size: 18.0pt; mso-bidi-font-family: \'Calibri Light\'; mso-bidi-theme-font: major-latin; font-weight: normal;\">&nbsp;</span></span></h1><h1><span class=\"TitleChar\"><span style=\"font-size: 18.0pt; mso-bidi-font-family: \'Calibri Light\'; mso-bidi-theme-font: major-latin; font-weight: normal;\">&nbsp;</span></span></h1><h1><span class=\"TitleChar\"><span style=\"font-size: 18.0pt; mso-bidi-font-family: \'Calibri Light\'; mso-bidi-theme-font: major-latin; font-weight: normal;\">&nbsp;</span></span></h1><h1><span style=\"font-size: 18.0pt; font-family: \'Calibri Light\',sans-serif; mso-ascii-theme-font: major-latin; mso-hansi-theme-font: major-latin; mso-bidi-theme-font: major-latin;\">Uses:- </span><span style=\"font-size: 18.0pt; font-family: \'Calibri Light\',sans-serif; mso-ascii-theme-font: major-latin; mso-hansi-theme-font: major-latin; mso-bidi-theme-font: major-latin; color: black; font-weight: normal;\">Burger packaging Box Each Box with two burgers,</span></h1>',NULL),(62,62,'en','White Apple Box with 4 Trays Holding Capacity 20 - 25 Kg ( 25 pc pack)','<h1 class=\"bo\" style=\"margin: 0px; padding: 0px; font-variant-numeric: normal; font-variant-east-asian: normal; font-stretch: normal; font-size: 22px; line-height: 24px; font-family: arial; background-color: #ffffff;\">White Apple Box Packaging Corrugated Box, Weight Holding Capacity (Kg): 20 - 25 Kg</h1><p>&nbsp;</p><div class=\"dtlsec1\" style=\"margin: 0px; padding: 0px; font-family: arial; line-height: 26px; color: #333333; font-size: 14px; background-color: #ffffff;\"><table style=\"margin: 0px; padding: 0px; width: 822.891px;\"><tbody style=\"margin: 0px; padding: 0px;\"><tr style=\"margin: 0px; padding: 0px;\"><td class=\"tdwdt\" style=\"margin: 0px; padding: 4px 5px; width: 319.156px; color: #848484; border-bottom: 1px solid #eaeaea; font-size: 15px; vertical-align: top; word-break: break-word;\">Box Capacity</td><td class=\"tdwdt1 color6\" style=\"margin: 0px; padding: 4px 5px; color: #000000; width: 483.734px; border-bottom: 1px solid #eaeaea; font-size: 15px; vertical-align: top; word-break: break-word;\">1-5 Kg</td></tr><tr style=\"margin: 0px; padding: 0px;\"><td class=\"tdwdt\" style=\"margin: 0px; padding: 4px 5px; width: 319.156px; color: #848484; border-bottom: 1px solid #eaeaea; font-size: 15px; vertical-align: top; word-break: break-word;\">Size</td><td class=\"tdwdt1 color6\" style=\"margin: 0px; padding: 4px 5px; color: #000000; width: 483.734px; border-bottom: 1px solid #eaeaea; font-size: 15px; vertical-align: top; word-break: break-word;\">19.5 x 12 x 10.8 Inches</td></tr><tr style=\"margin: 0px; padding: 0px;\"><td class=\"tdwdt\" style=\"margin: 0px; padding: 4px 5px; width: 319.156px; color: #848484; border-bottom: 1px solid #eaeaea; font-size: 15px; vertical-align: top; word-break: break-word;\">Color</td><td class=\"tdwdt1 color6\" style=\"margin: 0px; padding: 4px 5px; color: #000000; width: 483.734px; border-bottom: 1px solid #eaeaea; font-size: 15px; vertical-align: top; word-break: break-word;\">White</td></tr><tr style=\"margin: 0px; padding: 0px;\"><td class=\"tdwdt\" style=\"margin: 0px; padding: 4px 5px; width: 319.156px; color: #848484; border-bottom: 1px solid #eaeaea; font-size: 15px; vertical-align: top; word-break: break-word;\">Material Grade</td><td class=\"tdwdt1 color6\" style=\"margin: 0px; padding: 4px 5px; color: #000000; width: 483.734px; border-bottom: 1px solid #eaeaea; font-size: 15px; vertical-align: top; word-break: break-word;\">Corrugated</td></tr><tr style=\"margin: 0px; padding: 0px;\"><td class=\"tdwdt\" style=\"margin: 0px; padding: 4px 5px; width: 319.156px; color: #848484; border-bottom: 1px solid #eaeaea; font-size: 15px; vertical-align: top; word-break: break-word;\">Wall Type</td><td class=\"tdwdt1 color6\" style=\"margin: 0px; padding: 4px 5px; color: #000000; width: 483.734px; border-bottom: 1px solid #eaeaea; font-size: 15px; vertical-align: top; word-break: break-word;\">Double Wall - 5 Ply</td></tr><tr style=\"margin: 0px; padding: 0px;\"><td class=\"tdwdt\" style=\"margin: 0px; padding: 4px 5px; width: 319.156px; color: #848484; border-bottom: 1px solid #eaeaea; font-size: 15px; vertical-align: top; word-break: break-word;\">Usage/Application</td><td class=\"tdwdt1 color6\" style=\"margin: 0px; padding: 4px 5px; color: #000000; width: 483.734px; border-bottom: 1px solid #eaeaea; font-size: 15px; vertical-align: top; word-break: break-word;\">Fruit Packaging box</td></tr><tr style=\"margin: 0px; padding: 0px;\"><td class=\"tdwdt\" style=\"margin: 0px; padding: 4px 5px; width: 319.156px; color: #848484; border-bottom: 1px solid #eaeaea; font-size: 15px; vertical-align: top; word-break: break-word;\">Property</td><td class=\"tdwdt1 color6\" style=\"margin: 0px; padding: 4px 5px; color: #000000; width: 483.734px; border-bottom: 1px solid #eaeaea; font-size: 15px; vertical-align: top; word-break: break-word;\">Bio-degradable</td></tr><tr style=\"margin: 0px; padding: 0px;\"><td class=\"tdwdt\" style=\"margin: 0px; padding: 4px 5px; width: 319.156px; color: #848484; border-bottom: 1px solid #eaeaea; font-size: 15px; vertical-align: top; word-break: break-word;\">Shape</td><td class=\"tdwdt1 color6\" style=\"margin: 0px; padding: 4px 5px; color: #000000; width: 483.734px; border-bottom: 1px solid #eaeaea; font-size: 15px; vertical-align: top; word-break: break-word;\">Rectangle</td></tr><tr style=\"margin: 0px; padding: 0px;\"><td class=\"tdwdt\" style=\"margin: 0px; padding: 4px 5px; width: 319.156px; color: #848484; border-bottom: 1px solid #eaeaea; font-size: 15px; vertical-align: top; word-break: break-word;\">Storing Material</td><td class=\"tdwdt1 color6\" style=\"margin: 0px; padding: 4px 5px; color: #000000; width: 483.734px; border-bottom: 1px solid #eaeaea; font-size: 15px; vertical-align: top; word-break: break-word;\">Edible</td></tr><tr style=\"margin: 0px; padding: 0px;\"><td class=\"tdwdt\" style=\"margin: 0px; padding: 4px 5px; width: 319.156px; color: #848484; border-bottom: 1px solid #eaeaea; font-size: 15px; vertical-align: top; word-break: break-word;\">Pattern</td><td class=\"tdwdt1 color6\" style=\"margin: 0px; padding: 4px 5px; color: #000000; width: 483.734px; border-bottom: 1px solid #eaeaea; font-size: 15px; vertical-align: top; word-break: break-word;\">Printed</td></tr></tbody></table></div><div class=\"clr\" style=\"margin: 0px; padding: 0px; font-family: arial; clear: both; color: #333333; font-size: 14px; background-color: #ffffff;\">&nbsp;</div><h3 class=\"fs18 mt30 mb10 color\" style=\"line-height: 22px; margin: 30px 0px 10px; padding: 0px; font-size: 18px; color: #333333; font-family: arial; background-color: #ffffff;\">Product Description</h3><div class=\"pdest1\" style=\"margin: 0px; padding: 0px; font-family: arial; hyphens: inherit; word-break: inherit; overflow-wrap: inherit; max-width: 800px; overflow: auto; color: #333333; font-size: 14px; background-color: #ffffff;\"><div class=\"fs16 lh28 pdpCtsr\" style=\"margin: 0px; padding: 0px; hyphens: inherit; word-break: inherit; overflow-wrap: inherit; max-width: 800px; overflow: auto; font-size: 16px; line-height: 28px;\">We can undertake bulk orders for all kinds of customised fruit pcakaging boxes. These are made as per the size and design provided by buyer.&nbsp;</div></div>',NULL),(63,63,'en','Jumbo Burger Box (100 pc pack)','<h1><span style=\"font-size: 18.0pt; font-family: \'Arial\',sans-serif; color: #191919;\">Jumbo Burger Box.</span><span style=\"font-size: 18.0pt; font-family: \'Arial\',sans-serif; color: #191919; font-weight: normal;\"> </span></h1><h1><span style=\"font-size: 18.0pt; font-family: \'Calibri Light\',sans-serif; mso-ascii-theme-font: major-latin; mso-fareast-font-family: \'Times New Roman\'; mso-fareast-theme-font: major-fareast; mso-hansi-theme-font: major-latin; mso-bidi-theme-font: major-latin; letter-spacing: -.5pt; mso-font-kerning: 14.0pt; font-weight: normal;\">With immense experience of the Burger king, we are manufacturing and supplying a wide range of&nbsp;white Kraft Paper Square Burger Box Plain and Customized Printing plane paper, Printed or Corrugated Boxes. These boxes are manufactured under the guidance of our expert professionals, who make use of high-grade raw material in the manufacturing process.</span></h1><table class=\"MsoTableGrid\" style=\"width: 344.25pt; border-collapse: collapse; border: none; mso-border-alt: solid windowtext .5pt; mso-yfti-tbllook: 1184; mso-table-lspace: 9.0pt; margin-left: 6.75pt; mso-table-rspace: 9.0pt; margin-right: 6.75pt; mso-table-anchor-vertical: paragraph; mso-table-anchor-horizontal: margin; mso-table-left: left; mso-table-top: 2.05pt; mso-padding-alt: 0in 5.4pt 0in 5.4pt;\" border=\"1\" width=\"0\" cellspacing=\"0\" cellpadding=\"0\" align=\"left\"><tbody><tr style=\"mso-yfti-irow: 0; mso-yfti-firstrow: yes; height: 25.7pt;\"><td style=\"width: 81.8pt; border: solid windowtext 1.0pt; mso-border-alt: solid windowtext .5pt; padding: 0in 5.4pt 0in 5.4pt; height: 25.7pt;\" valign=\"top\" width=\"109\"><h1 style=\"text-align: center; mso-outline-level: 1; mso-element: frame; mso-element-frame-hspace: 9.0pt; mso-element-wrap: around; mso-element-anchor-vertical: paragraph; mso-element-anchor-horizontal: margin; mso-element-top: 2.05pt; mso-height-rule: exactly;\" align=\"center\"><span class=\"TitleChar\"><span style=\"font-size: 20.0pt; color: black; mso-themecolor: text1; mso-style-textoutline-type: none; mso-style-textoutline-outlinestyle-dpiwidth: 0pt; mso-style-textoutline-outlinestyle-linecap: flat; mso-style-textoutline-outlinestyle-join: round; mso-style-textoutline-outlinestyle-pctmiterlimit: 0%; mso-style-textoutline-outlinestyle-dash: solid; mso-style-textoutline-outlinestyle-align: center; mso-style-textoutline-outlinestyle-compound: simple; mso-effects-shadow-color: black; mso-effects-shadow-themecolor: dark1; mso-effects-shadow-alpha: 40.0%; mso-effects-shadow-dpiradius: 3.0pt; mso-effects-shadow-dpidistance: 1.5pt; mso-effects-shadow-angledirection: 2700000; mso-effects-shadow-align: topleft; mso-effects-shadow-pctsx: 100.0%; mso-effects-shadow-pctsy: 100.0%; mso-effects-shadow-anglekx: 0; mso-effects-shadow-angleky: 0; font-weight: normal; mso-bidi-font-weight: bold;\">Length</span></span></h1></td><td style=\"width: 77.45pt; border: solid windowtext 1.0pt; border-left: none; mso-border-left-alt: solid windowtext .5pt; mso-border-alt: solid windowtext .5pt; padding: 0in 5.4pt 0in 5.4pt; height: 25.7pt;\" valign=\"top\" width=\"103\"><h1 style=\"text-align: center; mso-outline-level: 1; mso-element: frame; mso-element-frame-hspace: 9.0pt; mso-element-wrap: around; mso-element-anchor-vertical: paragraph; mso-element-anchor-horizontal: margin; mso-element-top: 2.05pt; mso-height-rule: exactly;\" align=\"center\"><span class=\"TitleChar\"><span style=\"font-size: 20.0pt; color: black; mso-themecolor: text1; mso-style-textoutline-type: none; mso-style-textoutline-outlinestyle-dpiwidth: 0pt; mso-style-textoutline-outlinestyle-linecap: flat; mso-style-textoutline-outlinestyle-join: round; mso-style-textoutline-outlinestyle-pctmiterlimit: 0%; mso-style-textoutline-outlinestyle-dash: solid; mso-style-textoutline-outlinestyle-align: center; mso-style-textoutline-outlinestyle-compound: simple; mso-effects-shadow-color: black; mso-effects-shadow-themecolor: dark1; mso-effects-shadow-alpha: 40.0%; mso-effects-shadow-dpiradius: 3.0pt; mso-effects-shadow-dpidistance: 1.5pt; mso-effects-shadow-angledirection: 2700000; mso-effects-shadow-align: topleft; mso-effects-shadow-pctsx: 100.0%; mso-effects-shadow-pctsy: 100.0%; mso-effects-shadow-anglekx: 0; mso-effects-shadow-angleky: 0; font-weight: normal; mso-bidi-font-weight: bold;\">Width</span></span></h1></td><td style=\"width: 84.25pt; border: solid windowtext 1.0pt; border-left: none; mso-border-left-alt: solid windowtext .5pt; mso-border-alt: solid windowtext .5pt; padding: 0in 5.4pt 0in 5.4pt; height: 25.7pt;\" valign=\"top\" width=\"112\"><h1 style=\"text-align: center; mso-outline-level: 1; mso-element: frame; mso-element-frame-hspace: 9.0pt; mso-element-wrap: around; mso-element-anchor-vertical: paragraph; mso-element-anchor-horizontal: margin; mso-element-top: 2.05pt; mso-height-rule: exactly;\" align=\"center\"><span class=\"TitleChar\"><span style=\"font-size: 20.0pt; color: black; mso-themecolor: text1; mso-style-textoutline-type: none; mso-style-textoutline-outlinestyle-dpiwidth: 0pt; mso-style-textoutline-outlinestyle-linecap: flat; mso-style-textoutline-outlinestyle-join: round; mso-style-textoutline-outlinestyle-pctmiterlimit: 0%; mso-style-textoutline-outlinestyle-dash: solid; mso-style-textoutline-outlinestyle-align: center; mso-style-textoutline-outlinestyle-compound: simple; mso-effects-shadow-color: black; mso-effects-shadow-themecolor: dark1; mso-effects-shadow-alpha: 40.0%; mso-effects-shadow-dpiradius: 3.0pt; mso-effects-shadow-dpidistance: 1.5pt; mso-effects-shadow-angledirection: 2700000; mso-effects-shadow-align: topleft; mso-effects-shadow-pctsx: 100.0%; mso-effects-shadow-pctsy: 100.0%; mso-effects-shadow-anglekx: 0; mso-effects-shadow-angleky: 0; font-weight: normal; mso-bidi-font-weight: bold;\">Height</span></span></h1></td><td style=\"width: 100.75pt; border: solid windowtext 1.0pt; border-left: none; mso-border-left-alt: solid windowtext .5pt; mso-border-alt: solid windowtext .5pt; padding: 0in 5.4pt 0in 5.4pt; height: 25.7pt;\" valign=\"top\" width=\"134\"><h1 style=\"text-align: center; mso-outline-level: 1; mso-element: frame; mso-element-frame-hspace: 9.0pt; mso-element-wrap: around; mso-element-anchor-vertical: paragraph; mso-element-anchor-horizontal: margin; mso-element-top: 2.05pt; mso-height-rule: exactly;\" align=\"center\"><span class=\"TitleChar\"><span style=\"font-size: 20.0pt; color: black; mso-themecolor: text1; letter-spacing: 0pt; mso-style-textoutline-type: none; mso-style-textoutline-outlinestyle-dpiwidth: 0pt; mso-style-textoutline-outlinestyle-linecap: flat; mso-style-textoutline-outlinestyle-join: round; mso-style-textoutline-outlinestyle-pctmiterlimit: 0%; mso-style-textoutline-outlinestyle-dash: solid; mso-style-textoutline-outlinestyle-align: center; mso-style-textoutline-outlinestyle-compound: simple; mso-effects-shadow-color: black; mso-effects-shadow-themecolor: dark1; mso-effects-shadow-alpha: 40.0%; mso-effects-shadow-dpiradius: 3.0pt; mso-effects-shadow-dpidistance: 1.5pt; mso-effects-shadow-angledirection: 2700000; mso-effects-shadow-align: topleft; mso-effects-shadow-pctsx: 100.0%; mso-effects-shadow-pctsy: 100.0%; mso-effects-shadow-anglekx: 0; mso-effects-shadow-angleky: 0; font-weight: normal; mso-bidi-font-weight: bold;\">Color</span></span></h1></td></tr><tr style=\"mso-yfti-irow: 1; mso-yfti-lastrow: yes; height: 25.7pt;\"><td style=\"width: 81.8pt; border: solid windowtext 1.0pt; border-top: none; mso-border-top-alt: solid windowtext .5pt; mso-border-alt: solid windowtext .5pt; padding: 0in 5.4pt 0in 5.4pt; height: 25.7pt;\" valign=\"top\" width=\"109\"><h1 style=\"text-align: center; mso-outline-level: 1; mso-element: frame; mso-element-frame-hspace: 9.0pt; mso-element-wrap: around; mso-element-anchor-vertical: paragraph; mso-element-anchor-horizontal: margin; mso-element-top: 2.05pt; mso-height-rule: exactly;\" align=\"center\"><span class=\"TitleChar\"><span style=\"font-size: 16.0pt; font-weight: normal;\">140 mm</span></span></h1></td><td style=\"width: 77.45pt; border-top: none; border-left: none; border-bottom: solid windowtext 1.0pt; border-right: solid windowtext 1.0pt; mso-border-top-alt: solid windowtext .5pt; mso-border-left-alt: solid windowtext .5pt; mso-border-alt: solid windowtext .5pt; padding: 0in 5.4pt 0in 5.4pt; height: 25.7pt;\" valign=\"top\" width=\"103\"><h1 style=\"text-align: center; mso-outline-level: 1; mso-element: frame; mso-element-frame-hspace: 9.0pt; mso-element-wrap: around; mso-element-anchor-vertical: paragraph; mso-element-anchor-horizontal: margin; mso-element-top: 2.05pt; mso-height-rule: exactly;\" align=\"center\"><span class=\"TitleChar\"><span style=\"font-size: 16.0pt; font-weight: normal;\">140 mm</span></span></h1></td><td style=\"width: 84.25pt; border-top: none; border-left: none; border-bottom: solid windowtext 1.0pt; border-right: solid windowtext 1.0pt; mso-border-top-alt: solid windowtext .5pt; mso-border-left-alt: solid windowtext .5pt; mso-border-alt: solid windowtext .5pt; padding: 0in 5.4pt 0in 5.4pt; height: 25.7pt;\" valign=\"top\" width=\"112\"><h1 style=\"text-align: center; mso-outline-level: 1; mso-element: frame; mso-element-frame-hspace: 9.0pt; mso-element-wrap: around; mso-element-anchor-vertical: paragraph; mso-element-anchor-horizontal: margin; mso-element-top: 2.05pt; mso-height-rule: exactly;\" align=\"center\"><span class=\"TitleChar\"><span style=\"font-size: 16.0pt; font-weight: normal;\">80 mm</span></span></h1></td><td style=\"width: 100.75pt; border-top: none; border-left: none; border-bottom: solid windowtext 1.0pt; border-right: solid windowtext 1.0pt; mso-border-top-alt: solid windowtext .5pt; mso-border-left-alt: solid windowtext .5pt; mso-border-alt: solid windowtext .5pt; padding: 0in 5.4pt 0in 5.4pt; height: 25.7pt;\" valign=\"top\" width=\"134\"><h1 style=\"text-align: center; mso-outline-level: 1; mso-element: frame; mso-element-frame-hspace: 9.0pt; mso-element-wrap: around; mso-element-anchor-vertical: paragraph; mso-element-anchor-horizontal: margin; mso-element-top: 2.05pt; mso-height-rule: exactly;\" align=\"center\"><span class=\"TitleChar\"><span style=\"font-size: 16.0pt; font-weight: normal;\">White</span></span></h1></td></tr></tbody></table><h1><span class=\"TitleChar\"><span style=\"font-size: 18.0pt; mso-bidi-font-family: \'Calibri Light\'; mso-bidi-theme-font: major-latin; font-weight: normal;\">&nbsp;</span></span></h1><h1><span class=\"TitleChar\"><span style=\"font-size: 18.0pt; mso-bidi-font-family: \'Calibri Light\'; mso-bidi-theme-font: major-latin; font-weight: normal;\">&nbsp;</span></span></h1><h1><span class=\"TitleChar\"><span style=\"font-size: 18.0pt; mso-bidi-font-family: \'Calibri Light\'; mso-bidi-theme-font: major-latin; font-weight: normal;\">&nbsp;</span></span></h1><h1><span style=\"font-size: 18.0pt; font-family: \'Calibri Light\',sans-serif; mso-ascii-theme-font: major-latin; mso-hansi-theme-font: major-latin; mso-bidi-theme-font: major-latin;\">Uses:- </span><span style=\"font-size: 18.0pt; font-family: \'Calibri Light\',sans-serif; mso-ascii-theme-font: major-latin; mso-hansi-theme-font: major-latin; mso-bidi-theme-font: major-latin; color: black; font-weight: normal;\">Burger packaging Box,</span></h1>',NULL),(64,64,'en','2 compartments Meal tray (100 pc pack)','<p class=\"MsoNormal\" style=\"margin-bottom: .0001pt;\"><strong><span style=\"font-size: 16.5pt; line-height: 107%; font-family: \'Arial\',sans-serif; mso-fareast-font-family: \'Times New Roman\'; color: black; mso-font-kerning: 18.0pt; mso-bidi-language: HI;\">2 Compartments Meal tray (</span></strong><span style=\"font-family: Arial, sans-serif;\"><span style=\"font-size: 22px;\"><strong>Size : 210x167x40</strong></span></span><strong><span style=\"font-size: 16.5pt; line-height: 107%; font-family: \'Arial\',sans-serif; mso-fareast-font-family: \'Times New Roman\'; color: black; mso-font-kerning: 18.0pt; mso-bidi-language: HI;\">)mm</span></strong></p><p class=\"MsoNormal\" style=\"margin-bottom: .0001pt;\"><strong><span style=\"font-size: 16.5pt; line-height: 107%; font-family: \'Arial\',sans-serif; mso-fareast-font-family: \'Times New Roman\'; color: black; mso-font-kerning: 18.0pt; mso-bidi-language: HI;\">&nbsp;</span></strong></p><p class=\"MsoNormal\" style=\"margin-bottom: .0001pt;\"><span lang=\"EN\" style=\"font-size: 18.0pt; line-height: 107%; font-family: \'Calibri Light\',sans-serif; mso-ascii-theme-font: major-latin; mso-hansi-theme-font: major-latin; mso-bidi-theme-font: major-latin; background: white; mso-ansi-language: EN;\">The 2</span><span style=\"font-size: 18.0pt; line-height: 107%; font-family: \'Calibri Light\',sans-serif; mso-ascii-theme-font: major-latin; mso-hansi-theme-font: major-latin; mso-bidi-theme-font: major-latin; background: white;\">&nbsp;Compartments Meal tray</span><span style=\"font-size: 18.0pt; line-height: 107%; font-family: \'Calibri Light\',sans-serif; mso-ascii-theme-font: major-latin; mso-hansi-theme-font: major-latin; mso-bidi-theme-font: major-latin; background: white; mso-ansi-language: EN;\"> <span lang=\"EN\">is convenient, economical, disposable, recyclable and efficient.</span></span><span lang=\"EN\" style=\"font-size: 10.5pt; line-height: 107%; font-family: \'Arial\',sans-serif; color: #333333; background: white;\"> </span><span style=\"font-size: 18.0pt; line-height: 107%; font-family: \'Calibri Light\',sans-serif; mso-ascii-theme-font: major-latin; mso-hansi-theme-font: major-latin; mso-bidi-theme-font: major-latin; background: white;\">The meal trays are one of the most popular types of packaging for meals. They are used for the fresh takeaway with a clear lid or for ready meals that are sealed with a sealing machine. Our meal trays are robust and shape-retaining. They can also be used in the oven up to 120 degrees, in the microwave, steamer and on contact heat plates. The perfect solution for your meals!</span><span style=\"font-size: 18.0pt; line-height: 107%; font-family: \'Calibri Light\',sans-serif; mso-ascii-theme-font: major-latin; mso-hansi-theme-font: major-latin; mso-bidi-theme-font: major-latin; background: white; mso-ansi-language: EN;\"> </span></p><p class=\"MsoNormal\" style=\"margin-bottom: .0001pt;\"><span lang=\"EN\" style=\"font-size: 18.0pt; line-height: 107%; font-family: \'Calibri Light\',sans-serif; mso-ascii-theme-font: major-latin; mso-hansi-theme-font: major-latin; mso-bidi-theme-font: major-latin; background: white; mso-ansi-language: EN;\">&nbsp;</span></p><p class=\"MsoNormal\" style=\"margin-bottom: .0001pt;\"><span lang=\"EN\" style=\"font-size: 18.0pt; line-height: 107%; font-family: \'Calibri Light\',sans-serif; mso-ascii-theme-font: major-latin; mso-hansi-theme-font: major-latin; mso-bidi-theme-font: major-latin; background: white; mso-ansi-language: EN;\">What more do you need than this perfect food packaging solution? Use these at home, work, catering business, storage and a lot more. Food and beverage manufacturers constantly look for ways to simplify their food delivery and at the same time need to ensure that their food product is well-preserved using appropriate packaging till the point of sale. You can also personalize them and add your own brand message so that you can attract more customers. Since most people are on the run nowadays, it is important to have high-quality food containers so you can store food safely. The packaging of this container offers strength and durability. These containers are cheaper and they don&rsquo;t weigh as much so it is easier to carry them to any place.</span></p><p class=\"MsoNormal\" style=\"margin-bottom: .0001pt;\"><span style=\"font-size: 18.0pt; line-height: 107%; font-family: \'Calibri Light\',sans-serif; mso-ascii-theme-font: major-latin; mso-hansi-theme-font: major-latin; mso-bidi-theme-font: major-latin; background: white;\">Dimensions:</span></p><p class=\"MsoNormal\" style=\"margin-bottom: .0001pt;\"><span style=\"font-size: 18.0pt; line-height: 107%; font-family: \'Calibri Light\',sans-serif; mso-ascii-theme-font: major-latin; mso-hansi-theme-font: major-latin; mso-bidi-theme-font: major-latin; background: white;\">&nbsp;</span></p><table class=\"MsoTableGrid\" style=\"width: 344.25pt; border-collapse: collapse; border: none; mso-border-alt: solid windowtext .5pt; mso-yfti-tbllook: 1184; mso-table-lspace: 9.0pt; margin-left: 6.75pt; mso-table-rspace: 9.0pt; margin-right: 6.75pt; mso-table-anchor-vertical: paragraph; mso-table-anchor-horizontal: margin; mso-table-left: left; mso-table-top: 2.05pt; mso-padding-alt: 0in 5.4pt 0in 5.4pt;\" border=\"1\" width=\"0\" cellspacing=\"0\" cellpadding=\"0\" align=\"left\"><tbody><tr style=\"mso-yfti-irow: 0; mso-yfti-firstrow: yes; height: 25.7pt;\"><td style=\"width: 81.8pt; border: solid windowtext 1.0pt; mso-border-alt: solid windowtext .5pt; padding: 0in 5.4pt 0in 5.4pt; height: 25.7pt;\" valign=\"top\" width=\"109\"><h1 style=\"text-align: center; mso-outline-level: 1; mso-element: frame; mso-element-frame-hspace: 9.0pt; mso-element-wrap: around; mso-element-anchor-vertical: paragraph; mso-element-anchor-horizontal: margin; mso-element-top: 2.05pt; mso-height-rule: exactly;\" align=\"center\"><span class=\"TitleChar\"><span style=\"font-size: 20.0pt; color: black; mso-themecolor: text1; mso-style-textoutline-type: none; mso-style-textoutline-outlinestyle-dpiwidth: 0pt; mso-style-textoutline-outlinestyle-linecap: flat; mso-style-textoutline-outlinestyle-join: round; mso-style-textoutline-outlinestyle-pctmiterlimit: 0%; mso-style-textoutline-outlinestyle-dash: solid; mso-style-textoutline-outlinestyle-align: center; mso-style-textoutline-outlinestyle-compound: simple; mso-effects-shadow-color: black; mso-effects-shadow-themecolor: dark1; mso-effects-shadow-alpha: 40.0%; mso-effects-shadow-dpiradius: 3.0pt; mso-effects-shadow-dpidistance: 1.5pt; mso-effects-shadow-angledirection: 2700000; mso-effects-shadow-align: topleft; mso-effects-shadow-pctsx: 100.0%; mso-effects-shadow-pctsy: 100.0%; mso-effects-shadow-anglekx: 0; mso-effects-shadow-angleky: 0; font-weight: normal; mso-bidi-font-weight: bold;\">Length</span></span></h1></td><td style=\"width: 77.45pt; border: solid windowtext 1.0pt; border-left: none; mso-border-left-alt: solid windowtext .5pt; mso-border-alt: solid windowtext .5pt; padding: 0in 5.4pt 0in 5.4pt; height: 25.7pt;\" valign=\"top\" width=\"103\"><h1 style=\"text-align: center; mso-outline-level: 1; mso-element: frame; mso-element-frame-hspace: 9.0pt; mso-element-wrap: around; mso-element-anchor-vertical: paragraph; mso-element-anchor-horizontal: margin; mso-element-top: 2.05pt; mso-height-rule: exactly;\" align=\"center\"><span class=\"TitleChar\"><span style=\"font-size: 20.0pt; color: black; mso-themecolor: text1; mso-style-textoutline-type: none; mso-style-textoutline-outlinestyle-dpiwidth: 0pt; mso-style-textoutline-outlinestyle-linecap: flat; mso-style-textoutline-outlinestyle-join: round; mso-style-textoutline-outlinestyle-pctmiterlimit: 0%; mso-style-textoutline-outlinestyle-dash: solid; mso-style-textoutline-outlinestyle-align: center; mso-style-textoutline-outlinestyle-compound: simple; mso-effects-shadow-color: black; mso-effects-shadow-themecolor: dark1; mso-effects-shadow-alpha: 40.0%; mso-effects-shadow-dpiradius: 3.0pt; mso-effects-shadow-dpidistance: 1.5pt; mso-effects-shadow-angledirection: 2700000; mso-effects-shadow-align: topleft; mso-effects-shadow-pctsx: 100.0%; mso-effects-shadow-pctsy: 100.0%; mso-effects-shadow-anglekx: 0; mso-effects-shadow-angleky: 0; font-weight: normal; mso-bidi-font-weight: bold;\">Width</span></span></h1></td><td style=\"width: 84.25pt; border: solid windowtext 1.0pt; border-left: none; mso-border-left-alt: solid windowtext .5pt; mso-border-alt: solid windowtext .5pt; padding: 0in 5.4pt 0in 5.4pt; height: 25.7pt;\" valign=\"top\" width=\"112\"><h1 style=\"text-align: center; mso-outline-level: 1; mso-element: frame; mso-element-frame-hspace: 9.0pt; mso-element-wrap: around; mso-element-anchor-vertical: paragraph; mso-element-anchor-horizontal: margin; mso-element-top: 2.05pt; mso-height-rule: exactly;\" align=\"center\"><span class=\"TitleChar\"><span style=\"font-size: 20.0pt; color: black; mso-themecolor: text1; mso-style-textoutline-type: none; mso-style-textoutline-outlinestyle-dpiwidth: 0pt; mso-style-textoutline-outlinestyle-linecap: flat; mso-style-textoutline-outlinestyle-join: round; mso-style-textoutline-outlinestyle-pctmiterlimit: 0%; mso-style-textoutline-outlinestyle-dash: solid; mso-style-textoutline-outlinestyle-align: center; mso-style-textoutline-outlinestyle-compound: simple; mso-effects-shadow-color: black; mso-effects-shadow-themecolor: dark1; mso-effects-shadow-alpha: 40.0%; mso-effects-shadow-dpiradius: 3.0pt; mso-effects-shadow-dpidistance: 1.5pt; mso-effects-shadow-angledirection: 2700000; mso-effects-shadow-align: topleft; mso-effects-shadow-pctsx: 100.0%; mso-effects-shadow-pctsy: 100.0%; mso-effects-shadow-anglekx: 0; mso-effects-shadow-angleky: 0; font-weight: normal; mso-bidi-font-weight: bold;\">Height</span></span></h1></td><td style=\"width: 100.75pt; border: solid windowtext 1.0pt; border-left: none; mso-border-left-alt: solid windowtext .5pt; mso-border-alt: solid windowtext .5pt; padding: 0in 5.4pt 0in 5.4pt; height: 25.7pt;\" valign=\"top\" width=\"134\"><h1 style=\"text-align: center; mso-outline-level: 1; mso-element: frame; mso-element-frame-hspace: 9.0pt; mso-element-wrap: around; mso-element-anchor-vertical: paragraph; mso-element-anchor-horizontal: margin; mso-element-top: 2.05pt; mso-height-rule: exactly;\" align=\"center\"><span class=\"TitleChar\"><span style=\"font-size: 20.0pt; color: black; mso-themecolor: text1; letter-spacing: 0pt; mso-style-textoutline-type: none; mso-style-textoutline-outlinestyle-dpiwidth: 0pt; mso-style-textoutline-outlinestyle-linecap: flat; mso-style-textoutline-outlinestyle-join: round; mso-style-textoutline-outlinestyle-pctmiterlimit: 0%; mso-style-textoutline-outlinestyle-dash: solid; mso-style-textoutline-outlinestyle-align: center; mso-style-textoutline-outlinestyle-compound: simple; mso-effects-shadow-color: black; mso-effects-shadow-themecolor: dark1; mso-effects-shadow-alpha: 40.0%; mso-effects-shadow-dpiradius: 3.0pt; mso-effects-shadow-dpidistance: 1.5pt; mso-effects-shadow-angledirection: 2700000; mso-effects-shadow-align: topleft; mso-effects-shadow-pctsx: 100.0%; mso-effects-shadow-pctsy: 100.0%; mso-effects-shadow-anglekx: 0; mso-effects-shadow-angleky: 0; font-weight: normal; mso-bidi-font-weight: bold;\">Color</span></span></h1></td></tr><tr style=\"mso-yfti-irow: 1; mso-yfti-lastrow: yes; height: 25.7pt;\"><td style=\"width: 81.8pt; border: solid windowtext 1.0pt; border-top: none; mso-border-top-alt: solid windowtext .5pt; mso-border-alt: solid windowtext .5pt; padding: 0in 5.4pt 0in 5.4pt; height: 25.7pt;\" valign=\"top\" width=\"109\"><h1 style=\"text-align: center; mso-outline-level: 1; mso-element: frame; mso-element-frame-hspace: 9.0pt; mso-element-wrap: around; mso-element-anchor-vertical: paragraph; mso-element-anchor-horizontal: margin; mso-element-top: 2.05pt; mso-height-rule: exactly;\" align=\"center\"><span class=\"TitleChar\"><span style=\"font-size: 16.0pt; font-weight: normal;\">210 mm</span></span></h1></td><td style=\"width: 77.45pt; border-top: none; border-left: none; border-bottom: solid windowtext 1.0pt; border-right: solid windowtext 1.0pt; mso-border-top-alt: solid windowtext .5pt; mso-border-left-alt: solid windowtext .5pt; mso-border-alt: solid windowtext .5pt; padding: 0in 5.4pt 0in 5.4pt; height: 25.7pt;\" valign=\"top\" width=\"103\"><h1 style=\"text-align: center; mso-outline-level: 1; mso-element: frame; mso-element-frame-hspace: 9.0pt; mso-element-wrap: around; mso-element-anchor-vertical: paragraph; mso-element-anchor-horizontal: margin; mso-element-top: 2.05pt; mso-height-rule: exactly;\" align=\"center\"><span class=\"TitleChar\"><span style=\"font-size: 16.0pt; font-weight: normal;\">167 mm</span></span></h1></td><td style=\"width: 84.25pt; border-top: none; border-left: none; border-bottom: solid windowtext 1.0pt; border-right: solid windowtext 1.0pt; mso-border-top-alt: solid windowtext .5pt; mso-border-left-alt: solid windowtext .5pt; mso-border-alt: solid windowtext .5pt; padding: 0in 5.4pt 0in 5.4pt; height: 25.7pt;\" valign=\"top\" width=\"112\"><h1 style=\"text-align: center; mso-outline-level: 1; mso-element: frame; mso-element-frame-hspace: 9.0pt; mso-element-wrap: around; mso-element-anchor-vertical: paragraph; mso-element-anchor-horizontal: margin; mso-element-top: 2.05pt; mso-height-rule: exactly;\" align=\"center\"><span class=\"TitleChar\"><span style=\"font-size: 16.0pt; font-weight: normal;\"><span style=\"mso-spacerun: yes;\">&nbsp;40</span>&nbsp;mm</span></span></h1></td><td style=\"width: 100.75pt; border-top: none; border-left: none; border-bottom: solid windowtext 1.0pt; border-right: solid windowtext 1.0pt; mso-border-top-alt: solid windowtext .5pt; mso-border-left-alt: solid windowtext .5pt; mso-border-alt: solid windowtext .5pt; padding: 0in 5.4pt 0in 5.4pt; height: 25.7pt;\" valign=\"top\" width=\"134\"><h1 style=\"text-align: center; mso-outline-level: 1; mso-element: frame; mso-element-frame-hspace: 9.0pt; mso-element-wrap: around; mso-element-anchor-vertical: paragraph; mso-element-anchor-horizontal: margin; mso-element-top: 2.05pt; mso-height-rule: exactly;\" align=\"center\"><span class=\"TitleChar\"><span style=\"font-size: 16.0pt; font-weight: normal;\">Transparent</span></span></h1></td></tr></tbody></table><h1><span style=\"font-size: 18.0pt;\">&nbsp;</span></h1><h1><span style=\"font-size: 18.0pt; font-family: \'Calibri Light\',sans-serif; mso-ascii-theme-font: major-latin; mso-hansi-theme-font: major-latin; mso-bidi-theme-font: major-latin;\">&nbsp;</span></h1><h1><span style=\"font-size: 18.0pt; font-family: \'Calibri Light\',sans-serif; mso-ascii-theme-font: major-latin; mso-hansi-theme-font: major-latin; mso-bidi-theme-font: major-latin;\">&nbsp;</span></h1><h1><span style=\"font-size: 18.0pt; font-family: \'Calibri Light\',sans-serif; mso-ascii-theme-font: major-latin; mso-hansi-theme-font: major-latin; mso-bidi-theme-font: major-latin;\">Uses:- </span><span style=\"font-size: 18.0pt; font-family: \'Calibri Light\',sans-serif; mso-ascii-theme-font: major-latin; mso-hansi-theme-font: major-latin; mso-bidi-theme-font: major-latin; color: black; font-weight: normal;\">For Event and Party Supplies, food packaging Box etc..,</span></h1>',NULL),(65,65,'en','8 Compartments Meal tray (100 pc pack)','<p class=\"MsoNormal\" style=\"margin-bottom: .0001pt;\"><strong><span style=\"font-size: 16.5pt; line-height: 107%; font-family: \'Arial\',sans-serif; mso-fareast-font-family: \'Times New Roman\'; color: black; mso-font-kerning: 18.0pt; mso-bidi-language: HI;\">8 Compartments Meal tray size(300x235x35)mm</span></strong></p><p class=\"MsoNormal\" style=\"margin-bottom: .0001pt;\"><strong><span style=\"font-size: 16.5pt; line-height: 107%; font-family: \'Arial\',sans-serif; mso-fareast-font-family: \'Times New Roman\'; color: black; mso-font-kerning: 18.0pt; mso-bidi-language: HI;\">&nbsp;</span></strong></p><p class=\"MsoNormal\" style=\"margin-bottom: .0001pt;\"><span lang=\"EN\" style=\"font-size: 18.0pt; line-height: 107%; font-family: \'Calibri Light\',sans-serif; mso-ascii-theme-font: major-latin; mso-hansi-theme-font: major-latin; mso-bidi-theme-font: major-latin; background: white; mso-ansi-language: EN;\">The </span><span style=\"font-size: 18.0pt; line-height: 107%; font-family: \'Calibri Light\',sans-serif; mso-ascii-theme-font: major-latin; mso-hansi-theme-font: major-latin; mso-bidi-theme-font: major-latin; background: white;\">8 Compartments Meal tray</span><span style=\"font-size: 18.0pt; line-height: 107%; font-family: \'Calibri Light\',sans-serif; mso-ascii-theme-font: major-latin; mso-hansi-theme-font: major-latin; mso-bidi-theme-font: major-latin; background: white; mso-ansi-language: EN;\"> <span lang=\"EN\">is convenient, economical, disposable, recyclable and efficient. What more do you need than this perfect food packaging solution? Use these at home, work, catering business, storage and a lot more. Food and beverage manufacturers constantly look for ways to simplify their food delivery and at the same time need to ensure that their food product is well-preserved using appropriate packaging till the point of sale. You can also personalize them and add your own brand message so that you can attract more customers. Since most people are on the run nowadays, it is important to have high-quality food containers so you can store food safely. The packaging of this container offers strength and durability. These containers are cheaper and they don&rsquo;t weigh as much so it is easier to carry them to any place.</span></span></p><p class=\"MsoNormal\" style=\"margin-bottom: .0001pt;\"><span style=\"font-size: 18.0pt; line-height: 107%; font-family: \'Calibri Light\',sans-serif; mso-ascii-theme-font: major-latin; mso-hansi-theme-font: major-latin; mso-bidi-theme-font: major-latin; background: white;\">Dimensions:</span></p><p class=\"MsoNormal\" style=\"margin-bottom: .0001pt;\"><span style=\"font-size: 18.0pt; line-height: 107%; font-family: \'Calibri Light\',sans-serif; mso-ascii-theme-font: major-latin; mso-hansi-theme-font: major-latin; mso-bidi-theme-font: major-latin; background: white;\">&nbsp;</span></p><table class=\"MsoTableGrid\" style=\"width: 344.25pt; border-collapse: collapse; border: none; mso-border-alt: solid windowtext .5pt; mso-yfti-tbllook: 1184; mso-table-lspace: 9.0pt; margin-left: 6.75pt; mso-table-rspace: 9.0pt; margin-right: 6.75pt; mso-table-anchor-vertical: paragraph; mso-table-anchor-horizontal: margin; mso-table-left: left; mso-table-top: 2.05pt; mso-padding-alt: 0in 5.4pt 0in 5.4pt;\" border=\"1\" width=\"0\" cellspacing=\"0\" cellpadding=\"0\" align=\"left\"><tbody><tr style=\"mso-yfti-irow: 0; mso-yfti-firstrow: yes; height: 25.7pt;\"><td style=\"width: 81.8pt; border: solid windowtext 1.0pt; mso-border-alt: solid windowtext .5pt; padding: 0in 5.4pt 0in 5.4pt; height: 25.7pt;\" valign=\"top\" width=\"109\"><h1 style=\"text-align: center; mso-outline-level: 1; mso-element: frame; mso-element-frame-hspace: 9.0pt; mso-element-wrap: around; mso-element-anchor-vertical: paragraph; mso-element-anchor-horizontal: margin; mso-element-top: 2.05pt; mso-height-rule: exactly;\" align=\"center\"><span class=\"TitleChar\"><span style=\"font-size: 20.0pt; color: black; mso-themecolor: text1; mso-style-textoutline-type: none; mso-style-textoutline-outlinestyle-dpiwidth: 0pt; mso-style-textoutline-outlinestyle-linecap: flat; mso-style-textoutline-outlinestyle-join: round; mso-style-textoutline-outlinestyle-pctmiterlimit: 0%; mso-style-textoutline-outlinestyle-dash: solid; mso-style-textoutline-outlinestyle-align: center; mso-style-textoutline-outlinestyle-compound: simple; mso-effects-shadow-color: black; mso-effects-shadow-themecolor: dark1; mso-effects-shadow-alpha: 40.0%; mso-effects-shadow-dpiradius: 3.0pt; mso-effects-shadow-dpidistance: 1.5pt; mso-effects-shadow-angledirection: 2700000; mso-effects-shadow-align: topleft; mso-effects-shadow-pctsx: 100.0%; mso-effects-shadow-pctsy: 100.0%; mso-effects-shadow-anglekx: 0; mso-effects-shadow-angleky: 0; font-weight: normal; mso-bidi-font-weight: bold;\">Length</span></span></h1></td><td style=\"width: 77.45pt; border: solid windowtext 1.0pt; border-left: none; mso-border-left-alt: solid windowtext .5pt; mso-border-alt: solid windowtext .5pt; padding: 0in 5.4pt 0in 5.4pt; height: 25.7pt;\" valign=\"top\" width=\"103\"><h1 style=\"text-align: center; mso-outline-level: 1; mso-element: frame; mso-element-frame-hspace: 9.0pt; mso-element-wrap: around; mso-element-anchor-vertical: paragraph; mso-element-anchor-horizontal: margin; mso-element-top: 2.05pt; mso-height-rule: exactly;\" align=\"center\"><span class=\"TitleChar\"><span style=\"font-size: 20.0pt; color: black; mso-themecolor: text1; mso-style-textoutline-type: none; mso-style-textoutline-outlinestyle-dpiwidth: 0pt; mso-style-textoutline-outlinestyle-linecap: flat; mso-style-textoutline-outlinestyle-join: round; mso-style-textoutline-outlinestyle-pctmiterlimit: 0%; mso-style-textoutline-outlinestyle-dash: solid; mso-style-textoutline-outlinestyle-align: center; mso-style-textoutline-outlinestyle-compound: simple; mso-effects-shadow-color: black; mso-effects-shadow-themecolor: dark1; mso-effects-shadow-alpha: 40.0%; mso-effects-shadow-dpiradius: 3.0pt; mso-effects-shadow-dpidistance: 1.5pt; mso-effects-shadow-angledirection: 2700000; mso-effects-shadow-align: topleft; mso-effects-shadow-pctsx: 100.0%; mso-effects-shadow-pctsy: 100.0%; mso-effects-shadow-anglekx: 0; mso-effects-shadow-angleky: 0; font-weight: normal; mso-bidi-font-weight: bold;\">Width</span></span></h1></td><td style=\"width: 84.25pt; border: solid windowtext 1.0pt; border-left: none; mso-border-left-alt: solid windowtext .5pt; mso-border-alt: solid windowtext .5pt; padding: 0in 5.4pt 0in 5.4pt; height: 25.7pt;\" valign=\"top\" width=\"112\"><h1 style=\"text-align: center; mso-outline-level: 1; mso-element: frame; mso-element-frame-hspace: 9.0pt; mso-element-wrap: around; mso-element-anchor-vertical: paragraph; mso-element-anchor-horizontal: margin; mso-element-top: 2.05pt; mso-height-rule: exactly;\" align=\"center\"><span class=\"TitleChar\"><span style=\"font-size: 20.0pt; color: black; mso-themecolor: text1; mso-style-textoutline-type: none; mso-style-textoutline-outlinestyle-dpiwidth: 0pt; mso-style-textoutline-outlinestyle-linecap: flat; mso-style-textoutline-outlinestyle-join: round; mso-style-textoutline-outlinestyle-pctmiterlimit: 0%; mso-style-textoutline-outlinestyle-dash: solid; mso-style-textoutline-outlinestyle-align: center; mso-style-textoutline-outlinestyle-compound: simple; mso-effects-shadow-color: black; mso-effects-shadow-themecolor: dark1; mso-effects-shadow-alpha: 40.0%; mso-effects-shadow-dpiradius: 3.0pt; mso-effects-shadow-dpidistance: 1.5pt; mso-effects-shadow-angledirection: 2700000; mso-effects-shadow-align: topleft; mso-effects-shadow-pctsx: 100.0%; mso-effects-shadow-pctsy: 100.0%; mso-effects-shadow-anglekx: 0; mso-effects-shadow-angleky: 0; font-weight: normal; mso-bidi-font-weight: bold;\">height</span></span></h1></td><td style=\"width: 100.75pt; border: solid windowtext 1.0pt; border-left: none; mso-border-left-alt: solid windowtext .5pt; mso-border-alt: solid windowtext .5pt; padding: 0in 5.4pt 0in 5.4pt; height: 25.7pt;\" valign=\"top\" width=\"134\"><h1 style=\"text-align: center; mso-outline-level: 1; mso-element: frame; mso-element-frame-hspace: 9.0pt; mso-element-wrap: around; mso-element-anchor-vertical: paragraph; mso-element-anchor-horizontal: margin; mso-element-top: 2.05pt; mso-height-rule: exactly;\" align=\"center\"><span class=\"TitleChar\"><span style=\"font-size: 20.0pt; color: black; mso-themecolor: text1; letter-spacing: 0pt; mso-style-textoutline-type: none; mso-style-textoutline-outlinestyle-dpiwidth: 0pt; mso-style-textoutline-outlinestyle-linecap: flat; mso-style-textoutline-outlinestyle-join: round; mso-style-textoutline-outlinestyle-pctmiterlimit: 0%; mso-style-textoutline-outlinestyle-dash: solid; mso-style-textoutline-outlinestyle-align: center; mso-style-textoutline-outlinestyle-compound: simple; mso-effects-shadow-color: black; mso-effects-shadow-themecolor: dark1; mso-effects-shadow-alpha: 40.0%; mso-effects-shadow-dpiradius: 3.0pt; mso-effects-shadow-dpidistance: 1.5pt; mso-effects-shadow-angledirection: 2700000; mso-effects-shadow-align: topleft; mso-effects-shadow-pctsx: 100.0%; mso-effects-shadow-pctsy: 100.0%; mso-effects-shadow-anglekx: 0; mso-effects-shadow-angleky: 0; font-weight: normal; mso-bidi-font-weight: bold;\">Color</span></span></h1></td></tr><tr style=\"mso-yfti-irow: 1; mso-yfti-lastrow: yes; height: 25.7pt;\"><td style=\"width: 81.8pt; border: solid windowtext 1.0pt; border-top: none; mso-border-top-alt: solid windowtext .5pt; mso-border-alt: solid windowtext .5pt; padding: 0in 5.4pt 0in 5.4pt; height: 25.7pt;\" valign=\"top\" width=\"109\"><h1 style=\"text-align: center; mso-outline-level: 1; mso-element: frame; mso-element-frame-hspace: 9.0pt; mso-element-wrap: around; mso-element-anchor-vertical: paragraph; mso-element-anchor-horizontal: margin; mso-element-top: 2.05pt; mso-height-rule: exactly;\" align=\"center\"><span class=\"TitleChar\"><span style=\"font-size: 16.0pt; font-weight: normal;\">300 mm</span></span></h1></td><td style=\"width: 77.45pt; border-top: none; border-left: none; border-bottom: solid windowtext 1.0pt; border-right: solid windowtext 1.0pt; mso-border-top-alt: solid windowtext .5pt; mso-border-left-alt: solid windowtext .5pt; mso-border-alt: solid windowtext .5pt; padding: 0in 5.4pt 0in 5.4pt; height: 25.7pt;\" valign=\"top\" width=\"103\"><h1 style=\"text-align: center; mso-outline-level: 1; mso-element: frame; mso-element-frame-hspace: 9.0pt; mso-element-wrap: around; mso-element-anchor-vertical: paragraph; mso-element-anchor-horizontal: margin; mso-element-top: 2.05pt; mso-height-rule: exactly;\" align=\"center\"><span class=\"TitleChar\"><span style=\"font-size: 16.0pt; font-weight: normal;\">235 mm</span></span></h1></td><td style=\"width: 84.25pt; border-top: none; border-left: none; border-bottom: solid windowtext 1.0pt; border-right: solid windowtext 1.0pt; mso-border-top-alt: solid windowtext .5pt; mso-border-left-alt: solid windowtext .5pt; mso-border-alt: solid windowtext .5pt; padding: 0in 5.4pt 0in 5.4pt; height: 25.7pt;\" valign=\"top\" width=\"112\"><h1 style=\"text-align: center; mso-outline-level: 1; mso-element: frame; mso-element-frame-hspace: 9.0pt; mso-element-wrap: around; mso-element-anchor-vertical: paragraph; mso-element-anchor-horizontal: margin; mso-element-top: 2.05pt; mso-height-rule: exactly;\" align=\"center\"><span class=\"TitleChar\"><span style=\"font-size: 16.0pt; font-weight: normal;\"><span style=\"mso-spacerun: yes;\">&nbsp;</span>35 mm</span></span></h1></td><td style=\"width: 100.75pt; border-top: none; border-left: none; border-bottom: solid windowtext 1.0pt; border-right: solid windowtext 1.0pt; mso-border-top-alt: solid windowtext .5pt; mso-border-left-alt: solid windowtext .5pt; mso-border-alt: solid windowtext .5pt; padding: 0in 5.4pt 0in 5.4pt; height: 25.7pt;\" valign=\"top\" width=\"134\"><h1 style=\"text-align: center; mso-outline-level: 1; mso-element: frame; mso-element-frame-hspace: 9.0pt; mso-element-wrap: around; mso-element-anchor-vertical: paragraph; mso-element-anchor-horizontal: margin; mso-element-top: 2.05pt; mso-height-rule: exactly;\" align=\"center\"><span class=\"TitleChar\"><span style=\"font-size: 16.0pt; font-weight: normal;\">Transparent</span></span></h1></td></tr></tbody></table><h1><span style=\"font-size: 18.0pt;\">&nbsp;</span></h1><h1><span style=\"font-size: 18.0pt; font-family: \'Calibri Light\',sans-serif; mso-ascii-theme-font: major-latin; mso-hansi-theme-font: major-latin; mso-bidi-theme-font: major-latin;\">&nbsp;</span></h1><h1><span style=\"font-size: 18.0pt; font-family: \'Calibri Light\',sans-serif; mso-ascii-theme-font: major-latin; mso-hansi-theme-font: major-latin; mso-bidi-theme-font: major-latin;\">&nbsp;</span></h1><h1><span style=\"font-size: 18.0pt; font-family: \'Calibri Light\',sans-serif; mso-ascii-theme-font: major-latin; mso-hansi-theme-font: major-latin; mso-bidi-theme-font: major-latin;\">Uses:- </span><span style=\"font-size: 18.0pt; font-family: \'Calibri Light\',sans-serif; mso-ascii-theme-font: major-latin; mso-hansi-theme-font: major-latin; mso-bidi-theme-font: major-latin; color: black; font-weight: normal;\">For Event and Party Supplies, food packaging Box etc..,</span></h1>',NULL),(66,66,'en','3 Compartments Meal tray (100 pc pack)','<p class=\"MsoNormal\" style=\"margin-bottom: .0001pt;\"><strong><span style=\"font-size: 16.5pt; line-height: 107%; font-family: \'Arial\',sans-serif; mso-fareast-font-family: \'Times New Roman\'; color: black; mso-font-kerning: 18.0pt; mso-bidi-language: HI;\">3 Compartments Meal tray size (220x175x40)mm</span></strong></p><p class=\"MsoNormal\" style=\"margin-bottom: .0001pt;\"><strong><span style=\"font-size: 16.5pt; line-height: 107%; font-family: \'Arial\',sans-serif; mso-fareast-font-family: \'Times New Roman\'; color: black; mso-font-kerning: 18.0pt; mso-bidi-language: HI;\">&nbsp;</span></strong></p><p class=\"MsoNormal\" style=\"margin-bottom: .0001pt;\"><span style=\"font-size: 18.0pt; line-height: 107%; font-family: \'Calibri Light\',sans-serif; mso-ascii-theme-font: major-latin; mso-hansi-theme-font: major-latin; mso-bidi-theme-font: major-latin; background: white;\">The meal trays are one of the most popular types of packaging for meals. They are used for the fresh takeaway with a clear lid or for ready meals that are sealed with a sealing machine. Our meal trays are robust and shape-retaining. They can also be used in the oven up to 120 degrees, in the microwave, steamer and on contact heat plates. The perfect solution for your meals!</span></p><p class=\"MsoNormal\" style=\"margin-bottom: .0001pt;\"><span style=\"font-size: 18.0pt; line-height: 107%; font-family: \'Calibri Light\',sans-serif; mso-ascii-theme-font: major-latin; mso-hansi-theme-font: major-latin; mso-bidi-theme-font: major-latin; background: white;\">&nbsp;</span></p><table class=\"MsoTableGrid\" style=\"width: 344.25pt; border-collapse: collapse; border: none; mso-border-alt: solid windowtext .5pt; mso-yfti-tbllook: 1184; mso-table-lspace: 9.0pt; margin-left: 6.75pt; mso-table-rspace: 9.0pt; margin-right: 6.75pt; mso-table-anchor-vertical: paragraph; mso-table-anchor-horizontal: margin; mso-table-left: left; mso-table-top: 2.05pt; mso-padding-alt: 0in 5.4pt 0in 5.4pt;\" border=\"1\" width=\"0\" cellspacing=\"0\" cellpadding=\"0\" align=\"left\"><tbody><tr style=\"mso-yfti-irow: 0; mso-yfti-firstrow: yes; height: 25.7pt;\"><td style=\"width: 81.8pt; border: solid windowtext 1.0pt; mso-border-alt: solid windowtext .5pt; padding: 0in 5.4pt 0in 5.4pt; height: 25.7pt;\" valign=\"top\" width=\"109\"><h1 style=\"text-align: center; mso-outline-level: 1; mso-element: frame; mso-element-frame-hspace: 9.0pt; mso-element-wrap: around; mso-element-anchor-vertical: paragraph; mso-element-anchor-horizontal: margin; mso-element-top: 2.05pt; mso-height-rule: exactly;\" align=\"center\"><span class=\"TitleChar\"><span style=\"font-size: 20.0pt; color: black; mso-themecolor: text1; mso-style-textoutline-type: none; mso-style-textoutline-outlinestyle-dpiwidth: 0pt; mso-style-textoutline-outlinestyle-linecap: flat; mso-style-textoutline-outlinestyle-join: round; mso-style-textoutline-outlinestyle-pctmiterlimit: 0%; mso-style-textoutline-outlinestyle-dash: solid; mso-style-textoutline-outlinestyle-align: center; mso-style-textoutline-outlinestyle-compound: simple; mso-effects-shadow-color: black; mso-effects-shadow-themecolor: dark1; mso-effects-shadow-alpha: 40.0%; mso-effects-shadow-dpiradius: 3.0pt; mso-effects-shadow-dpidistance: 1.5pt; mso-effects-shadow-angledirection: 2700000; mso-effects-shadow-align: topleft; mso-effects-shadow-pctsx: 100.0%; mso-effects-shadow-pctsy: 100.0%; mso-effects-shadow-anglekx: 0; mso-effects-shadow-angleky: 0; font-weight: normal; mso-bidi-font-weight: bold;\">Height</span></span></h1></td><td style=\"width: 77.45pt; border: solid windowtext 1.0pt; border-left: none; mso-border-left-alt: solid windowtext .5pt; mso-border-alt: solid windowtext .5pt; padding: 0in 5.4pt 0in 5.4pt; height: 25.7pt;\" valign=\"top\" width=\"103\"><h1 style=\"text-align: center; mso-outline-level: 1; mso-element: frame; mso-element-frame-hspace: 9.0pt; mso-element-wrap: around; mso-element-anchor-vertical: paragraph; mso-element-anchor-horizontal: margin; mso-element-top: 2.05pt; mso-height-rule: exactly;\" align=\"center\"><span class=\"TitleChar\"><span style=\"font-size: 20.0pt; color: black; mso-themecolor: text1; mso-style-textoutline-type: none; mso-style-textoutline-outlinestyle-dpiwidth: 0pt; mso-style-textoutline-outlinestyle-linecap: flat; mso-style-textoutline-outlinestyle-join: round; mso-style-textoutline-outlinestyle-pctmiterlimit: 0%; mso-style-textoutline-outlinestyle-dash: solid; mso-style-textoutline-outlinestyle-align: center; mso-style-textoutline-outlinestyle-compound: simple; mso-effects-shadow-color: black; mso-effects-shadow-themecolor: dark1; mso-effects-shadow-alpha: 40.0%; mso-effects-shadow-dpiradius: 3.0pt; mso-effects-shadow-dpidistance: 1.5pt; mso-effects-shadow-angledirection: 2700000; mso-effects-shadow-align: topleft; mso-effects-shadow-pctsx: 100.0%; mso-effects-shadow-pctsy: 100.0%; mso-effects-shadow-anglekx: 0; mso-effects-shadow-angleky: 0; font-weight: normal; mso-bidi-font-weight: bold;\">Width</span></span></h1></td><td style=\"width: 84.25pt; border: solid windowtext 1.0pt; border-left: none; mso-border-left-alt: solid windowtext .5pt; mso-border-alt: solid windowtext .5pt; padding: 0in 5.4pt 0in 5.4pt; height: 25.7pt;\" valign=\"top\" width=\"112\"><h1 style=\"text-align: center; mso-outline-level: 1; mso-element: frame; mso-element-frame-hspace: 9.0pt; mso-element-wrap: around; mso-element-anchor-vertical: paragraph; mso-element-anchor-horizontal: margin; mso-element-top: 2.05pt; mso-height-rule: exactly;\" align=\"center\"><span class=\"TitleChar\"><span style=\"font-size: 20.0pt; color: black; mso-themecolor: text1; mso-style-textoutline-type: none; mso-style-textoutline-outlinestyle-dpiwidth: 0pt; mso-style-textoutline-outlinestyle-linecap: flat; mso-style-textoutline-outlinestyle-join: round; mso-style-textoutline-outlinestyle-pctmiterlimit: 0%; mso-style-textoutline-outlinestyle-dash: solid; mso-style-textoutline-outlinestyle-align: center; mso-style-textoutline-outlinestyle-compound: simple; mso-effects-shadow-color: black; mso-effects-shadow-themecolor: dark1; mso-effects-shadow-alpha: 40.0%; mso-effects-shadow-dpiradius: 3.0pt; mso-effects-shadow-dpidistance: 1.5pt; mso-effects-shadow-angledirection: 2700000; mso-effects-shadow-align: topleft; mso-effects-shadow-pctsx: 100.0%; mso-effects-shadow-pctsy: 100.0%; mso-effects-shadow-anglekx: 0; mso-effects-shadow-angleky: 0; font-weight: normal; mso-bidi-font-weight: bold;\">Length</span></span></h1></td><td style=\"width: 100.75pt; border: solid windowtext 1.0pt; border-left: none; mso-border-left-alt: solid windowtext .5pt; mso-border-alt: solid windowtext .5pt; padding: 0in 5.4pt 0in 5.4pt; height: 25.7pt;\" valign=\"top\" width=\"134\"><h1 style=\"text-align: center; mso-outline-level: 1; mso-element: frame; mso-element-frame-hspace: 9.0pt; mso-element-wrap: around; mso-element-anchor-vertical: paragraph; mso-element-anchor-horizontal: margin; mso-element-top: 2.05pt; mso-height-rule: exactly;\" align=\"center\"><span class=\"TitleChar\"><span style=\"font-size: 20.0pt; color: black; mso-themecolor: text1; letter-spacing: 0pt; mso-style-textoutline-type: none; mso-style-textoutline-outlinestyle-dpiwidth: 0pt; mso-style-textoutline-outlinestyle-linecap: flat; mso-style-textoutline-outlinestyle-join: round; mso-style-textoutline-outlinestyle-pctmiterlimit: 0%; mso-style-textoutline-outlinestyle-dash: solid; mso-style-textoutline-outlinestyle-align: center; mso-style-textoutline-outlinestyle-compound: simple; mso-effects-shadow-color: black; mso-effects-shadow-themecolor: dark1; mso-effects-shadow-alpha: 40.0%; mso-effects-shadow-dpiradius: 3.0pt; mso-effects-shadow-dpidistance: 1.5pt; mso-effects-shadow-angledirection: 2700000; mso-effects-shadow-align: topleft; mso-effects-shadow-pctsx: 100.0%; mso-effects-shadow-pctsy: 100.0%; mso-effects-shadow-anglekx: 0; mso-effects-shadow-angleky: 0; font-weight: normal; mso-bidi-font-weight: bold;\">Color</span></span></h1></td></tr><tr style=\"mso-yfti-irow: 1; mso-yfti-lastrow: yes; height: 25.7pt;\"><td style=\"width: 81.8pt; border: solid windowtext 1.0pt; border-top: none; mso-border-top-alt: solid windowtext .5pt; mso-border-alt: solid windowtext .5pt; padding: 0in 5.4pt 0in 5.4pt; height: 25.7pt;\" valign=\"top\" width=\"109\"><h1 style=\"text-align: center; mso-outline-level: 1; mso-element: frame; mso-element-frame-hspace: 9.0pt; mso-element-wrap: around; mso-element-anchor-vertical: paragraph; mso-element-anchor-horizontal: margin; mso-element-top: 2.05pt; mso-height-rule: exactly;\" align=\"center\"><span class=\"TitleChar\"><span style=\"font-size: 16.0pt; font-weight: normal;\">40 mm</span></span></h1></td><td style=\"width: 77.45pt; border-top: none; border-left: none; border-bottom: solid windowtext 1.0pt; border-right: solid windowtext 1.0pt; mso-border-top-alt: solid windowtext .5pt; mso-border-left-alt: solid windowtext .5pt; mso-border-alt: solid windowtext .5pt; padding: 0in 5.4pt 0in 5.4pt; height: 25.7pt;\" valign=\"top\" width=\"103\"><h1 style=\"text-align: center; mso-outline-level: 1; mso-element: frame; mso-element-frame-hspace: 9.0pt; mso-element-wrap: around; mso-element-anchor-vertical: paragraph; mso-element-anchor-horizontal: margin; mso-element-top: 2.05pt; mso-height-rule: exactly;\" align=\"center\"><span class=\"TitleChar\"><span style=\"font-size: 16.0pt; font-weight: normal;\">175 mm</span></span></h1></td><td style=\"width: 84.25pt; border-top: none; border-left: none; border-bottom: solid windowtext 1.0pt; border-right: solid windowtext 1.0pt; mso-border-top-alt: solid windowtext .5pt; mso-border-left-alt: solid windowtext .5pt; mso-border-alt: solid windowtext .5pt; padding: 0in 5.4pt 0in 5.4pt; height: 25.7pt;\" valign=\"top\" width=\"112\"><h1 style=\"text-align: center; mso-outline-level: 1; mso-element: frame; mso-element-frame-hspace: 9.0pt; mso-element-wrap: around; mso-element-anchor-vertical: paragraph; mso-element-anchor-horizontal: margin; mso-element-top: 2.05pt; mso-height-rule: exactly;\" align=\"center\"><span class=\"TitleChar\"><span style=\"font-size: 16.0pt; font-weight: normal;\"><span style=\"mso-spacerun: yes;\">&nbsp;</span>220 mm</span></span></h1></td><td style=\"width: 100.75pt; border-top: none; border-left: none; border-bottom: solid windowtext 1.0pt; border-right: solid windowtext 1.0pt; mso-border-top-alt: solid windowtext .5pt; mso-border-left-alt: solid windowtext .5pt; mso-border-alt: solid windowtext .5pt; padding: 0in 5.4pt 0in 5.4pt; height: 25.7pt;\" valign=\"top\" width=\"134\"><h1 style=\"text-align: center; mso-outline-level: 1; mso-element: frame; mso-element-frame-hspace: 9.0pt; mso-element-wrap: around; mso-element-anchor-vertical: paragraph; mso-element-anchor-horizontal: margin; mso-element-top: 2.05pt; mso-height-rule: exactly;\" align=\"center\"><span class=\"TitleChar\"><span style=\"font-size: 16.0pt; font-weight: normal;\">Black</span></span></h1></td></tr></tbody></table><h1><span style=\"font-size: 18.0pt;\">&nbsp;</span></h1><h1><span style=\"font-size: 18.0pt; font-family: \'Calibri Light\',sans-serif; mso-ascii-theme-font: major-latin; mso-hansi-theme-font: major-latin; mso-bidi-theme-font: major-latin;\">&nbsp;</span></h1><h1><span style=\"font-size: 18.0pt; font-family: \'Calibri Light\',sans-serif; mso-ascii-theme-font: major-latin; mso-hansi-theme-font: major-latin; mso-bidi-theme-font: major-latin;\">&nbsp;</span></h1><h1><span style=\"font-size: 18.0pt; font-family: \'Calibri Light\',sans-serif; mso-ascii-theme-font: major-latin; mso-hansi-theme-font: major-latin; mso-bidi-theme-font: major-latin;\">Uses:- </span><span style=\"font-size: 18.0pt; font-family: \'Calibri Light\',sans-serif; mso-ascii-theme-font: major-latin; mso-hansi-theme-font: major-latin; mso-bidi-theme-font: major-latin; color: black; font-weight: normal;\">For Event and Party Supplies, food packaging Box etc..,</span></h1>',NULL),(67,67,'en','1200 ml Disposable Plastic Food Container (100 pc pack)','<p class=\"MsoNormal\" style=\"margin-bottom: .0001pt;\"><strong><span style=\"font-size: 16.5pt; line-height: 107%; font-family: \'Arial\',sans-serif; mso-fareast-font-family: \'Times New Roman\'; color: black; mso-font-kerning: 18.0pt; mso-bidi-language: HI;\">1200 ml Disposable Plastic Food Container,</span></strong></p><p class=\"MsoNormal\" style=\"margin-bottom: .0001pt;\"><strong><span style=\"font-size: 16.5pt; line-height: 107%; font-family: \'Arial\',sans-serif; mso-fareast-font-family: \'Times New Roman\'; color: black; mso-font-kerning: 18.0pt; mso-bidi-language: HI;\">&nbsp;</span></strong></p><p class=\"MsoNormal\" style=\"margin-bottom: .0001pt;\"><span style=\"font-size: 18.0pt; line-height: 107%; font-family: \'Calibri Light\',sans-serif; mso-ascii-theme-font: major-latin; mso-hansi-theme-font: major-latin; mso-bidi-theme-font: major-latin; background: white;\">The 500ml Round Container is convenient, economical, disposable, recyclable and efficient. What more do you need than this perfect food packaging solution? Use these at home, work, catering business, storage and a lot more. Food and beverage manufacturers constantly look for ways to simplify their food delivery and at the same time need to ensure that their food product is well-preserved using appropriate packaging till the point of sale. You can also personalize them and add your own brand message so that you can attract more customers. Since most people are on the run nowadays, it is important to have high-quality food containers so you can store food safely. The packaging of this container offers strength and durability. These containers are cheaper and they don&rsquo;t weigh as much so it is easier to carry them to any place.</span></p><p class=\"MsoNormal\" style=\"margin-bottom: .0001pt;\"><span style=\"font-size: 18.0pt; line-height: 107%; font-family: \'Calibri Light\',sans-serif; mso-ascii-theme-font: major-latin; mso-hansi-theme-font: major-latin; mso-bidi-theme-font: major-latin; background: white;\">&nbsp;</span></p><table class=\"MsoTableGrid\" style=\"width: 344.25pt; border-collapse: collapse; border: none; mso-border-alt: solid windowtext .5pt; mso-yfti-tbllook: 1184; mso-table-lspace: 9.0pt; margin-left: 6.75pt; mso-table-rspace: 9.0pt; margin-right: 6.75pt; mso-table-anchor-vertical: paragraph; mso-table-anchor-horizontal: margin; mso-table-left: left; mso-table-top: 2.05pt; mso-padding-alt: 0in 5.4pt 0in 5.4pt;\" border=\"1\" width=\"0\" cellspacing=\"0\" cellpadding=\"0\" align=\"left\"><tbody><tr style=\"mso-yfti-irow: 0; mso-yfti-firstrow: yes; height: 25.7pt;\"><td style=\"width: 81.8pt; border: solid windowtext 1.0pt; mso-border-alt: solid windowtext .5pt; padding: 0in 5.4pt 0in 5.4pt; height: 25.7pt;\" valign=\"top\" width=\"109\"><h1 style=\"text-align: center; mso-outline-level: 1; mso-element: frame; mso-element-frame-hspace: 9.0pt; mso-element-wrap: around; mso-element-anchor-vertical: paragraph; mso-element-anchor-horizontal: margin; mso-element-top: 2.05pt; mso-height-rule: exactly;\" align=\"center\"><span class=\"TitleChar\"><span style=\"font-size: 20.0pt; color: black; mso-themecolor: text1; mso-style-textoutline-type: none; mso-style-textoutline-outlinestyle-dpiwidth: 0pt; mso-style-textoutline-outlinestyle-linecap: flat; mso-style-textoutline-outlinestyle-join: round; mso-style-textoutline-outlinestyle-pctmiterlimit: 0%; mso-style-textoutline-outlinestyle-dash: solid; mso-style-textoutline-outlinestyle-align: center; mso-style-textoutline-outlinestyle-compound: simple; mso-effects-shadow-color: black; mso-effects-shadow-themecolor: dark1; mso-effects-shadow-alpha: 40.0%; mso-effects-shadow-dpiradius: 3.0pt; mso-effects-shadow-dpidistance: 1.5pt; mso-effects-shadow-angledirection: 2700000; mso-effects-shadow-align: topleft; mso-effects-shadow-pctsx: 100.0%; mso-effects-shadow-pctsy: 100.0%; mso-effects-shadow-anglekx: 0; mso-effects-shadow-angleky: 0; font-weight: normal; mso-bidi-font-weight: bold;\">Top</span></span></h1></td><td style=\"width: 77.45pt; border: solid windowtext 1.0pt; border-left: none; mso-border-left-alt: solid windowtext .5pt; mso-border-alt: solid windowtext .5pt; padding: 0in 5.4pt 0in 5.4pt; height: 25.7pt;\" valign=\"top\" width=\"103\"><h1 style=\"text-align: center; mso-outline-level: 1; mso-element: frame; mso-element-frame-hspace: 9.0pt; mso-element-wrap: around; mso-element-anchor-vertical: paragraph; mso-element-anchor-horizontal: margin; mso-element-top: 2.05pt; mso-height-rule: exactly;\" align=\"center\"><span class=\"TitleChar\"><span style=\"font-size: 20.0pt; color: black; mso-themecolor: text1; mso-style-textoutline-type: none; mso-style-textoutline-outlinestyle-dpiwidth: 0pt; mso-style-textoutline-outlinestyle-linecap: flat; mso-style-textoutline-outlinestyle-join: round; mso-style-textoutline-outlinestyle-pctmiterlimit: 0%; mso-style-textoutline-outlinestyle-dash: solid; mso-style-textoutline-outlinestyle-align: center; mso-style-textoutline-outlinestyle-compound: simple; mso-effects-shadow-color: black; mso-effects-shadow-themecolor: dark1; mso-effects-shadow-alpha: 40.0%; mso-effects-shadow-dpiradius: 3.0pt; mso-effects-shadow-dpidistance: 1.5pt; mso-effects-shadow-angledirection: 2700000; mso-effects-shadow-align: topleft; mso-effects-shadow-pctsx: 100.0%; mso-effects-shadow-pctsy: 100.0%; mso-effects-shadow-anglekx: 0; mso-effects-shadow-angleky: 0; font-weight: normal; mso-bidi-font-weight: bold;\">Bottom</span></span></h1></td><td style=\"width: 84.25pt; border: solid windowtext 1.0pt; border-left: none; mso-border-left-alt: solid windowtext .5pt; mso-border-alt: solid windowtext .5pt; padding: 0in 5.4pt 0in 5.4pt; height: 25.7pt;\" valign=\"top\" width=\"112\"><h1 style=\"text-align: center; mso-outline-level: 1; mso-element: frame; mso-element-frame-hspace: 9.0pt; mso-element-wrap: around; mso-element-anchor-vertical: paragraph; mso-element-anchor-horizontal: margin; mso-element-top: 2.05pt; mso-height-rule: exactly;\" align=\"center\"><span class=\"TitleChar\"><span style=\"font-size: 20.0pt; color: black; mso-themecolor: text1; mso-style-textoutline-type: none; mso-style-textoutline-outlinestyle-dpiwidth: 0pt; mso-style-textoutline-outlinestyle-linecap: flat; mso-style-textoutline-outlinestyle-join: round; mso-style-textoutline-outlinestyle-pctmiterlimit: 0%; mso-style-textoutline-outlinestyle-dash: solid; mso-style-textoutline-outlinestyle-align: center; mso-style-textoutline-outlinestyle-compound: simple; mso-effects-shadow-color: black; mso-effects-shadow-themecolor: dark1; mso-effects-shadow-alpha: 40.0%; mso-effects-shadow-dpiradius: 3.0pt; mso-effects-shadow-dpidistance: 1.5pt; mso-effects-shadow-angledirection: 2700000; mso-effects-shadow-align: topleft; mso-effects-shadow-pctsx: 100.0%; mso-effects-shadow-pctsy: 100.0%; mso-effects-shadow-anglekx: 0; mso-effects-shadow-angleky: 0; font-weight: normal; mso-bidi-font-weight: bold;\">Height</span></span></h1></td><td style=\"width: 100.75pt; border: solid windowtext 1.0pt; border-left: none; mso-border-left-alt: solid windowtext .5pt; mso-border-alt: solid windowtext .5pt; padding: 0in 5.4pt 0in 5.4pt; height: 25.7pt;\" valign=\"top\" width=\"134\"><h1 style=\"text-align: center; mso-outline-level: 1; mso-element: frame; mso-element-frame-hspace: 9.0pt; mso-element-wrap: around; mso-element-anchor-vertical: paragraph; mso-element-anchor-horizontal: margin; mso-element-top: 2.05pt; mso-height-rule: exactly;\" align=\"center\"><span class=\"TitleChar\"><span style=\"font-size: 20.0pt; color: black; mso-themecolor: text1; letter-spacing: 0pt; mso-style-textoutline-type: none; mso-style-textoutline-outlinestyle-dpiwidth: 0pt; mso-style-textoutline-outlinestyle-linecap: flat; mso-style-textoutline-outlinestyle-join: round; mso-style-textoutline-outlinestyle-pctmiterlimit: 0%; mso-style-textoutline-outlinestyle-dash: solid; mso-style-textoutline-outlinestyle-align: center; mso-style-textoutline-outlinestyle-compound: simple; mso-effects-shadow-color: black; mso-effects-shadow-themecolor: dark1; mso-effects-shadow-alpha: 40.0%; mso-effects-shadow-dpiradius: 3.0pt; mso-effects-shadow-dpidistance: 1.5pt; mso-effects-shadow-angledirection: 2700000; mso-effects-shadow-align: topleft; mso-effects-shadow-pctsx: 100.0%; mso-effects-shadow-pctsy: 100.0%; mso-effects-shadow-anglekx: 0; mso-effects-shadow-angleky: 0; font-weight: normal; mso-bidi-font-weight: bold;\">Color</span></span></h1></td></tr><tr style=\"mso-yfti-irow: 1; mso-yfti-lastrow: yes; height: 25.7pt;\"><td style=\"width: 81.8pt; border: solid windowtext 1.0pt; border-top: none; mso-border-top-alt: solid windowtext .5pt; mso-border-alt: solid windowtext .5pt; padding: 0in 5.4pt 0in 5.4pt; height: 25.7pt;\" valign=\"top\" width=\"109\"><h1 style=\"text-align: center; mso-outline-level: 1; mso-element: frame; mso-element-frame-hspace: 9.0pt; mso-element-wrap: around; mso-element-anchor-vertical: paragraph; mso-element-anchor-horizontal: margin; mso-element-top: 2.05pt; mso-height-rule: exactly;\" align=\"center\"><span class=\"TitleChar\"><span style=\"font-size: 16.0pt; font-weight: normal;\">115 mm</span></span></h1></td><td style=\"width: 77.45pt; border-top: none; border-left: none; border-bottom: solid windowtext 1.0pt; border-right: solid windowtext 1.0pt; mso-border-top-alt: solid windowtext .5pt; mso-border-left-alt: solid windowtext .5pt; mso-border-alt: solid windowtext .5pt; padding: 0in 5.4pt 0in 5.4pt; height: 25.7pt;\" valign=\"top\" width=\"103\"><h1 style=\"text-align: center; mso-outline-level: 1; mso-element: frame; mso-element-frame-hspace: 9.0pt; mso-element-wrap: around; mso-element-anchor-vertical: paragraph; mso-element-anchor-horizontal: margin; mso-element-top: 2.05pt; mso-height-rule: exactly;\" align=\"center\"><span class=\"TitleChar\"><span style=\"font-size: 16.0pt; font-weight: normal;\">65 mm</span></span></h1></td><td style=\"width: 84.25pt; border-top: none; border-left: none; border-bottom: solid windowtext 1.0pt; border-right: solid windowtext 1.0pt; mso-border-top-alt: solid windowtext .5pt; mso-border-left-alt: solid windowtext .5pt; mso-border-alt: solid windowtext .5pt; padding: 0in 5.4pt 0in 5.4pt; height: 25.7pt;\" valign=\"top\" width=\"112\"><h1 style=\"text-align: center; mso-outline-level: 1; mso-element: frame; mso-element-frame-hspace: 9.0pt; mso-element-wrap: around; mso-element-anchor-vertical: paragraph; mso-element-anchor-horizontal: margin; mso-element-top: 2.05pt; mso-height-rule: exactly;\" align=\"center\"><span class=\"TitleChar\"><span style=\"font-size: 16.0pt; font-weight: normal;\"><span style=\"mso-spacerun: yes;\">&nbsp;</span>70 mm</span></span></h1></td><td style=\"width: 100.75pt; border-top: none; border-left: none; border-bottom: solid windowtext 1.0pt; border-right: solid windowtext 1.0pt; mso-border-top-alt: solid windowtext .5pt; mso-border-left-alt: solid windowtext .5pt; mso-border-alt: solid windowtext .5pt; padding: 0in 5.4pt 0in 5.4pt; height: 25.7pt;\" valign=\"top\" width=\"134\"><h1 style=\"text-align: center; mso-outline-level: 1; mso-element: frame; mso-element-frame-hspace: 9.0pt; mso-element-wrap: around; mso-element-anchor-vertical: paragraph; mso-element-anchor-horizontal: margin; mso-element-top: 2.05pt; mso-height-rule: exactly;\" align=\"center\"><span class=\"TitleChar\"><span style=\"font-size: 16.0pt; font-weight: normal;\">Black</span></span></h1></td></tr></tbody></table><h1><span style=\"font-size: 18.0pt;\">&nbsp;</span></h1><h1><span style=\"font-size: 18.0pt; font-family: \'Calibri Light\',sans-serif; mso-ascii-theme-font: major-latin; mso-hansi-theme-font: major-latin; mso-bidi-theme-font: major-latin;\">&nbsp;</span></h1><h1 style=\"mso-collapsed-heading: yes;\"><span style=\"font-size: 18.0pt; font-family: \'Calibri Light\',sans-serif; mso-ascii-theme-font: major-latin; mso-hansi-theme-font: major-latin; mso-bidi-theme-font: major-latin;\">&nbsp;</span></h1><h1><span style=\"font-size: 18.0pt; font-family: \'Calibri Light\',sans-serif; mso-ascii-theme-font: major-latin; mso-hansi-theme-font: major-latin; mso-bidi-theme-font: major-latin;\">Uses:- </span><span style=\"font-size: 18.0pt; font-family: \'Calibri Light\',sans-serif; mso-ascii-theme-font: major-latin; mso-hansi-theme-font: major-latin; mso-bidi-theme-font: major-latin; color: black; font-weight: normal;\">For Event and Party Supplies, food packaging Box etc..,</span></h1>',NULL),(68,68,'en','750 ml  Round Container(100 pc Pack)','<p class=\"MsoNormal\" style=\"margin-bottom: .0001pt;\"><strong><span style=\"font-size: 16.5pt; line-height: 107%; font-family: Arial, sans-serif;\">750 ml Round Container</span></strong></p><p class=\"MsoNormal\" style=\"margin-bottom: .0001pt;\"><strong><span style=\"font-size: 16.5pt; line-height: 107%; font-family: Arial, sans-serif;\">&nbsp;</span></strong></p><p class=\"MsoNormal\" style=\"margin-bottom: .0001pt;\"><span lang=\"EN\" style=\"font-size: 18.0pt; line-height: 107%; font-family: \'Calibri Light\',sans-serif; mso-ascii-theme-font: major-latin; mso-hansi-theme-font: major-latin; mso-bidi-theme-font: major-latin; background: white; mso-ansi-language: EN;\">The 750ml Round Container is convenient, economical, disposable, recyclable and efficient. What more do you need than this perfect food packaging solution? Use these at home, work, catering business, storage and a lot more. Food and beverage manufacturers constantly look for ways to simplify their food delivery and at the same time need to ensure that their food product is well-preserved using appropriate packaging till the point of sale. You can also personalize them and add your own brand message so that you can attract more customers. Since most people are on the run nowadays, it is important to have high-quality food containers so you can store food safely. The packaging of this container offers strength and durability. These containers are cheaper and they don&rsquo;t weigh as much so it is easier to carry them to any place.</span></p><p class=\"MsoNormal\" style=\"margin-bottom: .0001pt;\"><span style=\"font-size: 18.0pt; line-height: 107%; font-family: \'Calibri Light\',sans-serif; mso-ascii-theme-font: major-latin; mso-hansi-theme-font: major-latin; mso-bidi-theme-font: major-latin; background: white;\">Dimensions:</span></p><p class=\"MsoNormal\" style=\"margin-bottom: .0001pt;\"><span style=\"font-size: 18.0pt; line-height: 107%; font-family: \'Calibri Light\',sans-serif; mso-ascii-theme-font: major-latin; mso-hansi-theme-font: major-latin; mso-bidi-theme-font: major-latin; background: white;\">&nbsp;</span></p><table class=\"MsoTableGrid\" style=\"width: 344.25pt; border: none; margin-left: 6.75pt; margin-right: 6.75pt;\" border=\"1\" width=\"0\" cellspacing=\"0\" cellpadding=\"0\" align=\"left\"><tbody><tr style=\"mso-yfti-irow: 0; mso-yfti-firstrow: yes; height: 25.7pt;\"><td style=\"width: 81.8pt; border-width: 1pt; border-color: windowtext; border-image: initial; padding: 0in 5.4pt; height: 25.7pt;\" valign=\"top\" width=\"109\"><h1 style=\"text-align: center; mso-outline-level: 1; mso-element: frame; mso-element-frame-hspace: 9.0pt; mso-element-wrap: around; mso-element-anchor-vertical: paragraph; mso-element-anchor-horizontal: margin; mso-element-top: 2.05pt; mso-height-rule: exactly;\" align=\"center\"><span class=\"TitleChar\"><span style=\"font-size: 20pt; font-weight: normal;\">Top</span></span></h1></td><td style=\"width: 77.45pt; border-top-width: 1pt; border-right-width: 1pt; border-bottom-width: 1pt; border-top-color: windowtext; border-right-color: windowtext; border-bottom-color: windowtext; border-image: initial; border-left: none; padding: 0in 5.4pt; height: 25.7pt;\" valign=\"top\" width=\"103\"><h1 style=\"text-align: center; mso-outline-level: 1; mso-element: frame; mso-element-frame-hspace: 9.0pt; mso-element-wrap: around; mso-element-anchor-vertical: paragraph; mso-element-anchor-horizontal: margin; mso-element-top: 2.05pt; mso-height-rule: exactly;\" align=\"center\"><span class=\"TitleChar\"><span style=\"font-size: 20pt; font-weight: normal;\">Bottom</span></span></h1></td><td style=\"width: 84.25pt; border-top-width: 1pt; border-right-width: 1pt; border-bottom-width: 1pt; border-top-color: windowtext; border-right-color: windowtext; border-bottom-color: windowtext; border-image: initial; border-left: none; padding: 0in 5.4pt; height: 25.7pt;\" valign=\"top\" width=\"112\"><h1 style=\"text-align: center; mso-outline-level: 1; mso-element: frame; mso-element-frame-hspace: 9.0pt; mso-element-wrap: around; mso-element-anchor-vertical: paragraph; mso-element-anchor-horizontal: margin; mso-element-top: 2.05pt; mso-height-rule: exactly;\" align=\"center\"><span class=\"TitleChar\"><span style=\"font-size: 20pt; font-weight: normal;\">Height</span></span></h1></td><td style=\"width: 100.75pt; border-top-width: 1pt; border-right-width: 1pt; border-bottom-width: 1pt; border-top-color: windowtext; border-right-color: windowtext; border-bottom-color: windowtext; border-image: initial; border-left: none; padding: 0in 5.4pt; height: 25.7pt;\" valign=\"top\" width=\"134\"><h1 style=\"text-align: center; mso-outline-level: 1; mso-element: frame; mso-element-frame-hspace: 9.0pt; mso-element-wrap: around; mso-element-anchor-vertical: paragraph; mso-element-anchor-horizontal: margin; mso-element-top: 2.05pt; mso-height-rule: exactly;\" align=\"center\"><span class=\"TitleChar\"><span style=\"font-size: 20pt; letter-spacing: 0pt; font-weight: normal;\">Color</span></span></h1></td></tr><tr style=\"mso-yfti-irow: 1; mso-yfti-lastrow: yes; height: 25.7pt;\"><td style=\"width: 81.8pt; border-right-width: 1pt; border-bottom-width: 1pt; border-left-width: 1pt; border-right-color: windowtext; border-bottom-color: windowtext; border-left-color: windowtext; border-image: initial; border-top: none; padding: 0in 5.4pt; height: 25.7pt;\" valign=\"top\" width=\"109\"><h1 style=\"text-align: center; mso-outline-level: 1; mso-element: frame; mso-element-frame-hspace: 9.0pt; mso-element-wrap: around; mso-element-anchor-vertical: paragraph; mso-element-anchor-horizontal: margin; mso-element-top: 2.05pt; mso-height-rule: exactly;\" align=\"center\"><span class=\"TitleChar\"><span style=\"font-size: 16.0pt; font-weight: normal;\">119 mm</span></span></h1></td><td style=\"width: 77.45pt; border-top: none; border-left: none; border-bottom-width: 1pt; border-bottom-color: windowtext; border-right-width: 1pt; border-right-color: windowtext; padding: 0in 5.4pt; height: 25.7pt;\" valign=\"top\" width=\"103\"><h1 style=\"text-align: center; mso-outline-level: 1; mso-element: frame; mso-element-frame-hspace: 9.0pt; mso-element-wrap: around; mso-element-anchor-vertical: paragraph; mso-element-anchor-horizontal: margin; mso-element-top: 2.05pt; mso-height-rule: exactly;\" align=\"center\"><span class=\"TitleChar\"><span style=\"font-size: 16.0pt; font-weight: normal;\">83 mm</span></span></h1></td><td style=\"width: 84.25pt; border-top: none; border-left: none; border-bottom-width: 1pt; border-bottom-color: windowtext; border-right-width: 1pt; border-right-color: windowtext; padding: 0in 5.4pt; height: 25.7pt;\" valign=\"top\" width=\"112\"><h1 style=\"text-align: center; mso-outline-level: 1; mso-element: frame; mso-element-frame-hspace: 9.0pt; mso-element-wrap: around; mso-element-anchor-vertical: paragraph; mso-element-anchor-horizontal: margin; mso-element-top: 2.05pt; mso-height-rule: exactly;\" align=\"center\"><span class=\"TitleChar\"><span style=\"font-size: 16.0pt; font-weight: normal;\">&nbsp;104 mm</span></span></h1></td><td style=\"width: 100.75pt; border-top: none; border-left: none; border-bottom-width: 1pt; border-bottom-color: windowtext; border-right-width: 1pt; border-right-color: windowtext; padding: 0in 5.4pt; height: 25.7pt;\" valign=\"top\" width=\"134\"><h1 style=\"text-align: center; mso-outline-level: 1; mso-element: frame; mso-element-frame-hspace: 9.0pt; mso-element-wrap: around; mso-element-anchor-vertical: paragraph; mso-element-anchor-horizontal: margin; mso-element-top: 2.05pt; mso-height-rule: exactly;\" align=\"center\"><span class=\"TitleChar\"><span style=\"font-size: 16.0pt; font-weight: normal;\">Black</span></span></h1></td></tr></tbody></table><h1><span style=\"font-size: 18.0pt;\">&nbsp;</span></h1><h1><span style=\"font-size: 18.0pt; font-family: \'Calibri Light\',sans-serif; mso-ascii-theme-font: major-latin; mso-hansi-theme-font: major-latin; mso-bidi-theme-font: major-latin;\">&nbsp;</span></h1><h1><span style=\"font-size: 18.0pt; font-family: \'Calibri Light\',sans-serif; mso-ascii-theme-font: major-latin; mso-hansi-theme-font: major-latin; mso-bidi-theme-font: major-latin;\">&nbsp;</span></h1><p><span style=\"font-size: 18.0pt; line-height: 107%; font-family: \'Calibri Light\',sans-serif; mso-ascii-theme-font: major-latin; mso-fareast-font-family: Calibri; mso-fareast-theme-font: minor-latin; mso-hansi-theme-font: major-latin; mso-bidi-theme-font: major-latin; mso-ansi-language: EN-US; mso-fareast-language: EN-US; mso-bidi-language: AR-SA;\">Uses:- <strong>For Event and Party Supplies, food packaging Box and more..</strong></span><strong><span style=\"font-size: 18pt; line-height: 107%; font-family: \'Calibri Light\', sans-serif;\">..</span></strong></p>',NULL),(69,69,'en','500 Ml Round  Container (100 pc pack)','<p class=\"MsoNormal\" style=\"margin-bottom: .0001pt;\"><strong><span style=\"font-size: 16.5pt; line-height: 107%; font-family: \'Arial\',sans-serif; mso-fareast-font-family: \'Times New Roman\'; color: black; mso-font-kerning: 18.0pt; mso-bidi-language: HI;\">500ml Round Container.</span></strong></p><p class=\"MsoNormal\" style=\"margin-bottom: .0001pt;\"><strong><span style=\"font-size: 16.5pt; line-height: 107%; font-family: \'Arial\',sans-serif; mso-fareast-font-family: \'Times New Roman\'; color: black; mso-font-kerning: 18.0pt; mso-bidi-language: HI;\">&nbsp;</span></strong></p><p class=\"MsoNormal\" style=\"margin-bottom: .0001pt;\"><span style=\"font-size: 18.0pt; line-height: 107%; font-family: \'Calibri Light\',sans-serif; mso-ascii-theme-font: major-latin; mso-hansi-theme-font: major-latin; mso-bidi-theme-font: major-latin; background: white;\">The 500ml Round Container is convenient, economical, disposable, recyclable and efficient. What more do you need than this perfect food packaging solution? Use these at home, work, catering business, storage and a lot more. Food and beverage manufacturers constantly look for ways to simplify their food delivery and at the same time need to ensure that their food product is well-preserved using appropriate packaging till the point of sale. You can also personalize them and add your own brand message so that you can attract more customers. Since most people are on the run nowadays, it is important to have high-quality food containers so you can store food safely. The packaging of this container offers strength and durability. These containers are cheaper and they don&rsquo;t weigh as much so it is easier to carry them to any place.</span></p><p class=\"MsoNormal\" style=\"margin-bottom: .0001pt;\"><span style=\"font-size: 18.0pt; line-height: 107%; font-family: \'Calibri Light\',sans-serif; mso-ascii-theme-font: major-latin; mso-hansi-theme-font: major-latin; mso-bidi-theme-font: major-latin; background: white;\">&nbsp;</span></p><table class=\"MsoTableGrid\" style=\"width: 344.25pt; border-collapse: collapse; border: none; mso-border-alt: solid windowtext .5pt; mso-yfti-tbllook: 1184; mso-table-lspace: 9.0pt; margin-left: 6.75pt; mso-table-rspace: 9.0pt; margin-right: 6.75pt; mso-table-anchor-vertical: paragraph; mso-table-anchor-horizontal: margin; mso-table-left: left; mso-table-top: 2.05pt; mso-padding-alt: 0in 5.4pt 0in 5.4pt;\" border=\"1\" width=\"0\" cellspacing=\"0\" cellpadding=\"0\" align=\"left\"><tbody><tr style=\"mso-yfti-irow: 0; mso-yfti-firstrow: yes; height: 25.7pt;\"><td style=\"width: 81.8pt; border: solid windowtext 1.0pt; mso-border-alt: solid windowtext .5pt; padding: 0in 5.4pt 0in 5.4pt; height: 25.7pt;\" valign=\"top\" width=\"109\"><h1 style=\"text-align: center; mso-outline-level: 1; mso-element: frame; mso-element-frame-hspace: 9.0pt; mso-element-wrap: around; mso-element-anchor-vertical: paragraph; mso-element-anchor-horizontal: margin; mso-element-top: 2.05pt; mso-height-rule: exactly;\" align=\"center\"><span class=\"TitleChar\"><span style=\"font-size: 20.0pt; color: black; mso-themecolor: text1; mso-style-textoutline-type: none; mso-style-textoutline-outlinestyle-dpiwidth: 0pt; mso-style-textoutline-outlinestyle-linecap: flat; mso-style-textoutline-outlinestyle-join: round; mso-style-textoutline-outlinestyle-pctmiterlimit: 0%; mso-style-textoutline-outlinestyle-dash: solid; mso-style-textoutline-outlinestyle-align: center; mso-style-textoutline-outlinestyle-compound: simple; mso-effects-shadow-color: black; mso-effects-shadow-themecolor: dark1; mso-effects-shadow-alpha: 40.0%; mso-effects-shadow-dpiradius: 3.0pt; mso-effects-shadow-dpidistance: 1.5pt; mso-effects-shadow-angledirection: 2700000; mso-effects-shadow-align: topleft; mso-effects-shadow-pctsx: 100.0%; mso-effects-shadow-pctsy: 100.0%; mso-effects-shadow-anglekx: 0; mso-effects-shadow-angleky: 0; font-weight: normal; mso-bidi-font-weight: bold;\">Top</span></span></h1></td><td style=\"width: 77.45pt; border: solid windowtext 1.0pt; border-left: none; mso-border-left-alt: solid windowtext .5pt; mso-border-alt: solid windowtext .5pt; padding: 0in 5.4pt 0in 5.4pt; height: 25.7pt;\" valign=\"top\" width=\"103\"><h1 style=\"text-align: center; mso-outline-level: 1; mso-element: frame; mso-element-frame-hspace: 9.0pt; mso-element-wrap: around; mso-element-anchor-vertical: paragraph; mso-element-anchor-horizontal: margin; mso-element-top: 2.05pt; mso-height-rule: exactly;\" align=\"center\"><span class=\"TitleChar\"><span style=\"font-size: 20.0pt; color: black; mso-themecolor: text1; mso-style-textoutline-type: none; mso-style-textoutline-outlinestyle-dpiwidth: 0pt; mso-style-textoutline-outlinestyle-linecap: flat; mso-style-textoutline-outlinestyle-join: round; mso-style-textoutline-outlinestyle-pctmiterlimit: 0%; mso-style-textoutline-outlinestyle-dash: solid; mso-style-textoutline-outlinestyle-align: center; mso-style-textoutline-outlinestyle-compound: simple; mso-effects-shadow-color: black; mso-effects-shadow-themecolor: dark1; mso-effects-shadow-alpha: 40.0%; mso-effects-shadow-dpiradius: 3.0pt; mso-effects-shadow-dpidistance: 1.5pt; mso-effects-shadow-angledirection: 2700000; mso-effects-shadow-align: topleft; mso-effects-shadow-pctsx: 100.0%; mso-effects-shadow-pctsy: 100.0%; mso-effects-shadow-anglekx: 0; mso-effects-shadow-angleky: 0; font-weight: normal; mso-bidi-font-weight: bold;\">Bottom</span></span></h1></td><td style=\"width: 84.25pt; border: solid windowtext 1.0pt; border-left: none; mso-border-left-alt: solid windowtext .5pt; mso-border-alt: solid windowtext .5pt; padding: 0in 5.4pt 0in 5.4pt; height: 25.7pt;\" valign=\"top\" width=\"112\"><h1 style=\"text-align: center; mso-outline-level: 1; mso-element: frame; mso-element-frame-hspace: 9.0pt; mso-element-wrap: around; mso-element-anchor-vertical: paragraph; mso-element-anchor-horizontal: margin; mso-element-top: 2.05pt; mso-height-rule: exactly;\" align=\"center\"><span class=\"TitleChar\"><span style=\"font-size: 20.0pt; color: black; mso-themecolor: text1; mso-style-textoutline-type: none; mso-style-textoutline-outlinestyle-dpiwidth: 0pt; mso-style-textoutline-outlinestyle-linecap: flat; mso-style-textoutline-outlinestyle-join: round; mso-style-textoutline-outlinestyle-pctmiterlimit: 0%; mso-style-textoutline-outlinestyle-dash: solid; mso-style-textoutline-outlinestyle-align: center; mso-style-textoutline-outlinestyle-compound: simple; mso-effects-shadow-color: black; mso-effects-shadow-themecolor: dark1; mso-effects-shadow-alpha: 40.0%; mso-effects-shadow-dpiradius: 3.0pt; mso-effects-shadow-dpidistance: 1.5pt; mso-effects-shadow-angledirection: 2700000; mso-effects-shadow-align: topleft; mso-effects-shadow-pctsx: 100.0%; mso-effects-shadow-pctsy: 100.0%; mso-effects-shadow-anglekx: 0; mso-effects-shadow-angleky: 0; font-weight: normal; mso-bidi-font-weight: bold;\">Height</span></span></h1></td><td style=\"width: 100.75pt; border: solid windowtext 1.0pt; border-left: none; mso-border-left-alt: solid windowtext .5pt; mso-border-alt: solid windowtext .5pt; padding: 0in 5.4pt 0in 5.4pt; height: 25.7pt;\" valign=\"top\" width=\"134\"><h1 style=\"text-align: center; mso-outline-level: 1; mso-element: frame; mso-element-frame-hspace: 9.0pt; mso-element-wrap: around; mso-element-anchor-vertical: paragraph; mso-element-anchor-horizontal: margin; mso-element-top: 2.05pt; mso-height-rule: exactly;\" align=\"center\"><span class=\"TitleChar\"><span style=\"font-size: 20.0pt; color: black; mso-themecolor: text1; letter-spacing: 0pt; mso-style-textoutline-type: none; mso-style-textoutline-outlinestyle-dpiwidth: 0pt; mso-style-textoutline-outlinestyle-linecap: flat; mso-style-textoutline-outlinestyle-join: round; mso-style-textoutline-outlinestyle-pctmiterlimit: 0%; mso-style-textoutline-outlinestyle-dash: solid; mso-style-textoutline-outlinestyle-align: center; mso-style-textoutline-outlinestyle-compound: simple; mso-effects-shadow-color: black; mso-effects-shadow-themecolor: dark1; mso-effects-shadow-alpha: 40.0%; mso-effects-shadow-dpiradius: 3.0pt; mso-effects-shadow-dpidistance: 1.5pt; mso-effects-shadow-angledirection: 2700000; mso-effects-shadow-align: topleft; mso-effects-shadow-pctsx: 100.0%; mso-effects-shadow-pctsy: 100.0%; mso-effects-shadow-anglekx: 0; mso-effects-shadow-angleky: 0; font-weight: normal; mso-bidi-font-weight: bold;\">Color</span></span></h1></td></tr><tr style=\"mso-yfti-irow: 1; mso-yfti-lastrow: yes; height: 25.7pt;\"><td style=\"width: 81.8pt; border: solid windowtext 1.0pt; border-top: none; mso-border-top-alt: solid windowtext .5pt; mso-border-alt: solid windowtext .5pt; padding: 0in 5.4pt 0in 5.4pt; height: 25.7pt;\" valign=\"top\" width=\"109\"><h1 style=\"text-align: center; mso-outline-level: 1; mso-element: frame; mso-element-frame-hspace: 9.0pt; mso-element-wrap: around; mso-element-anchor-vertical: paragraph; mso-element-anchor-horizontal: margin; mso-element-top: 2.05pt; mso-height-rule: exactly;\" align=\"center\"><span class=\"TitleChar\"><span style=\"font-size: 16.0pt; font-weight: normal;\">115 mm</span></span></h1></td><td style=\"width: 77.45pt; border-top: none; border-left: none; border-bottom: solid windowtext 1.0pt; border-right: solid windowtext 1.0pt; mso-border-top-alt: solid windowtext .5pt; mso-border-left-alt: solid windowtext .5pt; mso-border-alt: solid windowtext .5pt; padding: 0in 5.4pt 0in 5.4pt; height: 25.7pt;\" valign=\"top\" width=\"103\"><h1 style=\"text-align: center; mso-outline-level: 1; mso-element: frame; mso-element-frame-hspace: 9.0pt; mso-element-wrap: around; mso-element-anchor-vertical: paragraph; mso-element-anchor-horizontal: margin; mso-element-top: 2.05pt; mso-height-rule: exactly;\" align=\"center\"><span class=\"TitleChar\"><span style=\"font-size: 16.0pt; font-weight: normal;\">65 mm</span></span></h1></td><td style=\"width: 84.25pt; border-top: none; border-left: none; border-bottom: solid windowtext 1.0pt; border-right: solid windowtext 1.0pt; mso-border-top-alt: solid windowtext .5pt; mso-border-left-alt: solid windowtext .5pt; mso-border-alt: solid windowtext .5pt; padding: 0in 5.4pt 0in 5.4pt; height: 25.7pt;\" valign=\"top\" width=\"112\"><h1 style=\"text-align: center; mso-outline-level: 1; mso-element: frame; mso-element-frame-hspace: 9.0pt; mso-element-wrap: around; mso-element-anchor-vertical: paragraph; mso-element-anchor-horizontal: margin; mso-element-top: 2.05pt; mso-height-rule: exactly;\" align=\"center\"><span class=\"TitleChar\"><span style=\"font-size: 16.0pt; font-weight: normal;\"><span style=\"mso-spacerun: yes;\">&nbsp;</span>70 mm</span></span></h1></td><td style=\"width: 100.75pt; border-top: none; border-left: none; border-bottom: solid windowtext 1.0pt; border-right: solid windowtext 1.0pt; mso-border-top-alt: solid windowtext .5pt; mso-border-left-alt: solid windowtext .5pt; mso-border-alt: solid windowtext .5pt; padding: 0in 5.4pt 0in 5.4pt; height: 25.7pt;\" valign=\"top\" width=\"134\"><h1 style=\"text-align: center; mso-outline-level: 1; mso-element: frame; mso-element-frame-hspace: 9.0pt; mso-element-wrap: around; mso-element-anchor-vertical: paragraph; mso-element-anchor-horizontal: margin; mso-element-top: 2.05pt; mso-height-rule: exactly;\" align=\"center\"><span class=\"TitleChar\"><span style=\"font-size: 16.0pt; font-weight: normal;\">Transparent</span></span></h1></td></tr></tbody></table><h1><span style=\"font-size: 18.0pt;\">&nbsp;</span></h1><h1><span style=\"font-size: 18.0pt; font-family: \'Calibri Light\',sans-serif; mso-ascii-theme-font: major-latin; mso-hansi-theme-font: major-latin; mso-bidi-theme-font: major-latin;\">&nbsp;</span></h1><h1 style=\"mso-collapsed-heading: yes;\"><span style=\"font-size: 18.0pt; font-family: \'Calibri Light\',sans-serif; mso-ascii-theme-font: major-latin; mso-hansi-theme-font: major-latin; mso-bidi-theme-font: major-latin;\">&nbsp;</span></h1><h1 style=\"mso-collapsed-heading: yes;\"><span style=\"font-size: 18.0pt; font-family: \'Calibri Light\',sans-serif; mso-ascii-theme-font: major-latin; mso-hansi-theme-font: major-latin; mso-bidi-theme-font: major-latin;\">Uses:- </span><span style=\"font-size: 18.0pt; font-family: \'Calibri Light\',sans-serif; mso-ascii-theme-font: major-latin; mso-hansi-theme-font: major-latin; mso-bidi-theme-font: major-latin; color: black; font-weight: normal;\">Foods Packaging etc..,</span></h1>',NULL),(70,70,'en','32 OZ Plastic Hinged Round Box (100 pc pack)','<p class=\"MsoNormal\" style=\"margin-bottom: .0001pt;\"><strong><span style=\"font-size: 16.5pt; line-height: 107%; font-family: \'Arial\',sans-serif; mso-fareast-font-family: \'Times New Roman\'; color: black; mso-font-kerning: 18.0pt; mso-bidi-language: HI;\">32 OZ Plastic Hinged Round Box</span></strong></p><p class=\"MsoNormal\" style=\"margin-bottom: .0001pt;\"><strong><span style=\"font-size: 16.5pt; line-height: 107%; font-family: \'Arial\',sans-serif; mso-fareast-font-family: \'Times New Roman\'; color: black; mso-font-kerning: 18.0pt; mso-bidi-language: HI;\">&nbsp;</span></strong></p><p class=\"MsoNormal\" style=\"margin-bottom: .0001pt;\"><span style=\"font-size: 18.0pt; line-height: 107%; font-family: \'Calibri Light\',sans-serif; mso-ascii-theme-font: major-latin; mso-hansi-theme-font: major-latin; mso-bidi-theme-font: major-latin; background: white;\">32 OZ Plastic Hinged Round Box for food packaging&nbsp;box&nbsp;used to serve foods like&nbsp;cookies, baked food &amp; salads etc.&nbsp;&nbsp;&nbsp;<br />we avail different sizes, shapes, and designs of containers as per the need/demand</span></p><p class=\"MsoNormal\" style=\"margin-bottom: .0001pt;\"><span style=\"font-size: 18.0pt; line-height: 107%; font-family: \'Calibri Light\',sans-serif; mso-ascii-theme-font: major-latin; mso-hansi-theme-font: major-latin; mso-bidi-theme-font: major-latin; background: white;\">&nbsp;</span></p><table class=\"MsoTableGrid\" style=\"width: 344.25pt; border-collapse: collapse; border: none; mso-border-alt: solid windowtext .5pt; mso-yfti-tbllook: 1184; mso-table-lspace: 9.0pt; margin-left: 6.75pt; mso-table-rspace: 9.0pt; margin-right: 6.75pt; mso-table-anchor-vertical: paragraph; mso-table-anchor-horizontal: margin; mso-table-left: left; mso-table-top: 2.05pt; mso-padding-alt: 0in 5.4pt 0in 5.4pt;\" border=\"1\" width=\"0\" cellspacing=\"0\" cellpadding=\"0\" align=\"left\"><tbody><tr style=\"mso-yfti-irow: 0; mso-yfti-firstrow: yes; height: 25.7pt;\"><td style=\"width: 81.8pt; border: solid windowtext 1.0pt; mso-border-alt: solid windowtext .5pt; padding: 0in 5.4pt 0in 5.4pt; height: 25.7pt;\" valign=\"top\" width=\"109\"><h1 style=\"text-align: center; mso-outline-level: 1; mso-element: frame; mso-element-frame-hspace: 9.0pt; mso-element-wrap: around; mso-element-anchor-vertical: paragraph; mso-element-anchor-horizontal: margin; mso-element-top: 2.05pt; mso-height-rule: exactly;\" align=\"center\"><span class=\"TitleChar\"><span style=\"font-size: 20.0pt; color: black; mso-themecolor: text1; letter-spacing: 0pt; mso-style-textoutline-type: none; mso-style-textoutline-outlinestyle-dpiwidth: 0pt; mso-style-textoutline-outlinestyle-linecap: flat; mso-style-textoutline-outlinestyle-join: round; mso-style-textoutline-outlinestyle-pctmiterlimit: 0%; mso-style-textoutline-outlinestyle-dash: solid; mso-style-textoutline-outlinestyle-align: center; mso-style-textoutline-outlinestyle-compound: simple; mso-effects-shadow-color: black; mso-effects-shadow-themecolor: dark1; mso-effects-shadow-alpha: 40.0%; mso-effects-shadow-dpiradius: 3.0pt; mso-effects-shadow-dpidistance: 1.5pt; mso-effects-shadow-angledirection: 2700000; mso-effects-shadow-align: topleft; mso-effects-shadow-pctsx: 100.0%; mso-effects-shadow-pctsy: 100.0%; mso-effects-shadow-anglekx: 0; mso-effects-shadow-angleky: 0; font-weight: normal; mso-bidi-font-weight: bold;\">Top</span></span></h1></td><td style=\"width: 77.45pt; border: solid windowtext 1.0pt; border-left: none; mso-border-left-alt: solid windowtext .5pt; mso-border-alt: solid windowtext .5pt; padding: 0in 5.4pt 0in 5.4pt; height: 25.7pt;\" valign=\"top\" width=\"103\"><h1 style=\"text-align: center; mso-outline-level: 1; mso-element: frame; mso-element-frame-hspace: 9.0pt; mso-element-wrap: around; mso-element-anchor-vertical: paragraph; mso-element-anchor-horizontal: margin; mso-element-top: 2.05pt; mso-height-rule: exactly;\" align=\"center\"><span class=\"TitleChar\"><span style=\"font-size: 20.0pt; color: black; mso-themecolor: text1; letter-spacing: 0pt; mso-style-textoutline-type: none; mso-style-textoutline-outlinestyle-dpiwidth: 0pt; mso-style-textoutline-outlinestyle-linecap: flat; mso-style-textoutline-outlinestyle-join: round; mso-style-textoutline-outlinestyle-pctmiterlimit: 0%; mso-style-textoutline-outlinestyle-dash: solid; mso-style-textoutline-outlinestyle-align: center; mso-style-textoutline-outlinestyle-compound: simple; mso-effects-shadow-color: black; mso-effects-shadow-themecolor: dark1; mso-effects-shadow-alpha: 40.0%; mso-effects-shadow-dpiradius: 3.0pt; mso-effects-shadow-dpidistance: 1.5pt; mso-effects-shadow-angledirection: 2700000; mso-effects-shadow-align: topleft; mso-effects-shadow-pctsx: 100.0%; mso-effects-shadow-pctsy: 100.0%; mso-effects-shadow-anglekx: 0; mso-effects-shadow-angleky: 0; font-weight: normal; mso-bidi-font-weight: bold;\">Bottom</span></span></h1></td><td style=\"width: 84.25pt; border: solid windowtext 1.0pt; border-left: none; mso-border-left-alt: solid windowtext .5pt; mso-border-alt: solid windowtext .5pt; padding: 0in 5.4pt 0in 5.4pt; height: 25.7pt;\" valign=\"top\" width=\"112\"><h1 style=\"text-align: center; mso-outline-level: 1; mso-element: frame; mso-element-frame-hspace: 9.0pt; mso-element-wrap: around; mso-element-anchor-vertical: paragraph; mso-element-anchor-horizontal: margin; mso-element-top: 2.05pt; mso-height-rule: exactly;\" align=\"center\"><span class=\"TitleChar\"><span style=\"font-size: 20.0pt; color: black; mso-themecolor: text1; letter-spacing: 0pt; mso-style-textoutline-type: none; mso-style-textoutline-outlinestyle-dpiwidth: 0pt; mso-style-textoutline-outlinestyle-linecap: flat; mso-style-textoutline-outlinestyle-join: round; mso-style-textoutline-outlinestyle-pctmiterlimit: 0%; mso-style-textoutline-outlinestyle-dash: solid; mso-style-textoutline-outlinestyle-align: center; mso-style-textoutline-outlinestyle-compound: simple; mso-effects-shadow-color: black; mso-effects-shadow-themecolor: dark1; mso-effects-shadow-alpha: 40.0%; mso-effects-shadow-dpiradius: 3.0pt; mso-effects-shadow-dpidistance: 1.5pt; mso-effects-shadow-angledirection: 2700000; mso-effects-shadow-align: topleft; mso-effects-shadow-pctsx: 100.0%; mso-effects-shadow-pctsy: 100.0%; mso-effects-shadow-anglekx: 0; mso-effects-shadow-angleky: 0; font-weight: normal; mso-bidi-font-weight: bold;\">Length</span></span></h1></td><td style=\"width: 100.75pt; border: solid windowtext 1.0pt; border-left: none; mso-border-left-alt: solid windowtext .5pt; mso-border-alt: solid windowtext .5pt; padding: 0in 5.4pt 0in 5.4pt; height: 25.7pt;\" valign=\"top\" width=\"134\"><h1 style=\"text-align: center; mso-outline-level: 1; mso-element: frame; mso-element-frame-hspace: 9.0pt; mso-element-wrap: around; mso-element-anchor-vertical: paragraph; mso-element-anchor-horizontal: margin; mso-element-top: 2.05pt; mso-height-rule: exactly;\" align=\"center\"><span class=\"TitleChar\"><span style=\"font-size: 20.0pt; color: black; mso-themecolor: text1; letter-spacing: 0pt; mso-style-textoutline-type: none; mso-style-textoutline-outlinestyle-dpiwidth: 0pt; mso-style-textoutline-outlinestyle-linecap: flat; mso-style-textoutline-outlinestyle-join: round; mso-style-textoutline-outlinestyle-pctmiterlimit: 0%; mso-style-textoutline-outlinestyle-dash: solid; mso-style-textoutline-outlinestyle-align: center; mso-style-textoutline-outlinestyle-compound: simple; mso-effects-shadow-color: black; mso-effects-shadow-themecolor: dark1; mso-effects-shadow-alpha: 40.0%; mso-effects-shadow-dpiradius: 3.0pt; mso-effects-shadow-dpidistance: 1.5pt; mso-effects-shadow-angledirection: 2700000; mso-effects-shadow-align: topleft; mso-effects-shadow-pctsx: 100.0%; mso-effects-shadow-pctsy: 100.0%; mso-effects-shadow-anglekx: 0; mso-effects-shadow-angleky: 0; font-weight: normal; mso-bidi-font-weight: bold;\">Color</span></span></h1></td></tr><tr style=\"mso-yfti-irow: 1; mso-yfti-lastrow: yes; height: 25.7pt;\"><td style=\"width: 81.8pt; border: solid windowtext 1.0pt; border-top: none; mso-border-top-alt: solid windowtext .5pt; mso-border-alt: solid windowtext .5pt; padding: 0in 5.4pt 0in 5.4pt; height: 25.7pt;\" valign=\"top\" width=\"109\"><h1 style=\"text-align: center; mso-outline-level: 1; mso-element: frame; mso-element-frame-hspace: 9.0pt; mso-element-wrap: around; mso-element-anchor-vertical: paragraph; mso-element-anchor-horizontal: margin; mso-element-top: 2.05pt; mso-height-rule: exactly;\" align=\"center\"><span class=\"TitleChar\"><span style=\"font-size: 16.0pt; font-weight: normal;\">170 mm</span></span></h1></td><td style=\"width: 77.45pt; border-top: none; border-left: none; border-bottom: solid windowtext 1.0pt; border-right: solid windowtext 1.0pt; mso-border-top-alt: solid windowtext .5pt; mso-border-left-alt: solid windowtext .5pt; mso-border-alt: solid windowtext .5pt; padding: 0in 5.4pt 0in 5.4pt; height: 25.7pt;\" valign=\"top\" width=\"103\"><h1 style=\"text-align: center; mso-outline-level: 1; mso-element: frame; mso-element-frame-hspace: 9.0pt; mso-element-wrap: around; mso-element-anchor-vertical: paragraph; mso-element-anchor-horizontal: margin; mso-element-top: 2.05pt; mso-height-rule: exactly;\" align=\"center\"><span class=\"TitleChar\"><span style=\"font-size: 16.0pt; font-weight: normal;\">85 mm</span></span></h1></td><td style=\"width: 84.25pt; border-top: none; border-left: none; border-bottom: solid windowtext 1.0pt; border-right: solid windowtext 1.0pt; mso-border-top-alt: solid windowtext .5pt; mso-border-left-alt: solid windowtext .5pt; mso-border-alt: solid windowtext .5pt; padding: 0in 5.4pt 0in 5.4pt; height: 25.7pt;\" valign=\"top\" width=\"112\"><h1 style=\"text-align: center; mso-outline-level: 1; mso-element: frame; mso-element-frame-hspace: 9.0pt; mso-element-wrap: around; mso-element-anchor-vertical: paragraph; mso-element-anchor-horizontal: margin; mso-element-top: 2.05pt; mso-height-rule: exactly;\" align=\"center\"><span style=\"font-size: 21.3333px; font-weight: 400;\">0</span></h1></td><td style=\"width: 100.75pt; border-top: none; border-left: none; border-bottom: solid windowtext 1.0pt; border-right: solid windowtext 1.0pt; mso-border-top-alt: solid windowtext .5pt; mso-border-left-alt: solid windowtext .5pt; mso-border-alt: solid windowtext .5pt; padding: 0in 5.4pt 0in 5.4pt; height: 25.7pt;\" valign=\"top\" width=\"134\"><h1 style=\"text-align: center; mso-outline-level: 1; mso-element: frame; mso-element-frame-hspace: 9.0pt; mso-element-wrap: around; mso-element-anchor-vertical: paragraph; mso-element-anchor-horizontal: margin; mso-element-top: 2.05pt; mso-height-rule: exactly;\" align=\"center\"><span class=\"TitleChar\"><span style=\"font-size: 16.0pt; font-weight: normal;\">Transparent</span></span></h1></td></tr></tbody></table><h1><span style=\"font-size: 18.0pt;\">&nbsp;</span></h1><h1><span style=\"font-size: 18.0pt; font-family: \'Calibri Light\',sans-serif; mso-ascii-theme-font: major-latin; mso-hansi-theme-font: major-latin; mso-bidi-theme-font: major-latin;\">&nbsp;</span></h1><h1 style=\"mso-collapsed-heading: yes;\"><span style=\"font-size: 18.0pt; font-family: \'Calibri Light\',sans-serif; mso-ascii-theme-font: major-latin; mso-hansi-theme-font: major-latin; mso-bidi-theme-font: major-latin;\">&nbsp;</span></h1><h1 style=\"mso-collapsed-heading: yes;\"><span style=\"font-size: 18.0pt; font-family: \'Calibri Light\',sans-serif; mso-ascii-theme-font: major-latin; mso-hansi-theme-font: major-latin; mso-bidi-theme-font: major-latin;\">Uses:- </span><span style=\"font-size: 18.0pt; font-family: \'Calibri Light\',sans-serif; mso-ascii-theme-font: major-latin; mso-hansi-theme-font: major-latin; mso-bidi-theme-font: major-latin; color: black; font-weight: normal;\">Foods Packaging etc..,</span></h1>',NULL),(71,71,'en','24 OZ Plastic Hinged Round Box (100 pc pack)','<p class=\"MsoNormal\" style=\"margin-bottom: .0001pt;\"><strong><span style=\"font-size: 16.5pt; line-height: 107%; font-family: \'Arial\',sans-serif; mso-fareast-font-family: \'Times New Roman\'; color: black; mso-font-kerning: 18.0pt; mso-bidi-language: HI;\">24 OZ Plastic Hinged Round Box(minimum order quantity 100)</span></strong></p><p class=\"MsoNormal\" style=\"margin-bottom: .0001pt;\"><strong><span style=\"font-size: 16.5pt; line-height: 107%; font-family: \'Arial\',sans-serif; mso-fareast-font-family: \'Times New Roman\'; color: black; mso-font-kerning: 18.0pt; mso-bidi-language: HI;\">&nbsp;</span></strong></p><p class=\"MsoNormal\" style=\"margin-bottom: .0001pt;\"><span style=\"font-size: 18.0pt; line-height: 107%; font-family: \'Calibri Light\',sans-serif; mso-ascii-theme-font: major-latin; mso-hansi-theme-font: major-latin; mso-bidi-theme-font: major-latin; background: white;\">24 OZ Plastic Hinged Round Box&nbsp;food packaging&nbsp;hinged box&nbsp;used to serve foods like&nbsp;cookies, baked food &amp; salads etc.&nbsp;&nbsp;&nbsp;<br />we avail different sizes, shapes, and designs of containers as per the need/demand</span></p><p class=\"MsoNormal\" style=\"margin-bottom: .0001pt;\"><span style=\"font-size: 18.0pt; line-height: 107%; font-family: \'Calibri Light\',sans-serif; mso-ascii-theme-font: major-latin; mso-hansi-theme-font: major-latin; mso-bidi-theme-font: major-latin; background: white;\">&nbsp;</span></p><table class=\"MsoTableGrid\" style=\"width: 344.25pt; border-collapse: collapse; border: none; mso-border-alt: solid windowtext .5pt; mso-yfti-tbllook: 1184; mso-table-lspace: 9.0pt; margin-left: 6.75pt; mso-table-rspace: 9.0pt; margin-right: 6.75pt; mso-table-anchor-vertical: paragraph; mso-table-anchor-horizontal: margin; mso-table-left: left; mso-table-top: 2.05pt; mso-padding-alt: 0in 5.4pt 0in 5.4pt;\" border=\"1\" width=\"0\" cellspacing=\"0\" cellpadding=\"0\" align=\"left\"><tbody><tr style=\"mso-yfti-irow: 0; mso-yfti-firstrow: yes; height: 25.7pt;\"><td style=\"width: 81.8pt; border: solid windowtext 1.0pt; mso-border-alt: solid windowtext .5pt; padding: 0in 5.4pt 0in 5.4pt; height: 25.7pt;\" valign=\"top\" width=\"109\"><h1 style=\"text-align: center; mso-outline-level: 1; mso-element: frame; mso-element-frame-hspace: 9.0pt; mso-element-wrap: around; mso-element-anchor-vertical: paragraph; mso-element-anchor-horizontal: margin; mso-element-top: 2.05pt; mso-height-rule: exactly;\" align=\"center\"><span class=\"TitleChar\"><span style=\"font-size: 20.0pt; color: black; mso-themecolor: text1; letter-spacing: 0pt; mso-style-textoutline-type: none; mso-style-textoutline-outlinestyle-dpiwidth: 0pt; mso-style-textoutline-outlinestyle-linecap: flat; mso-style-textoutline-outlinestyle-join: round; mso-style-textoutline-outlinestyle-pctmiterlimit: 0%; mso-style-textoutline-outlinestyle-dash: solid; mso-style-textoutline-outlinestyle-align: center; mso-style-textoutline-outlinestyle-compound: simple; mso-effects-shadow-color: black; mso-effects-shadow-themecolor: dark1; mso-effects-shadow-alpha: 40.0%; mso-effects-shadow-dpiradius: 3.0pt; mso-effects-shadow-dpidistance: 1.5pt; mso-effects-shadow-angledirection: 2700000; mso-effects-shadow-align: topleft; mso-effects-shadow-pctsx: 100.0%; mso-effects-shadow-pctsy: 100.0%; mso-effects-shadow-anglekx: 0; mso-effects-shadow-angleky: 0; font-weight: normal; mso-bidi-font-weight: bold;\">Height</span></span></h1></td><td style=\"width: 77.45pt; border: solid windowtext 1.0pt; border-left: none; mso-border-left-alt: solid windowtext .5pt; mso-border-alt: solid windowtext .5pt; padding: 0in 5.4pt 0in 5.4pt; height: 25.7pt;\" valign=\"top\" width=\"103\"><h1 style=\"text-align: center; mso-outline-level: 1; mso-element: frame; mso-element-frame-hspace: 9.0pt; mso-element-wrap: around; mso-element-anchor-vertical: paragraph; mso-element-anchor-horizontal: margin; mso-element-top: 2.05pt; mso-height-rule: exactly;\" align=\"center\"><span class=\"TitleChar\"><span style=\"font-size: 20.0pt; color: black; mso-themecolor: text1; letter-spacing: 0pt; mso-style-textoutline-type: none; mso-style-textoutline-outlinestyle-dpiwidth: 0pt; mso-style-textoutline-outlinestyle-linecap: flat; mso-style-textoutline-outlinestyle-join: round; mso-style-textoutline-outlinestyle-pctmiterlimit: 0%; mso-style-textoutline-outlinestyle-dash: solid; mso-style-textoutline-outlinestyle-align: center; mso-style-textoutline-outlinestyle-compound: simple; mso-effects-shadow-color: black; mso-effects-shadow-themecolor: dark1; mso-effects-shadow-alpha: 40.0%; mso-effects-shadow-dpiradius: 3.0pt; mso-effects-shadow-dpidistance: 1.5pt; mso-effects-shadow-angledirection: 2700000; mso-effects-shadow-align: topleft; mso-effects-shadow-pctsx: 100.0%; mso-effects-shadow-pctsy: 100.0%; mso-effects-shadow-anglekx: 0; mso-effects-shadow-angleky: 0; font-weight: normal; mso-bidi-font-weight: bold;\">Width</span></span></h1></td><td style=\"width: 84.25pt; border: solid windowtext 1.0pt; border-left: none; mso-border-left-alt: solid windowtext .5pt; mso-border-alt: solid windowtext .5pt; padding: 0in 5.4pt 0in 5.4pt; height: 25.7pt;\" valign=\"top\" width=\"112\"><h1 style=\"text-align: center; mso-outline-level: 1; mso-element: frame; mso-element-frame-hspace: 9.0pt; mso-element-wrap: around; mso-element-anchor-vertical: paragraph; mso-element-anchor-horizontal: margin; mso-element-top: 2.05pt; mso-height-rule: exactly;\" align=\"center\"><span class=\"TitleChar\"><span style=\"font-size: 20.0pt; color: black; mso-themecolor: text1; letter-spacing: 0pt; mso-style-textoutline-type: none; mso-style-textoutline-outlinestyle-dpiwidth: 0pt; mso-style-textoutline-outlinestyle-linecap: flat; mso-style-textoutline-outlinestyle-join: round; mso-style-textoutline-outlinestyle-pctmiterlimit: 0%; mso-style-textoutline-outlinestyle-dash: solid; mso-style-textoutline-outlinestyle-align: center; mso-style-textoutline-outlinestyle-compound: simple; mso-effects-shadow-color: black; mso-effects-shadow-themecolor: dark1; mso-effects-shadow-alpha: 40.0%; mso-effects-shadow-dpiradius: 3.0pt; mso-effects-shadow-dpidistance: 1.5pt; mso-effects-shadow-angledirection: 2700000; mso-effects-shadow-align: topleft; mso-effects-shadow-pctsx: 100.0%; mso-effects-shadow-pctsy: 100.0%; mso-effects-shadow-anglekx: 0; mso-effects-shadow-angleky: 0; font-weight: normal; mso-bidi-font-weight: bold;\">Length</span></span></h1></td><td style=\"width: 100.75pt; border: solid windowtext 1.0pt; border-left: none; mso-border-left-alt: solid windowtext .5pt; mso-border-alt: solid windowtext .5pt; padding: 0in 5.4pt 0in 5.4pt; height: 25.7pt;\" valign=\"top\" width=\"134\"><h1 style=\"text-align: center; mso-outline-level: 1; mso-element: frame; mso-element-frame-hspace: 9.0pt; mso-element-wrap: around; mso-element-anchor-vertical: paragraph; mso-element-anchor-horizontal: margin; mso-element-top: 2.05pt; mso-height-rule: exactly;\" align=\"center\"><span class=\"TitleChar\"><span style=\"font-size: 20.0pt; color: black; mso-themecolor: text1; letter-spacing: 0pt; mso-style-textoutline-type: none; mso-style-textoutline-outlinestyle-dpiwidth: 0pt; mso-style-textoutline-outlinestyle-linecap: flat; mso-style-textoutline-outlinestyle-join: round; mso-style-textoutline-outlinestyle-pctmiterlimit: 0%; mso-style-textoutline-outlinestyle-dash: solid; mso-style-textoutline-outlinestyle-align: center; mso-style-textoutline-outlinestyle-compound: simple; mso-effects-shadow-color: black; mso-effects-shadow-themecolor: dark1; mso-effects-shadow-alpha: 40.0%; mso-effects-shadow-dpiradius: 3.0pt; mso-effects-shadow-dpidistance: 1.5pt; mso-effects-shadow-angledirection: 2700000; mso-effects-shadow-align: topleft; mso-effects-shadow-pctsx: 100.0%; mso-effects-shadow-pctsy: 100.0%; mso-effects-shadow-anglekx: 0; mso-effects-shadow-angleky: 0; font-weight: normal; mso-bidi-font-weight: bold;\">Color</span></span></h1></td></tr><tr style=\"mso-yfti-irow: 1; mso-yfti-lastrow: yes; height: 25.7pt;\"><td style=\"width: 81.8pt; border: solid windowtext 1.0pt; border-top: none; mso-border-top-alt: solid windowtext .5pt; mso-border-alt: solid windowtext .5pt; padding: 0in 5.4pt 0in 5.4pt; height: 25.7pt;\" valign=\"top\" width=\"109\"><h1 style=\"text-align: center; mso-outline-level: 1; mso-element: frame; mso-element-frame-hspace: 9.0pt; mso-element-wrap: around; mso-element-anchor-vertical: paragraph; mso-element-anchor-horizontal: margin; mso-element-top: 2.05pt; mso-height-rule: exactly;\" align=\"center\"><span class=\"TitleChar\"><span style=\"font-size: 16.0pt; font-weight: normal;\">53 mm</span></span></h1></td><td style=\"width: 77.45pt; border-top: none; border-left: none; border-bottom: solid windowtext 1.0pt; border-right: solid windowtext 1.0pt; mso-border-top-alt: solid windowtext .5pt; mso-border-left-alt: solid windowtext .5pt; mso-border-alt: solid windowtext .5pt; padding: 0in 5.4pt 0in 5.4pt; height: 25.7pt;\" valign=\"top\" width=\"103\"><h1 style=\"text-align: center; mso-outline-level: 1; mso-element: frame; mso-element-frame-hspace: 9.0pt; mso-element-wrap: around; mso-element-anchor-vertical: paragraph; mso-element-anchor-horizontal: margin; mso-element-top: 2.05pt; mso-height-rule: exactly;\" align=\"center\"><span class=\"TitleChar\"><span style=\"font-size: 16.0pt; font-weight: normal;\">215 mm</span></span></h1></td><td style=\"width: 84.25pt; border-top: none; border-left: none; border-bottom: solid windowtext 1.0pt; border-right: solid windowtext 1.0pt; mso-border-top-alt: solid windowtext .5pt; mso-border-left-alt: solid windowtext .5pt; mso-border-alt: solid windowtext .5pt; padding: 0in 5.4pt 0in 5.4pt; height: 25.7pt;\" valign=\"top\" width=\"112\"><h1 style=\"text-align: center; mso-outline-level: 1; mso-element: frame; mso-element-frame-hspace: 9.0pt; mso-element-wrap: around; mso-element-anchor-vertical: paragraph; mso-element-anchor-horizontal: margin; mso-element-top: 2.05pt; mso-height-rule: exactly;\" align=\"center\"><span class=\"TitleChar\"><span style=\"font-size: 16.0pt; font-weight: normal;\">154 mm</span></span></h1></td><td style=\"width: 100.75pt; border-top: none; border-left: none; border-bottom: solid windowtext 1.0pt; border-right: solid windowtext 1.0pt; mso-border-top-alt: solid windowtext .5pt; mso-border-left-alt: solid windowtext .5pt; mso-border-alt: solid windowtext .5pt; padding: 0in 5.4pt 0in 5.4pt; height: 25.7pt;\" valign=\"top\" width=\"134\"><h1 style=\"text-align: center; mso-outline-level: 1; mso-element: frame; mso-element-frame-hspace: 9.0pt; mso-element-wrap: around; mso-element-anchor-vertical: paragraph; mso-element-anchor-horizontal: margin; mso-element-top: 2.05pt; mso-height-rule: exactly;\" align=\"center\"><span class=\"TitleChar\"><span style=\"font-size: 16.0pt; font-weight: normal;\">Transparent</span></span></h1></td></tr></tbody></table><h1><span style=\"font-size: 18.0pt;\">&nbsp;</span></h1><h1><span style=\"font-size: 18.0pt; font-family: \'Calibri Light\',sans-serif; mso-ascii-theme-font: major-latin; mso-hansi-theme-font: major-latin; mso-bidi-theme-font: major-latin;\">&nbsp;</span></h1><h1 style=\"mso-collapsed-heading: yes;\"><span style=\"font-size: 18.0pt; font-family: \'Calibri Light\',sans-serif; mso-ascii-theme-font: major-latin; mso-hansi-theme-font: major-latin; mso-bidi-theme-font: major-latin;\">&nbsp;</span></h1><h1 style=\"mso-collapsed-heading: yes;\"><span style=\"font-size: 18.0pt; font-family: \'Calibri Light\',sans-serif; mso-ascii-theme-font: major-latin; mso-hansi-theme-font: major-latin; mso-bidi-theme-font: major-latin;\">Uses:- </span><span style=\"font-size: 18.0pt; font-family: \'Calibri Light\',sans-serif; mso-ascii-theme-font: major-latin; mso-hansi-theme-font: major-latin; mso-bidi-theme-font: major-latin; color: black; font-weight: normal;\">Foods Packaging etc..,</span></h1>',NULL),(72,72,'en','6 CUP CAKE HINGED BOX (100 pc pack)','<p class=\"MsoNormal\" style=\"margin-bottom: .0001pt;\"><strong><span style=\"font-size: 16.5pt; line-height: 107%; font-family: \'Arial\',sans-serif; mso-fareast-font-family: \'Times New Roman\'; color: black; mso-font-kerning: 18.0pt; mso-bidi-language: HI;\">6 CupCake hinged box.</span></strong></p><p class=\"MsoNormal\" style=\"margin-bottom: .0001pt;\"><strong><span style=\"font-size: 16.5pt; line-height: 107%; font-family: \'Arial\',sans-serif; mso-fareast-font-family: \'Times New Roman\'; color: black; mso-font-kerning: 18.0pt; mso-bidi-language: HI;\">&nbsp;</span></strong></p><p class=\"MsoNormal\" style=\"margin-bottom: .0001pt;\"><span style=\"font-size: 18.0pt; line-height: 107%; font-family: \'Calibri Light\',sans-serif; mso-ascii-theme-font: major-latin; mso-hansi-theme-font: major-latin; mso-bidi-theme-font: major-latin; background: white;\">6 compartment Clear Cupcake Muffin Containers disposable plastic cupcake boxes with Hinged Lid - 6 Containers Great for standard size cupcakes and muffins</span></p><p class=\"MsoNormal\" style=\"margin-bottom: .0001pt;\"><span style=\"font-size: 18.0pt; line-height: 107%; font-family: \'Calibri Light\',sans-serif; mso-ascii-theme-font: major-latin; mso-hansi-theme-font: major-latin; mso-bidi-theme-font: major-latin; background: white;\">&nbsp;</span></p><table class=\"MsoTableGrid\" style=\"width: 344.25pt; border-collapse: collapse; border: none; mso-border-alt: solid windowtext .5pt; mso-yfti-tbllook: 1184; mso-table-lspace: 9.0pt; margin-left: 6.75pt; mso-table-rspace: 9.0pt; margin-right: 6.75pt; mso-table-anchor-vertical: paragraph; mso-table-anchor-horizontal: margin; mso-table-left: left; mso-table-top: 2.05pt; mso-padding-alt: 0in 5.4pt 0in 5.4pt;\" border=\"1\" width=\"0\" cellspacing=\"0\" cellpadding=\"0\" align=\"left\"><tbody><tr style=\"mso-yfti-irow: 0; mso-yfti-firstrow: yes; height: 25.7pt;\"><td style=\"width: 81.8pt; border: solid windowtext 1.0pt; mso-border-alt: solid windowtext .5pt; padding: 0in 5.4pt 0in 5.4pt; height: 25.7pt;\" valign=\"top\" width=\"109\"><h1 style=\"text-align: center; mso-outline-level: 1; mso-element: frame; mso-element-frame-hspace: 9.0pt; mso-element-wrap: around; mso-element-anchor-vertical: paragraph; mso-element-anchor-horizontal: margin; mso-element-top: 2.05pt; mso-height-rule: exactly;\" align=\"center\"><span class=\"TitleChar\"><span style=\"font-size: 20.0pt; color: black; mso-themecolor: text1; letter-spacing: 0pt; mso-style-textoutline-type: none; mso-style-textoutline-outlinestyle-dpiwidth: 0pt; mso-style-textoutline-outlinestyle-linecap: flat; mso-style-textoutline-outlinestyle-join: round; mso-style-textoutline-outlinestyle-pctmiterlimit: 0%; mso-style-textoutline-outlinestyle-dash: solid; mso-style-textoutline-outlinestyle-align: center; mso-style-textoutline-outlinestyle-compound: simple; mso-effects-shadow-color: black; mso-effects-shadow-themecolor: dark1; mso-effects-shadow-alpha: 40.0%; mso-effects-shadow-dpiradius: 3.0pt; mso-effects-shadow-dpidistance: 1.5pt; mso-effects-shadow-angledirection: 2700000; mso-effects-shadow-align: topleft; mso-effects-shadow-pctsx: 100.0%; mso-effects-shadow-pctsy: 100.0%; mso-effects-shadow-anglekx: 0; mso-effects-shadow-angleky: 0; font-weight: normal; mso-bidi-font-weight: bold;\">Length</span></span></h1></td><td style=\"width: 77.45pt; border: solid windowtext 1.0pt; border-left: none; mso-border-left-alt: solid windowtext .5pt; mso-border-alt: solid windowtext .5pt; padding: 0in 5.4pt 0in 5.4pt; height: 25.7pt;\" valign=\"top\" width=\"103\"><h1 style=\"text-align: center; mso-outline-level: 1; mso-element: frame; mso-element-frame-hspace: 9.0pt; mso-element-wrap: around; mso-element-anchor-vertical: paragraph; mso-element-anchor-horizontal: margin; mso-element-top: 2.05pt; mso-height-rule: exactly;\" align=\"center\"><span class=\"TitleChar\"><span style=\"font-size: 20.0pt; color: black; mso-themecolor: text1; letter-spacing: 0pt; mso-style-textoutline-type: none; mso-style-textoutline-outlinestyle-dpiwidth: 0pt; mso-style-textoutline-outlinestyle-linecap: flat; mso-style-textoutline-outlinestyle-join: round; mso-style-textoutline-outlinestyle-pctmiterlimit: 0%; mso-style-textoutline-outlinestyle-dash: solid; mso-style-textoutline-outlinestyle-align: center; mso-style-textoutline-outlinestyle-compound: simple; mso-effects-shadow-color: black; mso-effects-shadow-themecolor: dark1; mso-effects-shadow-alpha: 40.0%; mso-effects-shadow-dpiradius: 3.0pt; mso-effects-shadow-dpidistance: 1.5pt; mso-effects-shadow-angledirection: 2700000; mso-effects-shadow-align: topleft; mso-effects-shadow-pctsx: 100.0%; mso-effects-shadow-pctsy: 100.0%; mso-effects-shadow-anglekx: 0; mso-effects-shadow-angleky: 0; font-weight: normal; mso-bidi-font-weight: bold;\">Width</span></span></h1></td><td style=\"width: 84.25pt; border: solid windowtext 1.0pt; border-left: none; mso-border-left-alt: solid windowtext .5pt; mso-border-alt: solid windowtext .5pt; padding: 0in 5.4pt 0in 5.4pt; height: 25.7pt;\" valign=\"top\" width=\"112\"><h1 style=\"text-align: center; mso-outline-level: 1; mso-element: frame; mso-element-frame-hspace: 9.0pt; mso-element-wrap: around; mso-element-anchor-vertical: paragraph; mso-element-anchor-horizontal: margin; mso-element-top: 2.05pt; mso-height-rule: exactly;\" align=\"center\"><span class=\"TitleChar\"><span style=\"font-size: 20.0pt; color: black; mso-themecolor: text1; letter-spacing: 0pt; mso-style-textoutline-type: none; mso-style-textoutline-outlinestyle-dpiwidth: 0pt; mso-style-textoutline-outlinestyle-linecap: flat; mso-style-textoutline-outlinestyle-join: round; mso-style-textoutline-outlinestyle-pctmiterlimit: 0%; mso-style-textoutline-outlinestyle-dash: solid; mso-style-textoutline-outlinestyle-align: center; mso-style-textoutline-outlinestyle-compound: simple; mso-effects-shadow-color: black; mso-effects-shadow-themecolor: dark1; mso-effects-shadow-alpha: 40.0%; mso-effects-shadow-dpiradius: 3.0pt; mso-effects-shadow-dpidistance: 1.5pt; mso-effects-shadow-angledirection: 2700000; mso-effects-shadow-align: topleft; mso-effects-shadow-pctsx: 100.0%; mso-effects-shadow-pctsy: 100.0%; mso-effects-shadow-anglekx: 0; mso-effects-shadow-angleky: 0; font-weight: normal; mso-bidi-font-weight: bold;\">Height</span></span></h1></td><td style=\"width: 100.75pt; border: solid windowtext 1.0pt; border-left: none; mso-border-left-alt: solid windowtext .5pt; mso-border-alt: solid windowtext .5pt; padding: 0in 5.4pt 0in 5.4pt; height: 25.7pt;\" valign=\"top\" width=\"134\"><h1 style=\"text-align: center; mso-outline-level: 1; mso-element: frame; mso-element-frame-hspace: 9.0pt; mso-element-wrap: around; mso-element-anchor-vertical: paragraph; mso-element-anchor-horizontal: margin; mso-element-top: 2.05pt; mso-height-rule: exactly;\" align=\"center\"><span class=\"TitleChar\"><span style=\"font-size: 20.0pt; color: black; mso-themecolor: text1; letter-spacing: 0pt; mso-style-textoutline-type: none; mso-style-textoutline-outlinestyle-dpiwidth: 0pt; mso-style-textoutline-outlinestyle-linecap: flat; mso-style-textoutline-outlinestyle-join: round; mso-style-textoutline-outlinestyle-pctmiterlimit: 0%; mso-style-textoutline-outlinestyle-dash: solid; mso-style-textoutline-outlinestyle-align: center; mso-style-textoutline-outlinestyle-compound: simple; mso-effects-shadow-color: black; mso-effects-shadow-themecolor: dark1; mso-effects-shadow-alpha: 40.0%; mso-effects-shadow-dpiradius: 3.0pt; mso-effects-shadow-dpidistance: 1.5pt; mso-effects-shadow-angledirection: 2700000; mso-effects-shadow-align: topleft; mso-effects-shadow-pctsx: 100.0%; mso-effects-shadow-pctsy: 100.0%; mso-effects-shadow-anglekx: 0; mso-effects-shadow-angleky: 0; font-weight: normal; mso-bidi-font-weight: bold;\">Color</span></span></h1></td></tr><tr style=\"mso-yfti-irow: 1; mso-yfti-lastrow: yes; height: 25.7pt;\"><td style=\"width: 81.8pt; border: solid windowtext 1.0pt; border-top: none; mso-border-top-alt: solid windowtext .5pt; mso-border-alt: solid windowtext .5pt; padding: 0in 5.4pt 0in 5.4pt; height: 25.7pt;\" valign=\"top\" width=\"109\"><h1 style=\"text-align: center; mso-outline-level: 1; mso-element: frame; mso-element-frame-hspace: 9.0pt; mso-element-wrap: around; mso-element-anchor-vertical: paragraph; mso-element-anchor-horizontal: margin; mso-element-top: 2.05pt; mso-height-rule: exactly;\" align=\"center\"><span class=\"TitleChar\"><span style=\"font-size: 16.0pt; font-weight: normal;\">154 mm</span></span></h1></td><td style=\"width: 77.45pt; border-top: none; border-left: none; border-bottom: solid windowtext 1.0pt; border-right: solid windowtext 1.0pt; mso-border-top-alt: solid windowtext .5pt; mso-border-left-alt: solid windowtext .5pt; mso-border-alt: solid windowtext .5pt; padding: 0in 5.4pt 0in 5.4pt; height: 25.7pt;\" valign=\"top\" width=\"103\"><h1 style=\"text-align: center; mso-outline-level: 1; mso-element: frame; mso-element-frame-hspace: 9.0pt; mso-element-wrap: around; mso-element-anchor-vertical: paragraph; mso-element-anchor-horizontal: margin; mso-element-top: 2.05pt; mso-height-rule: exactly;\" align=\"center\"><span class=\"TitleChar\"><span style=\"font-size: 16.0pt; font-weight: normal;\">215 mm</span></span></h1></td><td style=\"width: 84.25pt; border-top: none; border-left: none; border-bottom: solid windowtext 1.0pt; border-right: solid windowtext 1.0pt; mso-border-top-alt: solid windowtext .5pt; mso-border-left-alt: solid windowtext .5pt; mso-border-alt: solid windowtext .5pt; padding: 0in 5.4pt 0in 5.4pt; height: 25.7pt;\" valign=\"top\" width=\"112\"><h1 style=\"text-align: center; mso-outline-level: 1; mso-element: frame; mso-element-frame-hspace: 9.0pt; mso-element-wrap: around; mso-element-anchor-vertical: paragraph; mso-element-anchor-horizontal: margin; mso-element-top: 2.05pt; mso-height-rule: exactly;\" align=\"center\"><span class=\"TitleChar\"><span style=\"font-size: 16.0pt; font-weight: normal;\">53 mm</span></span></h1></td><td style=\"width: 100.75pt; border-top: none; border-left: none; border-bottom: solid windowtext 1.0pt; border-right: solid windowtext 1.0pt; mso-border-top-alt: solid windowtext .5pt; mso-border-left-alt: solid windowtext .5pt; mso-border-alt: solid windowtext .5pt; padding: 0in 5.4pt 0in 5.4pt; height: 25.7pt;\" valign=\"top\" width=\"134\"><h1 style=\"text-align: center; mso-outline-level: 1; mso-element: frame; mso-element-frame-hspace: 9.0pt; mso-element-wrap: around; mso-element-anchor-vertical: paragraph; mso-element-anchor-horizontal: margin; mso-element-top: 2.05pt; mso-height-rule: exactly;\" align=\"center\"><span class=\"TitleChar\"><span style=\"font-size: 16.0pt; font-weight: normal;\">Transparent</span></span></h1></td></tr></tbody></table><h1><span style=\"font-size: 18.0pt;\">&nbsp;</span></h1><h1><span style=\"font-size: 18.0pt; font-family: \'Calibri Light\',sans-serif; mso-ascii-theme-font: major-latin; mso-hansi-theme-font: major-latin; mso-bidi-theme-font: major-latin;\">&nbsp;</span></h1><h1 style=\"mso-collapsed-heading: yes;\"><span style=\"font-size: 18.0pt; font-family: \'Calibri Light\',sans-serif; mso-ascii-theme-font: major-latin; mso-hansi-theme-font: major-latin; mso-bidi-theme-font: major-latin;\">&nbsp;</span></h1><h1 style=\"mso-collapsed-heading: yes;\"><span style=\"font-size: 18.0pt; font-family: \'Calibri Light\',sans-serif; mso-ascii-theme-font: major-latin; mso-hansi-theme-font: major-latin; mso-bidi-theme-font: major-latin;\">Uses:- </span><span style=\"font-size: 18.0pt; font-family: \'Calibri Light\',sans-serif; mso-ascii-theme-font: major-latin; mso-hansi-theme-font: major-latin; mso-bidi-theme-font: major-latin; color: black; font-weight: normal;\">Foods Packaging etc..,</span></h1>',NULL),(73,73,'en','4 CupCake hinged box (100 pc pack)','<p class=\"MsoNormal\" style=\"margin-bottom: .0001pt;\"><strong><span style=\"font-size: 16.5pt; line-height: 107%; font-family: \'Arial\',sans-serif; mso-fareast-font-family: \'Times New Roman\'; color: black; mso-font-kerning: 18.0pt; mso-bidi-language: HI;\">4 CupCake hinged box.</span></strong></p><p class=\"MsoNormal\" style=\"margin-bottom: .0001pt;\"><strong><span style=\"font-size: 16.5pt; line-height: 107%; font-family: \'Arial\',sans-serif; mso-fareast-font-family: \'Times New Roman\'; color: black; mso-font-kerning: 18.0pt; mso-bidi-language: HI;\">&nbsp;</span></strong></p><p class=\"MsoNormal\" style=\"margin-bottom: .0001pt;\"><span style=\"font-size: 18.0pt; line-height: 107%; font-family: \'Calibri Light\',sans-serif; mso-ascii-theme-font: major-latin; mso-hansi-theme-font: major-latin; mso-bidi-theme-font: major-latin; background: white;\">4 compartment Clear Cupcake Muffin Containers disposable plastic cupcake boxes with Hinged Lid - 4 Containers Great for standard size cupcakes and muffins</span></p><p class=\"MsoNormal\" style=\"margin-bottom: .0001pt;\"><span style=\"font-size: 18.0pt; line-height: 107%; font-family: \'Calibri Light\',sans-serif; mso-ascii-theme-font: major-latin; mso-hansi-theme-font: major-latin; mso-bidi-theme-font: major-latin; background: white;\">&nbsp;</span></p><table class=\"MsoTableGrid\" style=\"width: 344.25pt; border-collapse: collapse; border: none; mso-border-alt: solid windowtext .5pt; mso-yfti-tbllook: 1184; mso-table-lspace: 9.0pt; margin-left: 6.75pt; mso-table-rspace: 9.0pt; margin-right: 6.75pt; mso-table-anchor-vertical: paragraph; mso-table-anchor-horizontal: margin; mso-table-left: left; mso-table-top: 2.05pt; mso-padding-alt: 0in 5.4pt 0in 5.4pt;\" border=\"1\" width=\"0\" cellspacing=\"0\" cellpadding=\"0\" align=\"left\"><tbody><tr style=\"mso-yfti-irow: 0; mso-yfti-firstrow: yes; height: 25.7pt;\"><td style=\"width: 81.8pt; border: solid windowtext 1.0pt; mso-border-alt: solid windowtext .5pt; padding: 0in 5.4pt 0in 5.4pt; height: 25.7pt;\" valign=\"top\" width=\"109\"><h1 style=\"text-align: center; mso-outline-level: 1; mso-element: frame; mso-element-frame-hspace: 9.0pt; mso-element-wrap: around; mso-element-anchor-vertical: paragraph; mso-element-anchor-horizontal: margin; mso-element-top: 2.05pt; mso-height-rule: exactly;\" align=\"center\"><span class=\"TitleChar\"><span style=\"font-size: 20.0pt; color: black; mso-themecolor: text1; letter-spacing: 0pt; mso-style-textoutline-type: none; mso-style-textoutline-outlinestyle-dpiwidth: 0pt; mso-style-textoutline-outlinestyle-linecap: flat; mso-style-textoutline-outlinestyle-join: round; mso-style-textoutline-outlinestyle-pctmiterlimit: 0%; mso-style-textoutline-outlinestyle-dash: solid; mso-style-textoutline-outlinestyle-align: center; mso-style-textoutline-outlinestyle-compound: simple; mso-effects-shadow-color: black; mso-effects-shadow-themecolor: dark1; mso-effects-shadow-alpha: 40.0%; mso-effects-shadow-dpiradius: 3.0pt; mso-effects-shadow-dpidistance: 1.5pt; mso-effects-shadow-angledirection: 2700000; mso-effects-shadow-align: topleft; mso-effects-shadow-pctsx: 100.0%; mso-effects-shadow-pctsy: 100.0%; mso-effects-shadow-anglekx: 0; mso-effects-shadow-angleky: 0; font-weight: normal; mso-bidi-font-weight: bold;\">Length</span></span></h1></td><td style=\"width: 77.45pt; border: solid windowtext 1.0pt; border-left: none; mso-border-left-alt: solid windowtext .5pt; mso-border-alt: solid windowtext .5pt; padding: 0in 5.4pt 0in 5.4pt; height: 25.7pt;\" valign=\"top\" width=\"103\"><h1 style=\"text-align: center; mso-outline-level: 1; mso-element: frame; mso-element-frame-hspace: 9.0pt; mso-element-wrap: around; mso-element-anchor-vertical: paragraph; mso-element-anchor-horizontal: margin; mso-element-top: 2.05pt; mso-height-rule: exactly;\" align=\"center\"><span class=\"TitleChar\"><span style=\"font-size: 20.0pt; color: black; mso-themecolor: text1; letter-spacing: 0pt; mso-style-textoutline-type: none; mso-style-textoutline-outlinestyle-dpiwidth: 0pt; mso-style-textoutline-outlinestyle-linecap: flat; mso-style-textoutline-outlinestyle-join: round; mso-style-textoutline-outlinestyle-pctmiterlimit: 0%; mso-style-textoutline-outlinestyle-dash: solid; mso-style-textoutline-outlinestyle-align: center; mso-style-textoutline-outlinestyle-compound: simple; mso-effects-shadow-color: black; mso-effects-shadow-themecolor: dark1; mso-effects-shadow-alpha: 40.0%; mso-effects-shadow-dpiradius: 3.0pt; mso-effects-shadow-dpidistance: 1.5pt; mso-effects-shadow-angledirection: 2700000; mso-effects-shadow-align: topleft; mso-effects-shadow-pctsx: 100.0%; mso-effects-shadow-pctsy: 100.0%; mso-effects-shadow-anglekx: 0; mso-effects-shadow-angleky: 0; font-weight: normal; mso-bidi-font-weight: bold;\">Width</span></span></h1></td><td style=\"width: 84.25pt; border: solid windowtext 1.0pt; border-left: none; mso-border-left-alt: solid windowtext .5pt; mso-border-alt: solid windowtext .5pt; padding: 0in 5.4pt 0in 5.4pt; height: 25.7pt;\" valign=\"top\" width=\"112\"><h1 style=\"text-align: center; mso-outline-level: 1; mso-element: frame; mso-element-frame-hspace: 9.0pt; mso-element-wrap: around; mso-element-anchor-vertical: paragraph; mso-element-anchor-horizontal: margin; mso-element-top: 2.05pt; mso-height-rule: exactly;\" align=\"center\"><span class=\"TitleChar\"><span style=\"font-size: 20.0pt; color: black; mso-themecolor: text1; letter-spacing: 0pt; mso-style-textoutline-type: none; mso-style-textoutline-outlinestyle-dpiwidth: 0pt; mso-style-textoutline-outlinestyle-linecap: flat; mso-style-textoutline-outlinestyle-join: round; mso-style-textoutline-outlinestyle-pctmiterlimit: 0%; mso-style-textoutline-outlinestyle-dash: solid; mso-style-textoutline-outlinestyle-align: center; mso-style-textoutline-outlinestyle-compound: simple; mso-effects-shadow-color: black; mso-effects-shadow-themecolor: dark1; mso-effects-shadow-alpha: 40.0%; mso-effects-shadow-dpiradius: 3.0pt; mso-effects-shadow-dpidistance: 1.5pt; mso-effects-shadow-angledirection: 2700000; mso-effects-shadow-align: topleft; mso-effects-shadow-pctsx: 100.0%; mso-effects-shadow-pctsy: 100.0%; mso-effects-shadow-anglekx: 0; mso-effects-shadow-angleky: 0; font-weight: normal; mso-bidi-font-weight: bold;\">Height</span></span></h1></td><td style=\"width: 100.75pt; border: solid windowtext 1.0pt; border-left: none; mso-border-left-alt: solid windowtext .5pt; mso-border-alt: solid windowtext .5pt; padding: 0in 5.4pt 0in 5.4pt; height: 25.7pt;\" valign=\"top\" width=\"134\"><h1 style=\"text-align: center; mso-outline-level: 1; mso-element: frame; mso-element-frame-hspace: 9.0pt; mso-element-wrap: around; mso-element-anchor-vertical: paragraph; mso-element-anchor-horizontal: margin; mso-element-top: 2.05pt; mso-height-rule: exactly;\" align=\"center\"><span class=\"TitleChar\"><span style=\"font-size: 20.0pt; color: black; mso-themecolor: text1; letter-spacing: 0pt; mso-style-textoutline-type: none; mso-style-textoutline-outlinestyle-dpiwidth: 0pt; mso-style-textoutline-outlinestyle-linecap: flat; mso-style-textoutline-outlinestyle-join: round; mso-style-textoutline-outlinestyle-pctmiterlimit: 0%; mso-style-textoutline-outlinestyle-dash: solid; mso-style-textoutline-outlinestyle-align: center; mso-style-textoutline-outlinestyle-compound: simple; mso-effects-shadow-color: black; mso-effects-shadow-themecolor: dark1; mso-effects-shadow-alpha: 40.0%; mso-effects-shadow-dpiradius: 3.0pt; mso-effects-shadow-dpidistance: 1.5pt; mso-effects-shadow-angledirection: 2700000; mso-effects-shadow-align: topleft; mso-effects-shadow-pctsx: 100.0%; mso-effects-shadow-pctsy: 100.0%; mso-effects-shadow-anglekx: 0; mso-effects-shadow-angleky: 0; font-weight: normal; mso-bidi-font-weight: bold;\">Color</span></span></h1></td></tr><tr style=\"mso-yfti-irow: 1; mso-yfti-lastrow: yes; height: 25.7pt;\"><td style=\"width: 81.8pt; border: solid windowtext 1.0pt; border-top: none; mso-border-top-alt: solid windowtext .5pt; mso-border-alt: solid windowtext .5pt; padding: 0in 5.4pt 0in 5.4pt; height: 25.7pt;\" valign=\"top\" width=\"109\"><h1 style=\"text-align: center; mso-outline-level: 1; mso-element: frame; mso-element-frame-hspace: 9.0pt; mso-element-wrap: around; mso-element-anchor-vertical: paragraph; mso-element-anchor-horizontal: margin; mso-element-top: 2.05pt; mso-height-rule: exactly;\" align=\"center\"><span class=\"TitleChar\"><span style=\"font-size: 16.0pt; font-weight: normal;\">154 mm&nbsp;</span></span></h1></td><td style=\"width: 77.45pt; border-top: none; border-left: none; border-bottom: solid windowtext 1.0pt; border-right: solid windowtext 1.0pt; mso-border-top-alt: solid windowtext .5pt; mso-border-left-alt: solid windowtext .5pt; mso-border-alt: solid windowtext .5pt; padding: 0in 5.4pt 0in 5.4pt; height: 25.7pt;\" valign=\"top\" width=\"103\"><h1 style=\"text-align: center; mso-outline-level: 1; mso-element: frame; mso-element-frame-hspace: 9.0pt; mso-element-wrap: around; mso-element-anchor-vertical: paragraph; mso-element-anchor-horizontal: margin; mso-element-top: 2.05pt; mso-height-rule: exactly;\" align=\"center\"><span class=\"TitleChar\"><span style=\"font-size: 16.0pt; font-weight: normal;\">135 mm</span></span></h1></td><td style=\"width: 84.25pt; border-top: none; border-left: none; border-bottom: solid windowtext 1.0pt; border-right: solid windowtext 1.0pt; mso-border-top-alt: solid windowtext .5pt; mso-border-left-alt: solid windowtext .5pt; mso-border-alt: solid windowtext .5pt; padding: 0in 5.4pt 0in 5.4pt; height: 25.7pt;\" valign=\"top\" width=\"112\"><h1 style=\"text-align: center; mso-outline-level: 1; mso-element: frame; mso-element-frame-hspace: 9.0pt; mso-element-wrap: around; mso-element-anchor-vertical: paragraph; mso-element-anchor-horizontal: margin; mso-element-top: 2.05pt; mso-height-rule: exactly;\" align=\"center\"><span class=\"TitleChar\"><span style=\"font-size: 16.0pt; font-weight: normal;\">40 mm</span></span></h1></td><td style=\"width: 100.75pt; border-top: none; border-left: none; border-bottom: solid windowtext 1.0pt; border-right: solid windowtext 1.0pt; mso-border-top-alt: solid windowtext .5pt; mso-border-left-alt: solid windowtext .5pt; mso-border-alt: solid windowtext .5pt; padding: 0in 5.4pt 0in 5.4pt; height: 25.7pt;\" valign=\"top\" width=\"134\"><h1 style=\"text-align: center; mso-outline-level: 1; mso-element: frame; mso-element-frame-hspace: 9.0pt; mso-element-wrap: around; mso-element-anchor-vertical: paragraph; mso-element-anchor-horizontal: margin; mso-element-top: 2.05pt; mso-height-rule: exactly;\" align=\"center\"><span class=\"TitleChar\"><span style=\"font-size: 16.0pt; font-weight: normal;\">Transparent</span></span></h1></td></tr></tbody></table><h1><span style=\"font-size: 18.0pt;\">&nbsp;</span></h1><h1><span style=\"font-size: 18.0pt; font-family: \'Calibri Light\',sans-serif; mso-ascii-theme-font: major-latin; mso-hansi-theme-font: major-latin; mso-bidi-theme-font: major-latin;\">&nbsp;</span></h1><h1 style=\"mso-collapsed-heading: yes;\"><span style=\"font-size: 18.0pt; font-family: \'Calibri Light\',sans-serif; mso-ascii-theme-font: major-latin; mso-hansi-theme-font: major-latin; mso-bidi-theme-font: major-latin;\">&nbsp;</span></h1><h1 style=\"mso-collapsed-heading: yes;\"><span style=\"font-size: 18.0pt; font-family: \'Calibri Light\',sans-serif; mso-ascii-theme-font: major-latin; mso-hansi-theme-font: major-latin; mso-bidi-theme-font: major-latin;\">Uses:- </span><span style=\"font-size: 18.0pt; font-family: \'Calibri Light\',sans-serif; mso-ascii-theme-font: major-latin; mso-hansi-theme-font: major-latin; mso-bidi-theme-font: major-latin; color: black; font-weight: normal;\">Foods Packaging etc..,</span></h1>',NULL),(74,74,'en','500 Ml Rectangle Hinge Container (100 pices)','<h1 style=\"line-height: 18.0pt;\"><span style=\"font-size: 16.5pt; font-family: Arial, sans-serif;\">500 Ml Hinged Rectangular Container(minimum order quantity 100 pieces)</span></h1><p class=\"MsoNormal\" style=\"margin-bottom: .0001pt;\"><span style=\"font-size: 18.0pt; line-height: 107%; font-family: \'Calibri Light\',sans-serif; mso-ascii-theme-font: major-latin; mso-hansi-theme-font: major-latin; mso-bidi-theme-font: major-latin; background: white;\">500 ML Hinged Rectangular Transparent Container is made up of Polyethylene terephthalate (PET) material which comes with attached LID for better transportation of food.</span></p><p class=\"MsoNormal\" style=\"margin-bottom: .0001pt;\"><span style=\"font-size: 18.0pt; line-height: 107%; font-family: \'Calibri Light\',sans-serif; mso-ascii-theme-font: major-latin; mso-hansi-theme-font: major-latin; mso-bidi-theme-font: major-latin; background: white;\">&nbsp;</span></p><table class=\"MsoTableGrid\" style=\"width: 344.25pt; border: none; margin-left: 6.75pt; margin-right: 6.75pt;\" border=\"1\" width=\"0\" cellspacing=\"0\" cellpadding=\"0\" align=\"left\"><tbody><tr style=\"mso-yfti-irow: 0; mso-yfti-firstrow: yes; height: 25.7pt;\"><td style=\"width: 81.8pt; border-width: 1pt; border-color: windowtext; border-image: initial; padding: 0in 5.4pt; height: 25.7pt;\" valign=\"top\" width=\"109\"><h1 style=\"text-align: center; mso-outline-level: 1; mso-element: frame; mso-element-frame-hspace: 9.0pt; mso-element-wrap: around; mso-element-anchor-vertical: paragraph; mso-element-anchor-horizontal: margin; mso-element-top: 2.05pt; mso-height-rule: exactly;\" align=\"center\"><span class=\"TitleChar\"><span style=\"font-size: 20pt; letter-spacing: 0pt; font-weight: normal;\">Length</span></span></h1></td><td style=\"width: 77.45pt; border-top-width: 1pt; border-right-width: 1pt; border-bottom-width: 1pt; border-top-color: windowtext; border-right-color: windowtext; border-bottom-color: windowtext; border-image: initial; border-left: none; padding: 0in 5.4pt; height: 25.7pt;\" valign=\"top\" width=\"103\"><h1 style=\"text-align: center; mso-outline-level: 1; mso-element: frame; mso-element-frame-hspace: 9.0pt; mso-element-wrap: around; mso-element-anchor-vertical: paragraph; mso-element-anchor-horizontal: margin; mso-element-top: 2.05pt; mso-height-rule: exactly;\" align=\"center\"><span class=\"TitleChar\"><span style=\"font-size: 20pt; letter-spacing: 0pt; font-weight: normal;\">Width</span></span></h1></td><td style=\"width: 84.25pt; border-top-width: 1pt; border-right-width: 1pt; border-bottom-width: 1pt; border-top-color: windowtext; border-right-color: windowtext; border-bottom-color: windowtext; border-image: initial; border-left: none; padding: 0in 5.4pt; height: 25.7pt;\" valign=\"top\" width=\"112\"><h1 style=\"text-align: center; mso-outline-level: 1; mso-element: frame; mso-element-frame-hspace: 9.0pt; mso-element-wrap: around; mso-element-anchor-vertical: paragraph; mso-element-anchor-horizontal: margin; mso-element-top: 2.05pt; mso-height-rule: exactly;\" align=\"center\"><span class=\"TitleChar\"><span style=\"font-size: 20pt; letter-spacing: 0pt; font-weight: normal;\">Height</span></span></h1></td><td style=\"width: 100.75pt; border-top-width: 1pt; border-right-width: 1pt; border-bottom-width: 1pt; border-top-color: windowtext; border-right-color: windowtext; border-bottom-color: windowtext; border-image: initial; border-left: none; padding: 0in 5.4pt; height: 25.7pt;\" valign=\"top\" width=\"134\"><h1 style=\"text-align: center; mso-outline-level: 1; mso-element: frame; mso-element-frame-hspace: 9.0pt; mso-element-wrap: around; mso-element-anchor-vertical: paragraph; mso-element-anchor-horizontal: margin; mso-element-top: 2.05pt; mso-height-rule: exactly;\" align=\"center\"><span class=\"TitleChar\"><span style=\"font-size: 20pt; letter-spacing: 0pt; font-weight: normal;\">Color</span></span></h1></td></tr><tr style=\"mso-yfti-irow: 1; mso-yfti-lastrow: yes; height: 25.7pt;\"><td style=\"width: 81.8pt; border-right-width: 1pt; border-bottom-width: 1pt; border-left-width: 1pt; border-right-color: windowtext; border-bottom-color: windowtext; border-left-color: windowtext; border-image: initial; border-top: none; padding: 0in 5.4pt; height: 25.7pt;\" valign=\"top\" width=\"109\"><h1 style=\"text-align: center; mso-outline-level: 1; mso-element: frame; mso-element-frame-hspace: 9.0pt; mso-element-wrap: around; mso-element-anchor-vertical: paragraph; mso-element-anchor-horizontal: margin; mso-element-top: 2.05pt; mso-height-rule: exactly;\" align=\"center\"><span class=\"TitleChar\"><span style=\"font-size: 16.0pt; font-weight: normal;\">115 mm</span></span></h1></td><td style=\"width: 77.45pt; border-top: none; border-left: none; border-bottom-width: 1pt; border-bottom-color: windowtext; border-right-width: 1pt; border-right-color: windowtext; padding: 0in 5.4pt; height: 25.7pt;\" valign=\"top\" width=\"103\"><h1 style=\"text-align: center; mso-outline-level: 1; mso-element: frame; mso-element-frame-hspace: 9.0pt; mso-element-wrap: around; mso-element-anchor-vertical: paragraph; mso-element-anchor-horizontal: margin; mso-element-top: 2.05pt; mso-height-rule: exactly;\" align=\"center\"><span class=\"TitleChar\"><span style=\"font-size: 16.0pt; font-weight: normal;\">130 mm</span></span></h1></td><td style=\"width: 84.25pt; border-top: none; border-left: none; border-bottom-width: 1pt; border-bottom-color: windowtext; border-right-width: 1pt; border-right-color: windowtext; padding: 0in 5.4pt; height: 25.7pt;\" valign=\"top\" width=\"112\"><h1 style=\"text-align: center; mso-outline-level: 1; mso-element: frame; mso-element-frame-hspace: 9.0pt; mso-element-wrap: around; mso-element-anchor-vertical: paragraph; mso-element-anchor-horizontal: margin; mso-element-top: 2.05pt; mso-height-rule: exactly;\" align=\"center\"><span class=\"TitleChar\"><span style=\"font-size: 16.0pt; font-weight: normal;\">63 mm</span></span></h1></td><td style=\"width: 100.75pt; border-top: none; border-left: none; border-bottom-width: 1pt; border-bottom-color: windowtext; border-right-width: 1pt; border-right-color: windowtext; padding: 0in 5.4pt; height: 25.7pt;\" valign=\"top\" width=\"134\"><h1 style=\"text-align: center; mso-outline-level: 1; mso-element: frame; mso-element-frame-hspace: 9.0pt; mso-element-wrap: around; mso-element-anchor-vertical: paragraph; mso-element-anchor-horizontal: margin; mso-element-top: 2.05pt; mso-height-rule: exactly;\" align=\"center\"><span class=\"TitleChar\"><span style=\"font-size: 16.0pt; font-weight: normal;\">Transparent</span></span></h1></td></tr></tbody></table><h1><span style=\"font-size: 18.0pt;\">&nbsp;</span></h1><h1><span style=\"font-size: 18.0pt; font-family: \'Calibri Light\',sans-serif; mso-ascii-theme-font: major-latin; mso-hansi-theme-font: major-latin; mso-bidi-theme-font: major-latin;\">&nbsp;</span></h1><p>&nbsp;</p><p><strong><span style=\"font-size: 18.0pt; line-height: 107%; font-family: \'Calibri Light\',sans-serif; mso-ascii-theme-font: major-latin; mso-fareast-font-family: Calibri; mso-fareast-theme-font: minor-latin; mso-hansi-theme-font: major-latin; mso-bidi-theme-font: major-latin; mso-ansi-language: EN-US; mso-fareast-language: EN-US; mso-bidi-language: AR-SA;\">Uses:- </span></strong><span style=\"font-size: 18pt; line-height: 107%; font-family: \'Calibri Light\', sans-serif;\">Keeps contents fresh for long. Ideal for dry food, pulses, spices, fresh vegetables, etc..,</span></p>',NULL),(75,75,'en','375-ml-rectangle-hinge-container (100 pc pack)','<h1 style=\"line-height: 18.0pt;\"><span style=\"font-size: 16.5pt; font-family: Arial, sans-serif;\">375-ml-rectangle-hinge-container(minimum order quantity 100 pices)</span></h1><h1 style=\"margin: 0in; margin-bottom: .0001pt; line-height: 18.0pt; background: white;\"><span style=\"font-size: 16.5pt; font-family: Arial, sans-serif;\">&nbsp;</span></h1><p class=\"MsoNormal\" style=\"margin-bottom: .0001pt;\"><span style=\"font-size: 18.0pt; line-height: 107%; font-family: \'Calibri Light\',sans-serif; mso-ascii-theme-font: major-latin; mso-hansi-theme-font: major-latin; mso-bidi-theme-font: major-latin; background: white;\">375 ML Hinged Transparent Container is made up of Polyethylene terephthalate (PET) material which comes with attached LID for better transportation of food.&nbsp;</span></p><p class=\"MsoNormal\" style=\"margin-bottom: .0001pt;\"><span style=\"font-size: 18.0pt; line-height: 107%; font-family: \'Calibri Light\',sans-serif; mso-ascii-theme-font: major-latin; mso-hansi-theme-font: major-latin; mso-bidi-theme-font: major-latin; background: white;\">&nbsp;</span></p><table class=\"MsoTableGrid\" style=\"width: 344.25pt; border: none; margin-left: 6.75pt; margin-right: 6.75pt;\" border=\"1\" width=\"0\" cellspacing=\"0\" cellpadding=\"0\" align=\"left\"><tbody><tr style=\"mso-yfti-irow: 0; mso-yfti-firstrow: yes; height: 25.7pt;\"><td style=\"width: 81.8pt; border-width: 1pt; border-color: windowtext; border-image: initial; padding: 0in 5.4pt; height: 25.7pt;\" valign=\"top\" width=\"109\"><h1 style=\"text-align: center; mso-outline-level: 1; mso-element: frame; mso-element-frame-hspace: 9.0pt; mso-element-wrap: around; mso-element-anchor-vertical: paragraph; mso-element-anchor-horizontal: margin; mso-element-top: 2.05pt; mso-height-rule: exactly;\" align=\"center\"><span class=\"TitleChar\"><span style=\"font-size: 20pt; letter-spacing: 0pt; font-weight: normal;\">Length</span></span></h1></td><td style=\"width: 77.45pt; border-top-width: 1pt; border-right-width: 1pt; border-bottom-width: 1pt; border-top-color: windowtext; border-right-color: windowtext; border-bottom-color: windowtext; border-image: initial; border-left: none; padding: 0in 5.4pt; height: 25.7pt;\" valign=\"top\" width=\"103\"><h1 style=\"text-align: center; mso-outline-level: 1; mso-element: frame; mso-element-frame-hspace: 9.0pt; mso-element-wrap: around; mso-element-anchor-vertical: paragraph; mso-element-anchor-horizontal: margin; mso-element-top: 2.05pt; mso-height-rule: exactly;\" align=\"center\"><span class=\"TitleChar\"><span style=\"font-size: 20pt; letter-spacing: 0pt; font-weight: normal;\">Width</span></span></h1></td><td style=\"width: 84.25pt; border-top-width: 1pt; border-right-width: 1pt; border-bottom-width: 1pt; border-top-color: windowtext; border-right-color: windowtext; border-bottom-color: windowtext; border-image: initial; border-left: none; padding: 0in 5.4pt; height: 25.7pt;\" valign=\"top\" width=\"112\"><h1 style=\"text-align: center; mso-outline-level: 1; mso-element: frame; mso-element-frame-hspace: 9.0pt; mso-element-wrap: around; mso-element-anchor-vertical: paragraph; mso-element-anchor-horizontal: margin; mso-element-top: 2.05pt; mso-height-rule: exactly;\" align=\"center\"><span class=\"TitleChar\"><span style=\"font-size: 20pt; letter-spacing: 0pt; font-weight: normal;\">Height</span></span></h1></td><td style=\"width: 100.75pt; border-top-width: 1pt; border-right-width: 1pt; border-bottom-width: 1pt; border-top-color: windowtext; border-right-color: windowtext; border-bottom-color: windowtext; border-image: initial; border-left: none; padding: 0in 5.4pt; height: 25.7pt;\" valign=\"top\" width=\"134\"><h1 style=\"text-align: center; mso-outline-level: 1; mso-element: frame; mso-element-frame-hspace: 9.0pt; mso-element-wrap: around; mso-element-anchor-vertical: paragraph; mso-element-anchor-horizontal: margin; mso-element-top: 2.05pt; mso-height-rule: exactly;\" align=\"center\"><span class=\"TitleChar\"><span style=\"font-size: 20pt; letter-spacing: 0pt; font-weight: normal;\">Color</span></span></h1></td></tr><tr style=\"mso-yfti-irow: 1; mso-yfti-lastrow: yes; height: 25.7pt;\"><td style=\"width: 81.8pt; border-right-width: 1pt; border-bottom-width: 1pt; border-left-width: 1pt; border-right-color: windowtext; border-bottom-color: windowtext; border-left-color: windowtext; border-image: initial; border-top: none; padding: 0in 5.4pt; height: 25.7pt;\" valign=\"top\" width=\"109\"><h1 style=\"text-align: center; mso-outline-level: 1; mso-element: frame; mso-element-frame-hspace: 9.0pt; mso-element-wrap: around; mso-element-anchor-vertical: paragraph; mso-element-anchor-horizontal: margin; mso-element-top: 2.05pt; mso-height-rule: exactly;\" align=\"center\"><span class=\"TitleChar\"><span style=\"font-size: 16.0pt; font-weight: normal;\">115 mm</span></span></h1></td><td style=\"width: 77.45pt; border-top: none; border-left: none; border-bottom-width: 1pt; border-bottom-color: windowtext; border-right-width: 1pt; border-right-color: windowtext; padding: 0in 5.4pt; height: 25.7pt;\" valign=\"top\" width=\"103\"><h1 style=\"text-align: center; mso-outline-level: 1; mso-element: frame; mso-element-frame-hspace: 9.0pt; mso-element-wrap: around; mso-element-anchor-vertical: paragraph; mso-element-anchor-horizontal: margin; mso-element-top: 2.05pt; mso-height-rule: exactly;\" align=\"center\"><span class=\"TitleChar\"><span style=\"font-size: 16.0pt; font-weight: normal;\">130 mm</span></span></h1></td><td style=\"width: 84.25pt; border-top: none; border-left: none; border-bottom-width: 1pt; border-bottom-color: windowtext; border-right-width: 1pt; border-right-color: windowtext; padding: 0in 5.4pt; height: 25.7pt;\" valign=\"top\" width=\"112\"><h1 style=\"text-align: center; mso-outline-level: 1; mso-element: frame; mso-element-frame-hspace: 9.0pt; mso-element-wrap: around; mso-element-anchor-vertical: paragraph; mso-element-anchor-horizontal: margin; mso-element-top: 2.05pt; mso-height-rule: exactly;\" align=\"center\"><span class=\"TitleChar\"><span style=\"font-size: 16.0pt; font-weight: normal;\">50 mm</span></span></h1></td><td style=\"width: 100.75pt; border-top: none; border-left: none; border-bottom-width: 1pt; border-bottom-color: windowtext; border-right-width: 1pt; border-right-color: windowtext; padding: 0in 5.4pt; height: 25.7pt;\" valign=\"top\" width=\"134\"><h1 style=\"text-align: center; mso-outline-level: 1; mso-element: frame; mso-element-frame-hspace: 9.0pt; mso-element-wrap: around; mso-element-anchor-vertical: paragraph; mso-element-anchor-horizontal: margin; mso-element-top: 2.05pt; mso-height-rule: exactly;\" align=\"center\"><span class=\"TitleChar\"><span style=\"font-size: 16.0pt; font-weight: normal;\">Transparent</span></span></h1></td></tr></tbody></table><h1><span style=\"font-size: 18.0pt;\">&nbsp;</span></h1><h1><span style=\"font-size: 18.0pt;\">&nbsp;</span></h1><h1>&nbsp;</h1><h1><span style=\"font-size: 18.0pt; font-family: \'Calibri Light\',sans-serif; mso-ascii-theme-font: major-latin; mso-hansi-theme-font: major-latin; mso-bidi-theme-font: major-latin;\">Uses:- </span><span style=\"font-size: 18pt; font-family: \'Calibri Light\', sans-serif; font-weight: normal;\">Food Packaging Containers.</span></h1><p><span style=\"font-size: 18.0pt; line-height: 107%; font-family: \'Calibri Light\',sans-serif; mso-ascii-theme-font: major-latin; mso-fareast-font-family: \'Times New Roman\'; mso-fareast-theme-font: major-fareast; mso-hansi-theme-font: major-latin; mso-bidi-theme-font: major-latin; letter-spacing: -.5pt; mso-font-kerning: 14.0pt; mso-ansi-language: EN-US; mso-fareast-language: EN-US; mso-bidi-language: HI;\">Keeps your food fresh for long time</span><strong><span style=\"font-size: 18.0pt; line-height: 107%; font-family: \'Calibri Light\',sans-serif; mso-ascii-theme-font: major-latin; mso-fareast-font-family: \'Times New Roman\'; mso-fareast-theme-font: major-fareast; mso-hansi-theme-font: major-latin; mso-bidi-theme-font: major-latin; letter-spacing: -.5pt; mso-font-kerning: 14.0pt; mso-ansi-language: EN-US; mso-fareast-language: EN-US; mso-bidi-language: AR-SA;\">.</span></strong></p>',NULL),(76,76,'en','Big bar Hinge Box (100 pc pack)','<h1 style=\"margin: 0in; margin-bottom: .0001pt; line-height: 18.0pt; background: white;\"><span style=\"font-size: 16.5pt; font-family: \'Arial\',sans-serif; color: black;\">Big Bar Hinge Box</span></h1><h1 style=\"margin: 0in; margin-bottom: .0001pt; line-height: 18.0pt; background: white;\"><span style=\"font-size: 16.5pt; font-family: \'Arial\',sans-serif; color: black;\">&nbsp;</span></h1><p class=\"MsoNormal\" style=\"margin-bottom: .0001pt;\"><span style=\"font-size: 18.0pt; line-height: 107%; font-family: \'Calibri Light\',sans-serif; mso-ascii-theme-font: major-latin; mso-hansi-theme-font: major-latin; mso-bidi-theme-font: major-latin; background: white;\">Big Bar transparent container Box comes with a hinged lid.</span></p><p class=\"MsoNormal\" style=\"margin-bottom: .0001pt; line-height: normal;\"><span style=\"font-size: 18.0pt; font-family: \'Calibri Light\',sans-serif; mso-ascii-theme-font: major-latin; mso-hansi-theme-font: major-latin; mso-bidi-theme-font: major-latin; background: white;\">The Big Bar disposable container works well</span></p><p class=\"MsoNormal\" style=\"margin-bottom: .0001pt; line-height: normal;\"><span style=\"font-size: 18.0pt; font-family: \'Calibri Light\',sans-serif; mso-ascii-theme-font: major-latin; mso-hansi-theme-font: major-latin; mso-bidi-theme-font: major-latin; background: white;\">for salads, cookies,snacks.</span></p><p class=\"MsoNormal\" style=\"margin-bottom: .0001pt;\"><span style=\"font-size: 18.0pt; line-height: 107%; font-family: \'Calibri Light\',sans-serif; mso-ascii-theme-font: major-latin; mso-hansi-theme-font: major-latin; mso-bidi-theme-font: major-latin; background: white;\">It\'s a thin plastic container and is advisable</span></p><p class=\"MsoNormal\" style=\"margin-bottom: .0001pt;\"><span style=\"font-size: 18.0pt; line-height: 107%; font-family: \'Calibri Light\',sans-serif; mso-ascii-theme-font: major-latin; mso-hansi-theme-font: major-latin; mso-bidi-theme-font: major-latin; background: white;\">not to be used to pack hot items.</span></p><p class=\"MsoNormal\" style=\"margin-bottom: .0001pt;\"><span style=\"font-size: 18.0pt; line-height: 107%; font-family: \'Calibri Light\',sans-serif; mso-ascii-theme-font: major-latin; mso-hansi-theme-font: major-latin; mso-bidi-theme-font: major-latin; background: white;\">&nbsp;</span></p><table class=\"MsoTableGrid\" style=\"width: 344.25pt; border-collapse: collapse; border: none; mso-border-alt: solid windowtext .5pt; mso-yfti-tbllook: 1184; mso-table-lspace: 9.0pt; margin-left: 6.75pt; mso-table-rspace: 9.0pt; margin-right: 6.75pt; mso-table-anchor-vertical: paragraph; mso-table-anchor-horizontal: margin; mso-table-left: left; mso-table-top: 2.05pt; mso-padding-alt: 0in 5.4pt 0in 5.4pt;\" border=\"1\" width=\"0\" cellspacing=\"0\" cellpadding=\"0\" align=\"left\"><tbody><tr style=\"mso-yfti-irow: 0; mso-yfti-firstrow: yes; height: 25.7pt;\"><td style=\"width: 81.8pt; border: solid windowtext 1.0pt; mso-border-alt: solid windowtext .5pt; padding: 0in 5.4pt 0in 5.4pt; height: 25.7pt;\" valign=\"top\" width=\"109\"><h1 style=\"text-align: center; mso-outline-level: 1; mso-element: frame; mso-element-frame-hspace: 9.0pt; mso-element-wrap: around; mso-element-anchor-vertical: paragraph; mso-element-anchor-horizontal: margin; mso-element-top: 2.05pt; mso-height-rule: exactly;\" align=\"center\"><span class=\"TitleChar\"><span style=\"font-size: 20.0pt; color: black; mso-themecolor: text1; letter-spacing: 0pt; mso-style-textoutline-type: none; mso-style-textoutline-outlinestyle-dpiwidth: 0pt; mso-style-textoutline-outlinestyle-linecap: flat; mso-style-textoutline-outlinestyle-join: round; mso-style-textoutline-outlinestyle-pctmiterlimit: 0%; mso-style-textoutline-outlinestyle-dash: solid; mso-style-textoutline-outlinestyle-align: center; mso-style-textoutline-outlinestyle-compound: simple; mso-effects-shadow-color: black; mso-effects-shadow-themecolor: dark1; mso-effects-shadow-alpha: 40.0%; mso-effects-shadow-dpiradius: 3.0pt; mso-effects-shadow-dpidistance: 1.5pt; mso-effects-shadow-angledirection: 2700000; mso-effects-shadow-align: topleft; mso-effects-shadow-pctsx: 100.0%; mso-effects-shadow-pctsy: 100.0%; mso-effects-shadow-anglekx: 0; mso-effects-shadow-angleky: 0; font-weight: normal; mso-bidi-font-weight: bold;\">Length</span></span></h1></td><td style=\"width: 77.45pt; border: solid windowtext 1.0pt; border-left: none; mso-border-left-alt: solid windowtext .5pt; mso-border-alt: solid windowtext .5pt; padding: 0in 5.4pt 0in 5.4pt; height: 25.7pt;\" valign=\"top\" width=\"103\"><h1 style=\"text-align: center; mso-outline-level: 1; mso-element: frame; mso-element-frame-hspace: 9.0pt; mso-element-wrap: around; mso-element-anchor-vertical: paragraph; mso-element-anchor-horizontal: margin; mso-element-top: 2.05pt; mso-height-rule: exactly;\" align=\"center\"><span class=\"TitleChar\"><span style=\"font-size: 20.0pt; color: black; mso-themecolor: text1; letter-spacing: 0pt; mso-style-textoutline-type: none; mso-style-textoutline-outlinestyle-dpiwidth: 0pt; mso-style-textoutline-outlinestyle-linecap: flat; mso-style-textoutline-outlinestyle-join: round; mso-style-textoutline-outlinestyle-pctmiterlimit: 0%; mso-style-textoutline-outlinestyle-dash: solid; mso-style-textoutline-outlinestyle-align: center; mso-style-textoutline-outlinestyle-compound: simple; mso-effects-shadow-color: black; mso-effects-shadow-themecolor: dark1; mso-effects-shadow-alpha: 40.0%; mso-effects-shadow-dpiradius: 3.0pt; mso-effects-shadow-dpidistance: 1.5pt; mso-effects-shadow-angledirection: 2700000; mso-effects-shadow-align: topleft; mso-effects-shadow-pctsx: 100.0%; mso-effects-shadow-pctsy: 100.0%; mso-effects-shadow-anglekx: 0; mso-effects-shadow-angleky: 0; font-weight: normal; mso-bidi-font-weight: bold;\">Width</span></span></h1></td><td style=\"width: 84.25pt; border: solid windowtext 1.0pt; border-left: none; mso-border-left-alt: solid windowtext .5pt; mso-border-alt: solid windowtext .5pt; padding: 0in 5.4pt 0in 5.4pt; height: 25.7pt;\" valign=\"top\" width=\"112\"><h1 style=\"text-align: center; mso-outline-level: 1; mso-element: frame; mso-element-frame-hspace: 9.0pt; mso-element-wrap: around; mso-element-anchor-vertical: paragraph; mso-element-anchor-horizontal: margin; mso-element-top: 2.05pt; mso-height-rule: exactly;\" align=\"center\"><span class=\"TitleChar\"><span style=\"font-size: 20.0pt; color: black; mso-themecolor: text1; letter-spacing: 0pt; mso-style-textoutline-type: none; mso-style-textoutline-outlinestyle-dpiwidth: 0pt; mso-style-textoutline-outlinestyle-linecap: flat; mso-style-textoutline-outlinestyle-join: round; mso-style-textoutline-outlinestyle-pctmiterlimit: 0%; mso-style-textoutline-outlinestyle-dash: solid; mso-style-textoutline-outlinestyle-align: center; mso-style-textoutline-outlinestyle-compound: simple; mso-effects-shadow-color: black; mso-effects-shadow-themecolor: dark1; mso-effects-shadow-alpha: 40.0%; mso-effects-shadow-dpiradius: 3.0pt; mso-effects-shadow-dpidistance: 1.5pt; mso-effects-shadow-angledirection: 2700000; mso-effects-shadow-align: topleft; mso-effects-shadow-pctsx: 100.0%; mso-effects-shadow-pctsy: 100.0%; mso-effects-shadow-anglekx: 0; mso-effects-shadow-angleky: 0; font-weight: normal; mso-bidi-font-weight: bold;\">Height</span></span></h1></td><td style=\"width: 100.75pt; border: solid windowtext 1.0pt; border-left: none; mso-border-left-alt: solid windowtext .5pt; mso-border-alt: solid windowtext .5pt; padding: 0in 5.4pt 0in 5.4pt; height: 25.7pt;\" valign=\"top\" width=\"134\"><h1 style=\"text-align: center; mso-outline-level: 1; mso-element: frame; mso-element-frame-hspace: 9.0pt; mso-element-wrap: around; mso-element-anchor-vertical: paragraph; mso-element-anchor-horizontal: margin; mso-element-top: 2.05pt; mso-height-rule: exactly;\" align=\"center\"><span class=\"TitleChar\"><span style=\"font-size: 20.0pt; color: black; mso-themecolor: text1; letter-spacing: 0pt; mso-style-textoutline-type: none; mso-style-textoutline-outlinestyle-dpiwidth: 0pt; mso-style-textoutline-outlinestyle-linecap: flat; mso-style-textoutline-outlinestyle-join: round; mso-style-textoutline-outlinestyle-pctmiterlimit: 0%; mso-style-textoutline-outlinestyle-dash: solid; mso-style-textoutline-outlinestyle-align: center; mso-style-textoutline-outlinestyle-compound: simple; mso-effects-shadow-color: black; mso-effects-shadow-themecolor: dark1; mso-effects-shadow-alpha: 40.0%; mso-effects-shadow-dpiradius: 3.0pt; mso-effects-shadow-dpidistance: 1.5pt; mso-effects-shadow-angledirection: 2700000; mso-effects-shadow-align: topleft; mso-effects-shadow-pctsx: 100.0%; mso-effects-shadow-pctsy: 100.0%; mso-effects-shadow-anglekx: 0; mso-effects-shadow-angleky: 0; font-weight: normal; mso-bidi-font-weight: bold;\">Color</span></span></h1></td></tr><tr style=\"mso-yfti-irow: 1; mso-yfti-lastrow: yes; height: 25.7pt;\"><td style=\"width: 81.8pt; border: solid windowtext 1.0pt; border-top: none; mso-border-top-alt: solid windowtext .5pt; mso-border-alt: solid windowtext .5pt; padding: 0in 5.4pt 0in 5.4pt; height: 25.7pt;\" valign=\"top\" width=\"109\"><h1 style=\"text-align: center; mso-outline-level: 1; mso-element: frame; mso-element-frame-hspace: 9.0pt; mso-element-wrap: around; mso-element-anchor-vertical: paragraph; mso-element-anchor-horizontal: margin; mso-element-top: 2.05pt; mso-height-rule: exactly;\" align=\"center\"><span class=\"TitleChar\"><span style=\"font-size: 16.0pt; font-weight: normal;\">235 mm</span></span></h1></td><td style=\"width: 77.45pt; border-top: none; border-left: none; border-bottom: solid windowtext 1.0pt; border-right: solid windowtext 1.0pt; mso-border-top-alt: solid windowtext .5pt; mso-border-left-alt: solid windowtext .5pt; mso-border-alt: solid windowtext .5pt; padding: 0in 5.4pt 0in 5.4pt; height: 25.7pt;\" valign=\"top\" width=\"103\"><h1 style=\"text-align: center; mso-outline-level: 1; mso-element: frame; mso-element-frame-hspace: 9.0pt; mso-element-wrap: around; mso-element-anchor-vertical: paragraph; mso-element-anchor-horizontal: margin; mso-element-top: 2.05pt; mso-height-rule: exactly;\" align=\"center\"><span class=\"TitleChar\"><span style=\"font-size: 16.0pt; font-weight: normal;\">115 mm</span></span></h1></td><td style=\"width: 84.25pt; border-top: none; border-left: none; border-bottom: solid windowtext 1.0pt; border-right: solid windowtext 1.0pt; mso-border-top-alt: solid windowtext .5pt; mso-border-left-alt: solid windowtext .5pt; mso-border-alt: solid windowtext .5pt; padding: 0in 5.4pt 0in 5.4pt; height: 25.7pt;\" valign=\"top\" width=\"112\"><h1 style=\"text-align: center; mso-outline-level: 1; mso-element: frame; mso-element-frame-hspace: 9.0pt; mso-element-wrap: around; mso-element-anchor-vertical: paragraph; mso-element-anchor-horizontal: margin; mso-element-top: 2.05pt; mso-height-rule: exactly;\" align=\"center\"><span class=\"TitleChar\"><span style=\"font-size: 16.0pt; font-weight: normal;\">60 mm</span></span></h1></td><td style=\"width: 100.75pt; border-top: none; border-left: none; border-bottom: solid windowtext 1.0pt; border-right: solid windowtext 1.0pt; mso-border-top-alt: solid windowtext .5pt; mso-border-left-alt: solid windowtext .5pt; mso-border-alt: solid windowtext .5pt; padding: 0in 5.4pt 0in 5.4pt; height: 25.7pt;\" valign=\"top\" width=\"134\"><h1 style=\"text-align: center; mso-outline-level: 1; mso-element: frame; mso-element-frame-hspace: 9.0pt; mso-element-wrap: around; mso-element-anchor-vertical: paragraph; mso-element-anchor-horizontal: margin; mso-element-top: 2.05pt; mso-height-rule: exactly;\" align=\"center\"><span class=\"TitleChar\"><span style=\"font-size: 16.0pt; font-weight: normal;\">Transparent</span></span></h1></td></tr></tbody></table><h1><span style=\"font-size: 18.0pt;\">&nbsp;</span></h1><h1><span style=\"font-size: 18.0pt;\">&nbsp;</span></h1><h1>&nbsp;</h1><h1><span style=\"font-size: 18.0pt; font-family: \'Calibri Light\',sans-serif; mso-ascii-theme-font: major-latin; mso-hansi-theme-font: major-latin; mso-bidi-theme-font: major-latin;\">Uses:- </span><span style=\"font-size: 18.0pt; font-family: \'Calibri Light\',sans-serif; mso-ascii-theme-font: major-latin; mso-hansi-theme-font: major-latin; mso-bidi-theme-font: major-latin; color: black; font-weight: normal;\">Food Packaging Containers and more....</span></h1>',NULL),(77,77,'en','250 ml Rectangle Hinged Container Box(100 pc pack)','<h1 style=\"margin: 0in; margin-bottom: .0001pt; line-height: 18.0pt; background: white;\"><span style=\"font-size: 16.5pt; font-family: Arial, sans-serif;\">250ml Rectangular Hinged Boxes(minimum order quantity 100 pices)</span></h1><h1 style=\"margin: 0in; margin-bottom: .0001pt; line-height: 18.0pt; background: white;\"><span style=\"font-size: 16.5pt; font-family: Arial, sans-serif;\">&nbsp;</span></h1><p class=\"MsoNormal\" style=\"margin-bottom: .0001pt;\"><span style=\"font-size: 18.0pt; line-height: 107%; font-family: \'Calibri Light\',sans-serif; mso-ascii-theme-font: major-latin; mso-hansi-theme-font: major-latin; mso-bidi-theme-font: major-latin; background: white;\">Big Bar transparent container Box comes with a hinged lid.</span></p><p class=\"MsoNormal\" style=\"margin-bottom: .0001pt; line-height: normal;\"><span style=\"font-size: 18.0pt; font-family: \'Calibri Light\',sans-serif; mso-ascii-theme-font: major-latin; mso-hansi-theme-font: major-latin; mso-bidi-theme-font: major-latin; background: white;\">The Big Bar disposable container works well</span></p><p class=\"MsoNormal\" style=\"margin-bottom: .0001pt; line-height: normal;\"><span style=\"font-size: 18.0pt; font-family: \'Calibri Light\',sans-serif; mso-ascii-theme-font: major-latin; mso-hansi-theme-font: major-latin; mso-bidi-theme-font: major-latin; background: white;\">for salads, cookies,snacks.</span></p><p class=\"MsoNormal\" style=\"margin-bottom: .0001pt;\"><span style=\"font-size: 18.0pt; line-height: 107%; font-family: \'Calibri Light\',sans-serif; mso-ascii-theme-font: major-latin; mso-hansi-theme-font: major-latin; mso-bidi-theme-font: major-latin; background: white;\">It\'s a thin plastic container and is advisable</span></p><p class=\"MsoNormal\" style=\"margin-bottom: .0001pt;\"><span style=\"font-size: 18.0pt; line-height: 107%; font-family: \'Calibri Light\',sans-serif; mso-ascii-theme-font: major-latin; mso-hansi-theme-font: major-latin; mso-bidi-theme-font: major-latin; background: white;\">not to be used to pack hot items.</span></p><p class=\"MsoNormal\" style=\"margin-bottom: .0001pt;\"><span style=\"font-size: 18.0pt; line-height: 107%; font-family: \'Calibri Light\',sans-serif; mso-ascii-theme-font: major-latin; mso-hansi-theme-font: major-latin; mso-bidi-theme-font: major-latin; background: white;\">&nbsp;</span></p><table class=\"MsoTableGrid\" style=\"width: 344.25pt; border: none; margin-left: 6.75pt; margin-right: 6.75pt;\" border=\"1\" width=\"0\" cellspacing=\"0\" cellpadding=\"0\" align=\"left\"><tbody><tr style=\"mso-yfti-irow: 0; mso-yfti-firstrow: yes; height: 25.7pt;\"><td style=\"width: 81.8pt; border-width: 1pt; border-color: windowtext; border-image: initial; padding: 0in 5.4pt; height: 25.7pt;\" valign=\"top\" width=\"109\"><h1 style=\"text-align: center; mso-outline-level: 1; mso-element: frame; mso-element-frame-hspace: 9.0pt; mso-element-wrap: around; mso-element-anchor-vertical: paragraph; mso-element-anchor-horizontal: margin; mso-element-top: 2.05pt; mso-height-rule: exactly;\" align=\"center\"><span class=\"TitleChar\"><span style=\"font-size: 20pt; letter-spacing: 0pt; font-weight: normal;\">Length</span></span></h1></td><td style=\"width: 77.45pt; border-top-width: 1pt; border-right-width: 1pt; border-bottom-width: 1pt; border-top-color: windowtext; border-right-color: windowtext; border-bottom-color: windowtext; border-image: initial; border-left: none; padding: 0in 5.4pt; height: 25.7pt;\" valign=\"top\" width=\"103\"><h1 style=\"text-align: center; mso-outline-level: 1; mso-element: frame; mso-element-frame-hspace: 9.0pt; mso-element-wrap: around; mso-element-anchor-vertical: paragraph; mso-element-anchor-horizontal: margin; mso-element-top: 2.05pt; mso-height-rule: exactly;\" align=\"center\"><span class=\"TitleChar\"><span style=\"font-size: 20pt; letter-spacing: 0pt; font-weight: normal;\">Width</span></span></h1></td><td style=\"width: 84.25pt; border-top-width: 1pt; border-right-width: 1pt; border-bottom-width: 1pt; border-top-color: windowtext; border-right-color: windowtext; border-bottom-color: windowtext; border-image: initial; border-left: none; padding: 0in 5.4pt; height: 25.7pt;\" valign=\"top\" width=\"112\"><h1 style=\"text-align: center; mso-outline-level: 1; mso-element: frame; mso-element-frame-hspace: 9.0pt; mso-element-wrap: around; mso-element-anchor-vertical: paragraph; mso-element-anchor-horizontal: margin; mso-element-top: 2.05pt; mso-height-rule: exactly;\" align=\"center\"><span class=\"TitleChar\"><span style=\"font-size: 20pt; letter-spacing: 0pt; font-weight: normal;\">Height</span></span></h1></td><td style=\"width: 100.75pt; border-top-width: 1pt; border-right-width: 1pt; border-bottom-width: 1pt; border-top-color: windowtext; border-right-color: windowtext; border-bottom-color: windowtext; border-image: initial; border-left: none; padding: 0in 5.4pt; height: 25.7pt;\" valign=\"top\" width=\"134\"><h1 style=\"text-align: center; mso-outline-level: 1; mso-element: frame; mso-element-frame-hspace: 9.0pt; mso-element-wrap: around; mso-element-anchor-vertical: paragraph; mso-element-anchor-horizontal: margin; mso-element-top: 2.05pt; mso-height-rule: exactly;\" align=\"center\"><span class=\"TitleChar\"><span style=\"font-size: 20pt; letter-spacing: 0pt; font-weight: normal;\">Color</span></span></h1></td></tr><tr style=\"mso-yfti-irow: 1; mso-yfti-lastrow: yes; height: 25.7pt;\"><td style=\"width: 81.8pt; border-right-width: 1pt; border-bottom-width: 1pt; border-left-width: 1pt; border-right-color: windowtext; border-bottom-color: windowtext; border-left-color: windowtext; border-image: initial; border-top: none; padding: 0in 5.4pt; height: 25.7pt;\" valign=\"top\" width=\"109\"><h1 style=\"text-align: center; mso-outline-level: 1; mso-element: frame; mso-element-frame-hspace: 9.0pt; mso-element-wrap: around; mso-element-anchor-vertical: paragraph; mso-element-anchor-horizontal: margin; mso-element-top: 2.05pt; mso-height-rule: exactly;\" align=\"center\"><span class=\"TitleChar\"><span style=\"font-size: 16.0pt; font-weight: normal;\">115 mm</span></span></h1></td><td style=\"width: 77.45pt; border-top: none; border-left: none; border-bottom-width: 1pt; border-bottom-color: windowtext; border-right-width: 1pt; border-right-color: windowtext; padding: 0in 5.4pt; height: 25.7pt;\" valign=\"top\" width=\"103\"><h1 style=\"text-align: center; mso-outline-level: 1; mso-element: frame; mso-element-frame-hspace: 9.0pt; mso-element-wrap: around; mso-element-anchor-vertical: paragraph; mso-element-anchor-horizontal: margin; mso-element-top: 2.05pt; mso-height-rule: exactly;\" align=\"center\"><span class=\"TitleChar\"><span style=\"font-size: 16.0pt; font-weight: normal;\">130 mm</span></span></h1></td><td style=\"width: 84.25pt; border-top: none; border-left: none; border-bottom-width: 1pt; border-bottom-color: windowtext; border-right-width: 1pt; border-right-color: windowtext; padding: 0in 5.4pt; height: 25.7pt;\" valign=\"top\" width=\"112\"><h1 style=\"text-align: center; mso-outline-level: 1; mso-element: frame; mso-element-frame-hspace: 9.0pt; mso-element-wrap: around; mso-element-anchor-vertical: paragraph; mso-element-anchor-horizontal: margin; mso-element-top: 2.05pt; mso-height-rule: exactly;\" align=\"center\"><span class=\"TitleChar\"><span style=\"font-size: 16.0pt; font-weight: normal;\">40 mm</span></span></h1></td><td style=\"width: 100.75pt; border-top: none; border-left: none; border-bottom-width: 1pt; border-bottom-color: windowtext; border-right-width: 1pt; border-right-color: windowtext; padding: 0in 5.4pt; height: 25.7pt;\" valign=\"top\" width=\"134\"><h1><span style=\"font-size: 16.0pt; font-family: \'Calibri Light\',sans-serif; mso-ascii-theme-font: major-latin; mso-fareast-font-family: \'Times New Roman\'; mso-fareast-theme-font: major-fareast; mso-hansi-theme-font: major-latin; mso-bidi-font-family: Mangal; mso-bidi-theme-font: major-bidi; letter-spacing: -.5pt; mso-font-kerning: 14.0pt; font-weight: normal;\">Transparent</span></h1></td></tr></tbody></table><h1><span style=\"font-size: 18.0pt;\">&nbsp;</span></h1><h1><span style=\"font-size: 18.0pt;\">&nbsp;</span></h1><h1><span style=\"font-size: 18.0pt;\">&nbsp;</span></h1><p><span style=\"font-size: 18.0pt; line-height: 107%; font-family: \'Calibri Light\',sans-serif; mso-ascii-theme-font: major-latin; mso-fareast-font-family: Calibri; mso-fareast-theme-font: minor-latin; mso-hansi-theme-font: major-latin; mso-bidi-theme-font: major-latin; mso-ansi-language: EN-US; mso-fareast-language: EN-US; mso-bidi-language: AR-SA;\">Uses:- <strong>Food Packaging Containers.</strong></span></p>',NULL),(78,78,'en','600  ml Transparent Plastic Hinged Container(100 pc pack)','<h1>Oracle Plastic hinged box, For Food</h1><p class=\"MsoTitle\"><span style=\"font-size: 16.0pt;\">Keeps contents fresh for long. Ideal for dry food, pulses, spices, fresh vegetables, etc...</span></p><p class=\"MsoNormal\">&nbsp;</p><table class=\"MsoTableGrid\" style=\"border-collapse: collapse; border: none; mso-border-alt: solid windowtext .5pt; mso-yfti-tbllook: 1184; mso-padding-alt: 0in 5.4pt 0in 5.4pt;\" border=\"1\" cellspacing=\"0\" cellpadding=\"0\"><tbody><tr style=\"mso-yfti-irow: 0; mso-yfti-firstrow: yes; height: 26.4pt;\"><td style=\"width: 93.8pt; border: solid windowtext 1.0pt; mso-border-alt: solid windowtext .5pt; padding: 0in 5.4pt 0in 5.4pt; height: 26.4pt;\" valign=\"top\" width=\"125\"><h1 style=\"text-align: center; mso-outline-level: 1;\" align=\"center\"><span class=\"TitleChar\"><span style=\"font-size: 28.0pt; font-weight: normal;\">Length</span></span></h1></td><td style=\"width: 93.8pt; border: solid windowtext 1.0pt; border-left: none; mso-border-left-alt: solid windowtext .5pt; mso-border-alt: solid windowtext .5pt; padding: 0in 5.4pt 0in 5.4pt; height: 26.4pt;\" valign=\"top\" width=\"125\"><h1 style=\"text-align: center; mso-outline-level: 1;\" align=\"center\"><span class=\"TitleChar\"><span style=\"font-size: 28.0pt; font-weight: normal;\">Width</span></span></h1></td><td style=\"width: 93.85pt; border: solid windowtext 1.0pt; border-left: none; mso-border-left-alt: solid windowtext .5pt; mso-border-alt: solid windowtext .5pt; padding: 0in 5.4pt 0in 5.4pt; height: 26.4pt;\" valign=\"top\" width=\"125\"><h1 style=\"text-align: center; mso-outline-level: 1;\" align=\"center\"><span class=\"TitleChar\"><span style=\"font-size: 28.0pt; font-weight: normal;\">Height</span></span></h1></td><td style=\"width: 93.85pt; border: solid windowtext 1.0pt; border-left: none; mso-border-left-alt: solid windowtext .5pt; mso-border-alt: solid windowtext .5pt; padding: 0in 5.4pt 0in 5.4pt; height: 26.4pt;\" valign=\"top\" width=\"134\"><h1 style=\"text-align: center; mso-outline-level: 1;\" align=\"center\"><span class=\"TitleChar\"><span style=\"font-size: 28.0pt; font-weight: normal;\">Color</span></span></h1></td></tr><tr style=\"mso-yfti-irow: 1; mso-yfti-lastrow: yes; height: 26.4pt;\"><td style=\"width: 93.8pt; border: solid windowtext 1.0pt; border-top: none; mso-border-top-alt: solid windowtext .5pt; mso-border-alt: solid windowtext .5pt; padding: 0in 5.4pt 0in 5.4pt; height: 26.4pt;\" valign=\"top\" width=\"125\"><h1 style=\"text-align: center; mso-outline-level: 1;\" align=\"center\"><span class=\"TitleChar\"><span style=\"font-size: 20.0pt; font-weight: normal;\">180 mm</span></span></h1></td><td style=\"width: 93.8pt; border-top: none; border-left: none; border-bottom: solid windowtext 1.0pt; border-right: solid windowtext 1.0pt; mso-border-top-alt: solid windowtext .5pt; mso-border-left-alt: solid windowtext .5pt; mso-border-alt: solid windowtext .5pt; padding: 0in 5.4pt 0in 5.4pt; height: 26.4pt;\" valign=\"top\" width=\"125\"><h1 style=\"text-align: center; mso-outline-level: 1;\" align=\"center\"><span class=\"TitleChar\"><span style=\"font-size: 20.0pt; font-weight: normal;\">130 mm</span></span></h1></td><td style=\"width: 93.85pt; border-top: none; border-left: none; border-bottom: solid windowtext 1.0pt; border-right: solid windowtext 1.0pt; mso-border-top-alt: solid windowtext .5pt; mso-border-left-alt: solid windowtext .5pt; mso-border-alt: solid windowtext .5pt; padding: 0in 5.4pt 0in 5.4pt; height: 26.4pt;\" valign=\"top\" width=\"125\"><h1 style=\"text-align: center; mso-outline-level: 1;\" align=\"center\"><span class=\"TitleChar\"><span style=\"font-size: 20.0pt; font-weight: normal;\">40 mm</span></span></h1></td><td style=\"width: 93.85pt; border-top: none; border-left: none; border-bottom: solid windowtext 1.0pt; border-right: solid windowtext 1.0pt; mso-border-top-alt: solid windowtext .5pt; mso-border-left-alt: solid windowtext .5pt; mso-border-alt: solid windowtext .5pt; padding: 0in 5.4pt 0in 5.4pt; height: 26.4pt;\" valign=\"top\" width=\"134\"><h1 style=\"text-align: center; mso-outline-level: 1;\" align=\"center\"><span class=\"TitleChar\"><span style=\"font-size: 20.0pt; font-weight: normal;\">Transparent</span></span></h1></td></tr></tbody></table><h1><span style=\"font-size: 18.0pt;\">Uses:- </span><span class=\"TitleChar\"><span style=\"font-size: 18.0pt; font-weight: normal;\">dry food, pulses, spices, fresh vegetables, etc...</span></span></h1>',NULL),(79,79,'en','6 Cup Cake Paper Box','<ul class=\"a-unordered-list a-vertical a-spacing-mini\" style=\"box-sizing: border-box; margin: 0px 0px 0px 18px; color: #0f1111; padding: 0px; font-family: \'Amazon Ember\', Arial, sans-serif; font-size: 14px; background-color: #ffffff;\"><li style=\"box-sizing: border-box; list-style: disc; overflow-wrap: break-word; margin: 0px;\"><h1 id=\"title\" class=\"a-size-large a-spacing-none\" style=\"box-sizing: border-box; padding: 0px; text-rendering: optimizelegibility; font-weight: 400; font-size: 24px !important; line-height: 32px !important; margin: 0px 0px 0px !important 0px;\"><span id=\"productTitle\" class=\"a-size-large product-title-word-break\" style=\"box-sizing: border-box; text-rendering: optimizelegibility; word-break: break-word; line-height: 32px !important;\">Cupcake Boxes with Inserts 6 Holders,9x6x3inch Large White Standard Bakery Boxes with Window Food Grade Cake Carrier Container for Muffins,Gift Treat Box</span></h1><span class=\"a-list-item\" style=\"box-sizing: border-box;\">Premium MaterialThis box is made of food grade sturdy cardboard paper, thick enough to prevent deformation</span></li><li style=\"box-sizing: border-box; list-style: disc; overflow-wrap: break-word; margin: 0px;\"><span class=\"a-list-item\" style=\"box-sizing: border-box;\">Window &amp; Insert Designlarge and clear window both on the front and top, perfect to present the fancy cupcakes and goodies inside without exposing to the air. Insertable fixed base design keeping the cupcake upright</span></li><li style=\"box-sizing: border-box; list-style: disc; overflow-wrap: break-word; margin: 0px;\"><span class=\"a-list-item\" style=\"box-sizing: border-box;\">Various Suitable OccasionsSuitable for Store or individuals. Beautiful box will let the cake looks upscale. It is also perfect as a sweet treat for wedding reception , birthday party, baby shower party, cupcake party... They work for any special occasion. You can package cupcake or even try macaroons, chocolate chip cookies, caramel popcorn or whatever you desire as take-home treats for your guests</span></li><li style=\"box-sizing: border-box; list-style: disc; overflow-wrap: break-word; margin: 0px;\"><span class=\"a-list-item\" style=\"box-sizing: border-box;\">Easy to assemble Individual cupcake boxes with insert, easy to assemble in seconds and ideal for sharing cupcakes with your relatives &amp; friends on parties, birthday, ceremonies or commercial baked food packaging</span></li><li style=\"box-sizing: border-box; list-style: disc; overflow-wrap: break-word; margin: 0px;\"><span class=\"a-list-item\" style=\"box-sizing: border-box;\">Package includes15 x cupcake boxes+15 x cupcake inserts , boxes and holders come flat packed , easy to store and transport, just fold them up and put them together</span></li></ul>',NULL),(80,80,'en','3 cp','<p>3cp</p>',NULL),(81,81,'en','2 CP Meal Tray','<h2 class=\"FM_f22 FM_mb12 FM_w1 \" style=\"margin: 0px 0px 12px; padding: 0px; font-size: 22px; width: 615px; color: #333333; font-family: arial; background-color: #ffffff;\"><a id=\"title-1\" class=\"FM_c1 FM_Lsp1 Fm_lh5 FM_c12 FM_cp \" style=\"text-decoration-line: none; outline: none; color: #111111; cursor: pointer; line-height: 1.18; letter-spacing: -0.2px;\" href=\"https://www.indiamart.com/proddetail/2112-big-2-cp-meal-tray-11560203062.html\" target=\"_blank\" rel=\"noopener\">2 CP Meal Tray</a></h2>',NULL),(82,82,'en','6 Cup Cake Boxes (50 pc pack)','<h1 style=\"margin-top: 0in; background: white;\"><span class=\"a-size-large\"><span style=\"font-family: \'Arial\',sans-serif; color: #0f1111; font-weight: normal;\">6 Cupcake Boxes</span></span></h1><p><span class=\"a-size-large\"><span style=\"font-size: 18.0pt; line-height: 107%; mso-bidi-font-family: \'Calibri Light\'; mso-bidi-theme-font: major-latin; color: #0f1111;\">Cupcake Boxes with Inserts 6 Holders,250x175x9 mm Large White Standard Bakery Boxes.</span></span></p><p class=\"MsoNormal\">&nbsp;</p><table class=\"MsoTableGrid\" style=\"border-collapse: collapse; border: none; mso-border-alt: solid windowtext .5pt; mso-yfti-tbllook: 1184; mso-padding-alt: 0in 5.4pt 0in 5.4pt;\" border=\"1\" cellspacing=\"0\" cellpadding=\"0\"><tbody><tr style=\"mso-yfti-irow: 0; mso-yfti-firstrow: yes; height: 26.4pt;\"><td style=\"width: 93.8pt; border: solid windowtext 1.0pt; mso-border-alt: solid windowtext .5pt; padding: 0in 5.4pt 0in 5.4pt; height: 26.4pt;\" valign=\"top\" width=\"125\"><h1 style=\"text-align: center; mso-outline-level: 1;\" align=\"center\"><span class=\"TitleChar\"><span style=\"font-size: 28.0pt; font-weight: normal;\">Length</span></span></h1></td><td style=\"width: 93.8pt; border: solid windowtext 1.0pt; border-left: none; mso-border-left-alt: solid windowtext .5pt; mso-border-alt: solid windowtext .5pt; padding: 0in 5.4pt 0in 5.4pt; height: 26.4pt;\" valign=\"top\" width=\"125\"><h1 style=\"text-align: center; mso-outline-level: 1;\" align=\"center\"><span class=\"TitleChar\"><span style=\"font-size: 28.0pt; font-weight: normal;\">Width</span></span></h1></td><td style=\"width: 93.85pt; border: solid windowtext 1.0pt; border-left: none; mso-border-left-alt: solid windowtext .5pt; mso-border-alt: solid windowtext .5pt; padding: 0in 5.4pt 0in 5.4pt; height: 26.4pt;\" valign=\"top\" width=\"125\"><h1 style=\"text-align: center; mso-outline-level: 1;\" align=\"center\"><span class=\"TitleChar\"><span style=\"font-size: 28.0pt; font-weight: normal;\">Height</span></span></h1></td><td style=\"width: 93.85pt; border: solid windowtext 1.0pt; border-left: none; mso-border-left-alt: solid windowtext .5pt; mso-border-alt: solid windowtext .5pt; padding: 0in 5.4pt 0in 5.4pt; height: 26.4pt;\" valign=\"top\" width=\"125\"><h1 style=\"text-align: center; mso-outline-level: 1;\" align=\"center\"><span class=\"TitleChar\"><span style=\"font-size: 28.0pt; font-weight: normal;\">Color</span></span></h1></td></tr><tr style=\"mso-yfti-irow: 1; mso-yfti-lastrow: yes; height: 26.4pt;\"><td style=\"width: 93.8pt; border: solid windowtext 1.0pt; border-top: none; mso-border-top-alt: solid windowtext .5pt; mso-border-alt: solid windowtext .5pt; padding: 0in 5.4pt 0in 5.4pt; height: 26.4pt;\" valign=\"top\" width=\"125\"><h1 style=\"text-align: center; mso-outline-level: 1;\" align=\"center\"><span class=\"TitleChar\"><span style=\"font-size: 20.0pt; font-weight: normal;\">250 mm</span></span></h1></td><td style=\"width: 93.8pt; border-top: none; border-left: none; border-bottom: solid windowtext 1.0pt; border-right: solid windowtext 1.0pt; mso-border-top-alt: solid windowtext .5pt; mso-border-left-alt: solid windowtext .5pt; mso-border-alt: solid windowtext .5pt; padding: 0in 5.4pt 0in 5.4pt; height: 26.4pt;\" valign=\"top\" width=\"125\"><h1 style=\"text-align: center; mso-outline-level: 1;\" align=\"center\"><span class=\"TitleChar\"><span style=\"font-size: 20.0pt; font-weight: normal;\">175 mm</span></span></h1></td><td style=\"width: 93.85pt; border-top: none; border-left: none; border-bottom: solid windowtext 1.0pt; border-right: solid windowtext 1.0pt; mso-border-top-alt: solid windowtext .5pt; mso-border-left-alt: solid windowtext .5pt; mso-border-alt: solid windowtext .5pt; padding: 0in 5.4pt 0in 5.4pt; height: 26.4pt;\" valign=\"top\" width=\"125\"><h1 style=\"text-align: center; mso-outline-level: 1;\" align=\"center\"><span class=\"TitleChar\"><span style=\"font-size: 20.0pt; font-weight: normal;\">90 mm</span></span></h1></td><td style=\"width: 93.85pt; border-top: none; border-left: none; border-bottom: solid windowtext 1.0pt; border-right: solid windowtext 1.0pt; mso-border-top-alt: solid windowtext .5pt; mso-border-left-alt: solid windowtext .5pt; mso-border-alt: solid windowtext .5pt; padding: 0in 5.4pt 0in 5.4pt; height: 26.4pt;\" valign=\"top\" width=\"125\"><h1 style=\"mso-outline-level: 1;\"><span class=\"TitleChar\"><span style=\"font-size: 20.0pt; font-weight: normal;\">Multicolor</span></span></h1></td></tr></tbody></table><h1><span style=\"font-size: 18.0pt;\">Uses:- </span><span style=\"font-size: 18.0pt; font-family: \'Calibri Light\',sans-serif; mso-ascii-theme-font: major-latin; mso-fareast-font-family: \'Times New Roman\'; mso-fareast-theme-font: major-fareast; mso-hansi-theme-font: major-latin; mso-bidi-font-family: Mangal; mso-bidi-theme-font: major-bidi; letter-spacing: -.5pt; mso-font-kerning: 14.0pt; font-weight: normal;\">Window Food Grade Cake Carrier Container for Muffins, Gift Treat Box,<span class=\"TitleChar\"><span style=\"mso-ansi-font-size: 18.0pt; mso-bidi-font-size: 18.0pt;\"> etc...</span></span></span></h1>',NULL),(83,83,'en','750 ML Hinged Box (100 pc pack)','<h1 style=\"box-sizing: border-box; margin: 0px 0px 14px; font-weight: 500; line-height: 18pt; font-size: 36px; color: #191919; padding: 0px; font-family: Rubik, Arial, Helvetica, sans-serif; background-color: #ffffff;\"><span style=\"box-sizing: border-box; font-family: Arial, sans-serif; font-size: 16.5pt;\">750 Ml Hinged Rectangular Container(minimum order quantity 100 pieces)</span></h1><p class=\"MsoNormal\" style=\"box-sizing: border-box; margin: 0px 0px 0.0001pt; padding: 0px; font-family: Rubik, Arial, Helvetica, sans-serif; font-size: 15px; line-height: 23px; color: #6e6e6e; background-color: #ffffff;\"><span style=\"box-sizing: border-box; font-family: \'Calibri Light\', sans-serif; font-size: 18pt; line-height: 25.68px; background-image: initial; background-position: initial; background-size: initial; background-repeat: initial; background-attachment: initial; background-origin: initial; background-clip: initial;\">750 ML Hinged Rectangular Transparent Container is made up of Polyethylene terephthalate (PET) material which comes with attached LID for better transportation of food.</span><span style=\"box-sizing: border-box; font-family: \'Calibri Light\', sans-serif; font-size: 18pt; line-height: 25.68px; background-image: initial; background-position: initial; background-size: initial; background-repeat: initial; background-attachment: initial; background-origin: initial; background-clip: initial;\"><strong style=\"font-size: 18pt;\"><span style=\"font-size: 16pt;\">&nbsp;</span></strong></span></p><p class=\"MsoNoSpacing\"><strong><span style=\"font-size: 16.0pt; font-family: \'Calibri Light\',sans-serif; mso-ascii-theme-font: major-latin; mso-hansi-theme-font: major-latin; mso-bidi-theme-font: major-latin;\">&nbsp;</span></strong><span style=\"text-indent: -0.25in; font-size: 10pt; font-family: Symbol;\">&middot;<span style=\"font-variant-numeric: normal; font-variant-east-asian: normal; font-stretch: normal; font-size: 7pt; line-height: normal; font-family: \'Times New Roman\';\">&nbsp;&nbsp;&nbsp;&nbsp;&nbsp;&nbsp;&nbsp;&nbsp; </span></span><strong style=\"text-indent: -0.25in; font-size: 18pt;\"><span style=\"font-size: 16pt;\">Uses:-</span></strong><span style=\"text-indent: -0.25in; font-size: 16pt;\">&nbsp;</span>Keeps contents fresh for long. Ideal for dry food, pulses, spices, fresh vegetables, <span style=\"text-indent: -0.25in; font-size: 16pt;\">and more&hellip;..</span></p>',NULL),(84,84,'en','1000 ml Hinged Box (100 pc pack)','<h1 style=\"box-sizing: border-box; margin: 0px 0px 14px; font-weight: 500; line-height: 18pt; font-size: 36px; color: #191919; padding: 0px; font-family: Rubik, Arial, Helvetica, sans-serif; background-color: #ffffff;\"><span style=\"box-sizing: border-box; font-family: Arial, sans-serif; font-size: 16.5pt;\">1000 Ml Hinged Rectangular Container(minimum order quantity 100 pieces)</span></h1><p class=\"MsoNormal\" style=\"box-sizing: border-box; margin: 0px 0px 0.0001pt; padding: 0px; font-family: Rubik, Arial, Helvetica, sans-serif; font-size: 15px; line-height: 23px; color: #6e6e6e; background-color: #ffffff;\"><span style=\"box-sizing: border-box; font-family: \'Calibri Light\', sans-serif; font-size: 18pt; line-height: 25.68px; background-image: initial; background-position: initial; background-size: initial; background-repeat: initial; background-attachment: initial; background-origin: initial; background-clip: initial;\">1000 ML Hinged Rectangular Transparent Container is made up of Polyethylene terephthalate (PET) material which comes with attached LID for better transportation of food.</span></p><p class=\"MsoNormal\" style=\"box-sizing: border-box; margin: 0px 0px 0.0001pt; padding: 0px; font-family: Rubik, Arial, Helvetica, sans-serif; font-size: 15px; line-height: 23px; color: #6e6e6e; background-color: #ffffff;\"><span style=\"box-sizing: border-box; font-family: \'Calibri Light\', sans-serif; font-size: 18pt; line-height: 25.68px; background-image: initial; background-position: initial; background-size: initial; background-repeat: initial; background-attachment: initial; background-origin: initial; background-clip: initial;\">&nbsp;</span></p><table class=\"MsoTableGrid\" style=\"color: #191919; font-family: Rubik, Arial, Helvetica, sans-serif; font-size: 15px; background-color: #ffffff; width: 344.25pt; border: none; margin-left: 6.75pt; margin-right: 6.75pt;\" border=\"1\" width=\"0\" cellspacing=\"0\" cellpadding=\"0\" align=\"left\"><tbody style=\"box-sizing: border-box;\"><tr style=\"box-sizing: border-box; height: 25.7pt;\"><td style=\"box-sizing: border-box; vertical-align: top; width: 81.8pt; border-width: 1pt; border-color: windowtext; border-image: initial; padding: 0in 5.4pt; height: 25.7pt;\" valign=\"top\" width=\"109\"><h1 style=\"box-sizing: border-box; margin: 0px 0px 14px; font-weight: 500; line-height: 44px; font-size: 36px; padding: 0px; text-align: center;\" align=\"center\"><span class=\"TitleChar\" style=\"box-sizing: border-box;\"><span style=\"box-sizing: border-box; font-size: 20pt; letter-spacing: 0pt;\">Length</span></span></h1></td><td style=\"box-sizing: border-box; vertical-align: top; width: 77.45pt; border-top-width: 1pt; border-right-width: 1pt; border-bottom-width: 1pt; border-top-color: windowtext; border-right-color: windowtext; border-bottom-color: windowtext; border-image: initial; border-left: none; padding: 0in 5.4pt; height: 25.7pt;\" valign=\"top\" width=\"103\"><h1 style=\"box-sizing: border-box; margin: 0px 0px 14px; font-weight: 500; line-height: 44px; font-size: 36px; padding: 0px; text-align: center;\" align=\"center\"><span class=\"TitleChar\" style=\"box-sizing: border-box;\"><span style=\"box-sizing: border-box; font-size: 20pt; letter-spacing: 0pt;\">Width</span></span></h1></td><td style=\"box-sizing: border-box; vertical-align: top; width: 84.25pt; border-top-width: 1pt; border-right-width: 1pt; border-bottom-width: 1pt; border-top-color: windowtext; border-right-color: windowtext; border-bottom-color: windowtext; border-image: initial; border-left: none; padding: 0in 5.4pt; height: 25.7pt;\" valign=\"top\" width=\"112\"><h1 style=\"box-sizing: border-box; margin: 0px 0px 14px; font-weight: 500; line-height: 44px; font-size: 36px; padding: 0px; text-align: center;\" align=\"center\"><span class=\"TitleChar\" style=\"box-sizing: border-box;\"><span style=\"box-sizing: border-box; font-size: 20pt; letter-spacing: 0pt;\">Height</span></span></h1></td><td style=\"box-sizing: border-box; vertical-align: top; width: 100.75pt; border-top-width: 1pt; border-right-width: 1pt; border-bottom-width: 1pt; border-top-color: windowtext; border-right-color: windowtext; border-bottom-color: windowtext; border-image: initial; border-left: none; padding: 0in 5.4pt; height: 25.7pt;\" valign=\"top\" width=\"134\"><h1 style=\"box-sizing: border-box; margin: 0px 0px 14px; font-weight: 500; line-height: 44px; font-size: 36px; padding: 0px; text-align: center;\" align=\"center\"><span class=\"TitleChar\" style=\"box-sizing: border-box;\"><span style=\"box-sizing: border-box; font-size: 20pt; letter-spacing: 0pt;\">Color</span></span></h1></td></tr><tr style=\"box-sizing: border-box; height: 25.7pt;\"><td style=\"box-sizing: border-box; vertical-align: top; width: 81.8pt; border-right-width: 1pt; border-bottom-width: 1pt; border-left-width: 1pt; border-right-color: windowtext; border-bottom-color: windowtext; border-left-color: windowtext; border-image: initial; border-top: none; padding: 0in 5.4pt; height: 25.7pt;\" valign=\"top\" width=\"109\"><h1 style=\"box-sizing: border-box; margin: 0px 0px 14px; font-weight: 500; line-height: 44px; font-size: 36px; padding: 0px; text-align: center;\" align=\"center\"><span class=\"TitleChar\" style=\"box-sizing: border-box;\"><span style=\"box-sizing: border-box; font-size: 16pt;\">180 mm</span></span></h1></td><td style=\"box-sizing: border-box; vertical-align: top; width: 77.45pt; border-top: none; border-left: none; border-bottom-width: 1pt; border-bottom-color: windowtext; border-right-width: 1pt; border-right-color: windowtext; padding: 0in 5.4pt; height: 25.7pt;\" valign=\"top\" width=\"103\"><h1 style=\"box-sizing: border-box; margin: 0px 0px 14px; font-weight: 500; line-height: 44px; font-size: 36px; padding: 0px; text-align: center;\" align=\"center\"><span class=\"TitleChar\" style=\"box-sizing: border-box;\"><span style=\"box-sizing: border-box; font-size: 16pt;\">130 mm</span></span></h1></td><td style=\"box-sizing: border-box; vertical-align: top; width: 84.25pt; border-top: none; border-left: none; border-bottom-width: 1pt; border-bottom-color: windowtext; border-right-width: 1pt; border-right-color: windowtext; padding: 0in 5.4pt; height: 25.7pt;\" valign=\"top\" width=\"112\"><h1 style=\"box-sizing: border-box; margin: 0px 0px 14px; font-weight: 500; line-height: 44px; font-size: 36px; padding: 0px; text-align: center;\" align=\"center\"><span class=\"TitleChar\" style=\"box-sizing: border-box;\"><span style=\"box-sizing: border-box; font-size: 16pt;\">83 mm</span></span></h1></td><td style=\"box-sizing: border-box; vertical-align: top; width: 100.75pt; border-top: none; border-left: none; border-bottom-width: 1pt; border-bottom-color: windowtext; border-right-width: 1pt; border-right-color: windowtext; padding: 0in 5.4pt; height: 25.7pt;\" valign=\"top\" width=\"134\"><h1 style=\"box-sizing: border-box; margin: 0px 0px 14px; font-weight: 500; line-height: 44px; font-size: 36px; padding: 0px; text-align: center;\" align=\"center\"><span class=\"TitleChar\" style=\"box-sizing: border-box;\"><span style=\"box-sizing: border-box; font-size: 16pt;\">Transparent</span></span></h1></td></tr></tbody></table><h1 style=\"box-sizing: border-box; margin: 0px 0px 14px; font-weight: 500; line-height: 44px; font-size: 36px; color: #191919; padding: 0px; font-family: Rubik, Arial, Helvetica, sans-serif; background-color: #ffffff;\"><span style=\"box-sizing: border-box; font-size: 18pt;\">&nbsp;</span></h1><h1 style=\"box-sizing: border-box; margin: 0px 0px 14px; font-weight: 500; line-height: 44px; font-size: 36px; color: #191919; padding: 0px; font-family: Rubik, Arial, Helvetica, sans-serif; background-color: #ffffff;\"><span style=\"box-sizing: border-box; font-family: \'Calibri Light\', sans-serif; font-size: 18pt;\">&nbsp;</span></h1><p style=\"box-sizing: border-box; margin: 0px; padding: 0px; font-family: Rubik, Arial, Helvetica, sans-serif; font-size: 15px; line-height: 23px; color: #6e6e6e; background-color: #ffffff;\">&nbsp;</p><p style=\"box-sizing: border-box; margin: 0px; padding: 0px; font-family: Rubik, Arial, Helvetica, sans-serif; font-size: 15px; line-height: 23px; color: #6e6e6e; background-color: #ffffff;\"><span style=\"box-sizing: border-box;\"><span style=\"box-sizing: border-box; font-family: \'Calibri Light\', sans-serif; font-size: 18pt; line-height: 25.68px;\">Uses:-&nbsp;</span></span><span style=\"box-sizing: border-box; font-family: \'Calibri Light\', sans-serif; font-size: 18pt; line-height: 25.68px;\">Keeps contents fresh for long. Ideal for dry food, pulses, spices, fresh vegetables and more...</span></p>',NULL),(85,85,'en','Half Kg Window Cake Box (50 pc pack)','<h1 class=\"bo\" style=\"margin: 0px; padding: 0px; font-variant-numeric: normal; font-variant-east-asian: normal; font-stretch: normal; font-size: 22px; line-height: 24px; font-family: arial; background-color: #ffffff;\"><span style=\"color: #191919; font-family: Arial, sans-serif; font-size: 18pt;\">Half Kg Window cake box (50 Pieces /pack).</span></h1><p>&nbsp;</p><p>Made from food certified board.</p><p>The curated design adds personality to your products.</p><p>Given the specification, we will customize and design the right box as per your requirement we can make logo printing for branding purposes.</p><p>&nbsp;<!--[endif]-->Perfect for any occasion such as Birthdays, New year, Easter, Children\'s day and all kinds of celebrations.</p><p>&nbsp;<!--[endif]-->These boxes are super sturdy, easy to open and come with a window atop for you to peep into the box.</p><p>These Cake boxes are commonly printed boxes made of 3 Ply Corrugated Sheet with Printed Paper over the Top.</p><h1><span style=\"font-size: 16.0pt; font-family: \'Calibri Light\',sans-serif; mso-ascii-theme-font: major-latin; mso-fareast-font-family: \'Times New Roman\'; mso-fareast-theme-font: major-fareast; mso-hansi-theme-font: major-latin; mso-bidi-theme-font: major-latin; letter-spacing: -.5pt; mso-font-kerning: 14.0pt; font-weight: normal;\">&nbsp;</span></h1><table class=\"MsoTableGrid\" style=\"border-collapse: collapse; border: none; height: 133px;\" border=\"1\" width=\"666\" cellspacing=\"0\" cellpadding=\"0\"><tbody><tr style=\"mso-yfti-irow: 0; mso-yfti-firstrow: yes;\"><td style=\"width: 116.85pt; border: solid windowtext 1.0pt; mso-border-alt: solid windowtext .5pt; padding: 0in 5.4pt 0in 5.4pt;\" valign=\"top\" width=\"156\"><h1 style=\"text-align: center; mso-outline-level: 1;\" align=\"center\"><span style=\"font-size: 16.0pt; font-family: \'Calibri Light\',sans-serif; mso-ascii-theme-font: major-latin; mso-fareast-font-family: \'Times New Roman\'; mso-fareast-theme-font: major-fareast; mso-hansi-theme-font: major-latin; mso-bidi-theme-font: major-latin; letter-spacing: -.5pt; mso-font-kerning: 14.0pt;\">Length</span></h1></td><td style=\"width: 116.85pt; border: solid windowtext 1.0pt; border-left: none; mso-border-left-alt: solid windowtext .5pt; mso-border-alt: solid windowtext .5pt; padding: 0in 5.4pt 0in 5.4pt;\" valign=\"top\" width=\"156\"><h1 style=\"text-align: center; mso-outline-level: 1;\" align=\"center\"><span style=\"font-size: 16.0pt; font-family: \'Calibri Light\',sans-serif; mso-ascii-theme-font: major-latin; mso-fareast-font-family: \'Times New Roman\'; mso-fareast-theme-font: major-fareast; mso-hansi-theme-font: major-latin; mso-bidi-theme-font: major-latin; letter-spacing: -.5pt; mso-font-kerning: 14.0pt;\">Width</span></h1></td><td style=\"width: 116.9pt; border: solid windowtext 1.0pt; border-left: none; mso-border-left-alt: solid windowtext .5pt; mso-border-alt: solid windowtext .5pt; padding: 0in 5.4pt 0in 5.4pt;\" valign=\"top\" width=\"156\"><h1 style=\"text-align: center; mso-outline-level: 1;\" align=\"center\"><span style=\"font-size: 16.0pt; font-family: \'Calibri Light\',sans-serif; mso-ascii-theme-font: major-latin; mso-fareast-font-family: \'Times New Roman\'; mso-fareast-theme-font: major-fareast; mso-hansi-theme-font: major-latin; mso-bidi-theme-font: major-latin; letter-spacing: -.5pt; mso-font-kerning: 14.0pt;\">Height</span></h1></td><td style=\"width: 116.9pt; border: solid windowtext 1.0pt; border-left: none; mso-border-left-alt: solid windowtext .5pt; mso-border-alt: solid windowtext .5pt; padding: 0in 5.4pt 0in 5.4pt;\" valign=\"top\" width=\"156\"><h1 style=\"text-align: center; mso-outline-level: 1;\" align=\"center\"><span style=\"font-size: 16.0pt; font-family: \'Calibri Light\',sans-serif; mso-ascii-theme-font: major-latin; mso-fareast-font-family: \'Times New Roman\'; mso-fareast-theme-font: major-fareast; mso-hansi-theme-font: major-latin; mso-bidi-theme-font: major-latin; letter-spacing: -.5pt; mso-font-kerning: 14.0pt;\">Color</span></h1></td></tr><tr style=\"mso-yfti-irow: 1; mso-yfti-lastrow: yes;\"><td style=\"width: 116.85pt; border: solid windowtext 1.0pt; border-top: none; mso-border-top-alt: solid windowtext .5pt; mso-border-alt: solid windowtext .5pt; padding: 0in 5.4pt 0in 5.4pt;\" valign=\"top\" width=\"156\"><p class=\"MsoNormal\" style=\"margin-bottom: .0001pt; text-align: center; line-height: normal;\" align=\"center\"><span style=\"font-size: 16.0pt;\">8 Inches</span></p></td><td style=\"width: 116.85pt; border-top: none; border-left: none; border-bottom: solid windowtext 1.0pt; border-right: solid windowtext 1.0pt; mso-border-top-alt: solid windowtext .5pt; mso-border-left-alt: solid windowtext .5pt; mso-border-alt: solid windowtext .5pt; padding: 0in 5.4pt 0in 5.4pt;\" valign=\"top\" width=\"156\"><p class=\"MsoNormal\" style=\"margin-bottom: .0001pt; text-align: center; line-height: normal;\" align=\"center\"><span style=\"font-size: 16.0pt;\">8 Inches</span></p></td><td style=\"width: 116.9pt; border-top: none; border-left: none; border-bottom: solid windowtext 1.0pt; border-right: solid windowtext 1.0pt; mso-border-top-alt: solid windowtext .5pt; mso-border-left-alt: solid windowtext .5pt; mso-border-alt: solid windowtext .5pt; padding: 0in 5.4pt 0in 5.4pt;\" valign=\"top\" width=\"156\"><p class=\"MsoNormal\" style=\"margin-bottom: .0001pt; text-align: center; line-height: normal;\" align=\"center\"><span style=\"font-size: 16.0pt;\">5 Inches</span></p></td><td style=\"width: 116.9pt; border-top: none; border-left: none; border-bottom: solid windowtext 1.0pt; border-right: solid windowtext 1.0pt; mso-border-top-alt: solid windowtext .5pt; mso-border-left-alt: solid windowtext .5pt; mso-border-alt: solid windowtext .5pt; padding: 0in 5.4pt 0in 5.4pt;\" valign=\"top\" width=\"156\"><p class=\"MsoNormal\" style=\"margin-bottom: .0001pt; text-align: center; line-height: normal;\" align=\"center\"><span style=\"font-size: 21.3333px;\">Multicolor</span></p></td></tr></tbody></table><h1><span class=\"TitleChar\"><span style=\"font-size: 16.0pt; mso-bidi-font-family: \'Calibri Light\'; mso-bidi-theme-font: major-latin; font-weight: normal;\">&nbsp;</span></span><span style=\"font-size: 16.0pt; font-family: \'Calibri Light\',sans-serif; mso-ascii-theme-font: major-latin; mso-hansi-theme-font: major-latin; mso-bidi-theme-font: major-latin;\">Uses:- </span><span style=\"font-size: 16.0pt; font-family: \'Calibri Light\',sans-serif; mso-ascii-theme-font: major-latin; mso-hansi-theme-font: major-latin; mso-bidi-theme-font: major-latin; font-weight: normal;\">Perfect for cakes, pies, cookies, muffins, and more&hellip;..</span></h1><p>&nbsp;</p><p>&nbsp;</p>',NULL),(86,86,'en','One Kg Window cake Box (50 pc pack)','<h1><span style=\"font-size: 18.0pt; font-family: \'Arial\',sans-serif; color: #191919;\">One Kg Window cake box (50 Pieces /pack).</span></h1><p><!--[endif]-->Made from food certified board.</p><p>The curated design adds personality to your products.</p><p>Given the specification we will customize and design the right box as per your requirement we can make logo printing for branding purposes.</p><p>Perfect for any occasion such as Birthdays, New year, Easter, Children\'s day and all kinds of celebrations.</p><p>These boxes are super sturdy, easy to open and come with a window atop for you to peep into the box.</p><p>These Cake boxes are commonly printed boxes made of 3 Ply Corrugated Sheet with Printed Paper over the Top.</p><h1><span style=\"font-size: 16.0pt; font-family: \'Calibri Light\',sans-serif; mso-ascii-theme-font: major-latin; mso-fareast-font-family: \'Times New Roman\'; mso-fareast-theme-font: major-fareast; mso-hansi-theme-font: major-latin; mso-bidi-theme-font: major-latin; letter-spacing: -.5pt; mso-font-kerning: 14.0pt; font-weight: normal;\">&nbsp;</span></h1><table class=\"MsoTableGrid\" style=\"border-collapse: collapse; border: none; height: 135px;\" border=\"1\" width=\"669\" cellspacing=\"0\" cellpadding=\"0\"><tbody><tr style=\"mso-yfti-irow: 0; mso-yfti-firstrow: yes;\"><td style=\"width: 116.85pt; border: solid windowtext 1.0pt; mso-border-alt: solid windowtext .5pt; padding: 0in 5.4pt 0in 5.4pt;\" valign=\"top\" width=\"156\"><h1 style=\"text-align: center; mso-outline-level: 1;\" align=\"center\"><span style=\"font-size: 16.0pt; font-family: \'Calibri Light\',sans-serif; mso-ascii-theme-font: major-latin; mso-fareast-font-family: \'Times New Roman\'; mso-fareast-theme-font: major-fareast; mso-hansi-theme-font: major-latin; mso-bidi-theme-font: major-latin; letter-spacing: -.5pt; mso-font-kerning: 14.0pt;\">Length</span></h1></td><td style=\"width: 116.85pt; border: solid windowtext 1.0pt; border-left: none; mso-border-left-alt: solid windowtext .5pt; mso-border-alt: solid windowtext .5pt; padding: 0in 5.4pt 0in 5.4pt;\" valign=\"top\" width=\"156\"><h1 style=\"text-align: center; mso-outline-level: 1;\" align=\"center\"><span style=\"font-size: 16.0pt; font-family: \'Calibri Light\',sans-serif; mso-ascii-theme-font: major-latin; mso-fareast-font-family: \'Times New Roman\'; mso-fareast-theme-font: major-fareast; mso-hansi-theme-font: major-latin; mso-bidi-theme-font: major-latin; letter-spacing: -.5pt; mso-font-kerning: 14.0pt;\">Width</span></h1></td><td style=\"width: 116.9pt; border: solid windowtext 1.0pt; border-left: none; mso-border-left-alt: solid windowtext .5pt; mso-border-alt: solid windowtext .5pt; padding: 0in 5.4pt 0in 5.4pt;\" valign=\"top\" width=\"156\"><h1 style=\"text-align: center; mso-outline-level: 1;\" align=\"center\"><span style=\"font-size: 16.0pt; font-family: \'Calibri Light\',sans-serif; mso-ascii-theme-font: major-latin; mso-fareast-font-family: \'Times New Roman\'; mso-fareast-theme-font: major-fareast; mso-hansi-theme-font: major-latin; mso-bidi-theme-font: major-latin; letter-spacing: -.5pt; mso-font-kerning: 14.0pt;\">Height</span></h1></td><td style=\"width: 116.9pt; border: solid windowtext 1.0pt; border-left: none; mso-border-left-alt: solid windowtext .5pt; mso-border-alt: solid windowtext .5pt; padding: 0in 5.4pt 0in 5.4pt;\" valign=\"top\" width=\"156\"><h1 style=\"text-align: center; mso-outline-level: 1;\" align=\"center\"><span style=\"font-size: 16.0pt; font-family: \'Calibri Light\',sans-serif; mso-ascii-theme-font: major-latin; mso-fareast-font-family: \'Times New Roman\'; mso-fareast-theme-font: major-fareast; mso-hansi-theme-font: major-latin; mso-bidi-theme-font: major-latin; letter-spacing: -.5pt; mso-font-kerning: 14.0pt;\">Color</span></h1></td></tr><tr style=\"mso-yfti-irow: 1; mso-yfti-lastrow: yes;\"><td style=\"width: 116.85pt; border: solid windowtext 1.0pt; border-top: none; mso-border-top-alt: solid windowtext .5pt; mso-border-alt: solid windowtext .5pt; padding: 0in 5.4pt 0in 5.4pt;\" valign=\"top\" width=\"156\"><p class=\"MsoNormal\" style=\"margin-bottom: .0001pt; text-align: center; line-height: normal;\" align=\"center\"><span style=\"font-size: 16.0pt;\">10 Inches</span></p></td><td style=\"width: 116.85pt; border-top: none; border-left: none; border-bottom: solid windowtext 1.0pt; border-right: solid windowtext 1.0pt; mso-border-top-alt: solid windowtext .5pt; mso-border-left-alt: solid windowtext .5pt; mso-border-alt: solid windowtext .5pt; padding: 0in 5.4pt 0in 5.4pt;\" valign=\"top\" width=\"156\"><p class=\"MsoNormal\" style=\"margin-bottom: .0001pt; text-align: center; line-height: normal;\" align=\"center\"><span style=\"font-size: 16.0pt;\">10 Inches</span></p></td><td style=\"width: 116.9pt; border-top: none; border-left: none; border-bottom: solid windowtext 1.0pt; border-right: solid windowtext 1.0pt; mso-border-top-alt: solid windowtext .5pt; mso-border-left-alt: solid windowtext .5pt; mso-border-alt: solid windowtext .5pt; padding: 0in 5.4pt 0in 5.4pt;\" valign=\"top\" width=\"156\"><p class=\"MsoNormal\" style=\"margin-bottom: .0001pt; text-align: center; line-height: normal;\" align=\"center\"><span style=\"font-size: 16.0pt;\">5.5 Inches</span></p></td><td style=\"width: 116.9pt; border-top: none; border-left: none; border-bottom: solid windowtext 1.0pt; border-right: solid windowtext 1.0pt; mso-border-top-alt: solid windowtext .5pt; mso-border-left-alt: solid windowtext .5pt; mso-border-alt: solid windowtext .5pt; padding: 0in 5.4pt 0in 5.4pt;\" valign=\"top\" width=\"156\"><p class=\"MsoNormal\" style=\"margin-bottom: .0001pt; text-align: center; line-height: normal;\" align=\"center\"><span style=\"font-size: 21.3333px;\">Multicolor</span></p></td></tr></tbody></table><h1><span class=\"TitleChar\"><span style=\"font-size: 16.0pt; mso-bidi-font-family: \'Calibri Light\'; mso-bidi-theme-font: major-latin; font-weight: normal;\">&nbsp;</span></span></h1><h1 style=\"margin-left: .25in;\"><span style=\"font-size: 16.0pt; font-family: \'Calibri Light\',sans-serif; mso-ascii-theme-font: major-latin; mso-hansi-theme-font: major-latin; mso-bidi-theme-font: major-latin;\">Uses:- </span><span style=\"font-size: 16.0pt; font-family: \'Calibri Light\',sans-serif; mso-ascii-theme-font: major-latin; mso-hansi-theme-font: major-latin; mso-bidi-theme-font: major-latin; font-weight: normal;\">Perfect for cakes, pies, cookies, muffins, and more&hellip;..</span></h1>',NULL),(87,87,'en','2000 ML Plastic Hinged Box (100 pc pack)','<h2><span style=\"background-color: #ffffff;\"><span style=\"color: #333333; font-family: arial;\">Oracle 2000 ml&nbsp;</span></span><span style=\"color: #333333; font-family: arial;\">Plastic </span><span style=\"color: #333333; font-family: arial; background-color: #ffffff;\">hinged boxes</span></h2><h3 class=\"fs18 mt30 mb10 color\" style=\"line-height: 22px; margin: 30px 0px 10px; padding: 0px; font-size: 18px; color: #333333; font-family: arial; background-color: #ffffff;\">Product Specification</h3><table style=\"margin: 0px; padding: 0px; width: 822.891px; color: #333333; font-family: arial; font-size: 14px; background-color: #ffffff;\"><tbody style=\"margin: 0px; padding: 0px;\"><tr style=\"margin: 0px; padding: 0px;\"><td class=\"tdwdt\" style=\"margin: 0px; padding: 4px 5px; width: 319.156px; color: #848484; border-bottom: 1px solid #eaeaea; font-size: 15px; vertical-align: top; word-break: break-word;\">Property</td><td class=\"tdwdt1 color6\" style=\"margin: 0px; padding: 4px 5px; color: #000000; width: 483.734px; border-bottom: 1px solid #eaeaea; font-size: 15px; vertical-align: top; word-break: break-word;\">Disposable</td></tr><tr style=\"margin: 0px; padding: 0px;\"><td class=\"tdwdt\" style=\"margin: 0px; padding: 4px 5px; width: 319.156px; color: #848484; border-bottom: 1px solid #eaeaea; font-size: 15px; vertical-align: top; word-break: break-word;\">Usage/Application</td><td class=\"tdwdt1 color6\" style=\"margin: 0px; padding: 4px 5px; color: #000000; width: 483.734px; border-bottom: 1px solid #eaeaea; font-size: 15px; vertical-align: top; word-break: break-word;\">Food</td></tr><tr style=\"margin: 0px; padding: 0px;\"><td class=\"tdwdt\" style=\"margin: 0px; padding: 4px 5px; width: 319.156px; color: #848484; border-bottom: 1px solid #eaeaea; font-size: 15px; vertical-align: top; word-break: break-word;\">Material</td><td class=\"tdwdt1 color6\" style=\"margin: 0px; padding: 4px 5px; color: #000000; width: 483.734px; border-bottom: 1px solid #eaeaea; font-size: 15px; vertical-align: top; word-break: break-word;\">Plastic</td></tr><tr style=\"margin: 0px; padding: 0px;\"><td class=\"tdwdt\" style=\"margin: 0px; padding: 4px 5px; width: 319.156px; color: #848484; border-bottom: 1px solid #eaeaea; font-size: 15px; vertical-align: top; word-break: break-word;\">Shape</td><td class=\"tdwdt1 color6\" style=\"margin: 0px; padding: 4px 5px; color: #000000; width: 483.734px; border-bottom: 1px solid #eaeaea; font-size: 15px; vertical-align: top; word-break: break-word;\">Rectangle</td></tr><tr style=\"margin: 0px; padding: 0px;\"><td class=\"tdwdt\" style=\"margin: 0px; padding: 4px 5px; width: 319.156px; color: #848484; border-bottom: 1px solid #eaeaea; font-size: 15px; vertical-align: top; word-break: break-word;\">Storing Material</td><td class=\"tdwdt1 color6\" style=\"margin: 0px; padding: 4px 5px; color: #000000; width: 483.734px; border-bottom: 1px solid #eaeaea; font-size: 15px; vertical-align: top; word-break: break-word;\">Edible</td></tr><tr style=\"margin: 0px; padding: 0px;\"><td class=\"tdwdt\" style=\"margin: 0px; padding: 4px 5px; width: 319.156px; color: #848484; border-bottom: 1px solid #eaeaea; font-size: 15px; vertical-align: top; word-break: break-word;\">Color</td><td class=\"tdwdt1 color6\" style=\"margin: 0px; padding: 4px 5px; color: #000000; width: 483.734px; border-bottom: 1px solid #eaeaea; font-size: 15px; vertical-align: top; word-break: break-word;\">Transparent</td></tr><tr style=\"margin: 0px; padding: 0px;\"><td class=\"tdwdt\" style=\"margin: 0px; padding: 4px 5px; width: 319.156px; color: #848484; border-bottom: 1px solid #eaeaea; font-size: 15px; vertical-align: top; word-break: break-word;\">I Deal In</td><td class=\"tdwdt1 color6\" style=\"margin: 0px; padding: 4px 5px; color: #000000; width: 483.734px; border-bottom: 1px solid #eaeaea; font-size: 15px; vertical-align: top; word-break: break-word;\">New Only</td></tr><tr style=\"margin: 0px; padding: 0px;\"><td class=\"tdwdt\" style=\"margin: 0px; padding: 4px 5px; width: 319.156px; color: #848484; border-bottom: 1px solid #eaeaea; font-size: 15px; vertical-align: top; word-break: break-word;\">Minimum Order Quantity</td><td class=\"tdwdt1 color6\" style=\"margin: 0px; padding: 4px 5px; color: #000000; width: 483.734px; border-bottom: 1px solid #eaeaea; font-size: 15px; vertical-align: top; word-break: break-word;\">100 Piece</td></tr></tbody></table><p>&nbsp;</p><p><span style=\"color: #333333; font-family: arial; font-size: 16px; background-color: #ffffff;\"><strong>Uses:</strong> It is clear in color for the easy identification of contents and can be used to serve cold food and cookies items</span></p>',NULL),(88,88,'en','SMALL BAR HINGED BOX(100 pc pack)','<h1 style=\"box-sizing: border-box; margin: 0in 0in 0.0001pt; font-weight: 500; line-height: 18pt; font-size: 36px; color: #191919; padding: 0px; font-family: Rubik, Arial, Helvetica, sans-serif; background: white;\"><span style=\"box-sizing: border-box; font-family: Arial, sans-serif; font-size: 16.5pt; color: black;\">SMALL BAR HINGED BOX</span></h1><h1 style=\"box-sizing: border-box; margin: 0in 0in 0.0001pt; font-weight: 500; line-height: 18pt; font-size: 36px; color: #191919; padding: 0px; font-family: Rubik, Arial, Helvetica, sans-serif; background: white;\"><span style=\"box-sizing: border-box; font-family: Arial, sans-serif; font-size: 16.5pt; color: black;\">&nbsp;</span></h1><p class=\"MsoNormal\" style=\"box-sizing: border-box; margin: 0px 0px 0.0001pt; padding: 0px; font-family: Rubik, Arial, Helvetica, sans-serif; font-size: 15px; line-height: 23px; color: #6e6e6e; background-color: #ffffff;\"><span style=\"box-sizing: border-box; font-family: \'Calibri Light\', sans-serif; font-size: 18pt; line-height: 25.68px; background-image: initial; background-position: initial; background-size: initial; background-repeat: initial; background-attachment: initial; background-origin: initial; background-clip: initial;\">Small Bar transparent container Box comes with a hinged lid.</span></p><p class=\"MsoNormal\" style=\"box-sizing: border-box; margin: 0px 0px 0.0001pt; padding: 0px; font-family: Rubik, Arial, Helvetica, sans-serif; font-size: 15px; line-height: normal; color: #6e6e6e; background-color: #ffffff;\"><span style=\"box-sizing: border-box; font-family: \'Calibri Light\', sans-serif; font-size: 18pt; background-image: initial; background-position: initial; background-size: initial; background-repeat: initial; background-attachment: initial; background-origin: initial; background-clip: initial;\">The Big Bar disposable container works well</span></p><p class=\"MsoNormal\" style=\"box-sizing: border-box; margin: 0px 0px 0.0001pt; padding: 0px; font-family: Rubik, Arial, Helvetica, sans-serif; font-size: 15px; line-height: normal; color: #6e6e6e; background-color: #ffffff;\"><span style=\"box-sizing: border-box; font-family: \'Calibri Light\', sans-serif; font-size: 18pt; background-image: initial; background-position: initial; background-size: initial; background-repeat: initial; background-attachment: initial; background-origin: initial; background-clip: initial;\">for salads, cookies,snacks.</span></p><p class=\"MsoNormal\" style=\"box-sizing: border-box; margin: 0px 0px 0.0001pt; padding: 0px; font-family: Rubik, Arial, Helvetica, sans-serif; font-size: 15px; line-height: 23px; color: #6e6e6e; background-color: #ffffff;\"><span style=\"box-sizing: border-box; font-family: \'Calibri Light\', sans-serif; font-size: 18pt; line-height: 25.68px; background-image: initial; background-position: initial; background-size: initial; background-repeat: initial; background-attachment: initial; background-origin: initial; background-clip: initial;\">It\'s a thin plastic container and is advisable</span></p><p class=\"MsoNormal\" style=\"box-sizing: border-box; margin: 0px 0px 0.0001pt; padding: 0px; font-family: Rubik, Arial, Helvetica, sans-serif; font-size: 15px; line-height: 23px; color: #6e6e6e; background-color: #ffffff;\"><span style=\"box-sizing: border-box; font-family: \'Calibri Light\', sans-serif; font-size: 18pt; line-height: 25.68px; background-image: initial; background-position: initial; background-size: initial; background-repeat: initial; background-attachment: initial; background-origin: initial; background-clip: initial;\">not to be used to pack hot items.</span></p><p class=\"MsoNormal\" style=\"box-sizing: border-box; margin: 0px 0px 0.0001pt; padding: 0px; font-family: Rubik, Arial, Helvetica, sans-serif; font-size: 15px; line-height: 23px; color: #6e6e6e; background-color: #ffffff;\"><span style=\"box-sizing: border-box; font-family: \'Calibri Light\', sans-serif; font-size: 18pt; line-height: 25.68px; background-image: initial; background-position: initial; background-size: initial; background-repeat: initial; background-attachment: initial; background-origin: initial; background-clip: initial;\">&nbsp;</span></p><table class=\"MsoTableGrid\" style=\"color: #191919; font-family: Rubik, Arial, Helvetica, sans-serif; font-size: 15px; background-color: #ffffff; width: 344.25pt; border: none; margin-left: 6.75pt; margin-right: 6.75pt;\" border=\"1\" width=\"0\" cellspacing=\"0\" cellpadding=\"0\" align=\"left\"><tbody style=\"box-sizing: border-box;\"><tr style=\"box-sizing: border-box; height: 25.7pt;\"><td style=\"box-sizing: border-box; vertical-align: top; width: 81.8pt; border-width: 1pt; border-color: windowtext; border-image: initial; padding: 0in 5.4pt; height: 25.7pt;\" valign=\"top\" width=\"109\"><h1 style=\"box-sizing: border-box; margin: 0px 0px 14px; font-weight: 500; line-height: 44px; font-size: 36px; padding: 0px; text-align: center;\" align=\"center\"><span class=\"TitleChar\" style=\"box-sizing: border-box;\"><span style=\"box-sizing: border-box; font-size: 20pt; color: black; letter-spacing: 0pt;\">Length</span></span></h1></td><td style=\"box-sizing: border-box; vertical-align: top; width: 77.45pt; border-top-width: 1pt; border-top-color: windowtext; border-right-width: 1pt; border-right-color: windowtext; border-bottom-width: 1pt; border-bottom-color: windowtext; border-left: none; border-image: initial; padding: 0in 5.4pt; height: 25.7pt;\" valign=\"top\" width=\"103\"><h1 style=\"box-sizing: border-box; margin: 0px 0px 14px; font-weight: 500; line-height: 44px; font-size: 36px; padding: 0px; text-align: center;\" align=\"center\"><span class=\"TitleChar\" style=\"box-sizing: border-box;\"><span style=\"box-sizing: border-box; font-size: 20pt; color: black; letter-spacing: 0pt;\">Width</span></span></h1></td><td style=\"box-sizing: border-box; vertical-align: top; width: 84.25pt; border-top-width: 1pt; border-top-color: windowtext; border-right-width: 1pt; border-right-color: windowtext; border-bottom-width: 1pt; border-bottom-color: windowtext; border-left: none; border-image: initial; padding: 0in 5.4pt; height: 25.7pt;\" valign=\"top\" width=\"112\"><h1 style=\"box-sizing: border-box; margin: 0px 0px 14px; font-weight: 500; line-height: 44px; font-size: 36px; padding: 0px; text-align: center;\" align=\"center\"><span class=\"TitleChar\" style=\"box-sizing: border-box;\"><span style=\"box-sizing: border-box; font-size: 20pt; color: black; letter-spacing: 0pt;\">Height</span></span></h1></td><td style=\"box-sizing: border-box; vertical-align: top; width: 100.75pt; border-top-width: 1pt; border-top-color: windowtext; border-right-width: 1pt; border-right-color: windowtext; border-bottom-width: 1pt; border-bottom-color: windowtext; border-left: none; border-image: initial; padding: 0in 5.4pt; height: 25.7pt;\" valign=\"top\" width=\"134\"><h1 style=\"box-sizing: border-box; margin: 0px 0px 14px; font-weight: 500; line-height: 44px; font-size: 36px; padding: 0px; text-align: center;\" align=\"center\"><span class=\"TitleChar\" style=\"box-sizing: border-box;\"><span style=\"box-sizing: border-box; font-size: 20pt; color: black; letter-spacing: 0pt;\">Color</span></span></h1></td></tr><tr style=\"box-sizing: border-box; height: 25.7pt;\"><td style=\"box-sizing: border-box; vertical-align: top; width: 81.8pt; border-top: none; border-right-width: 1pt; border-right-color: windowtext; border-bottom-width: 1pt; border-bottom-color: windowtext; border-left-width: 1pt; border-left-color: windowtext; border-image: initial; padding: 0in 5.4pt; height: 25.7pt;\" valign=\"top\" width=\"109\"><h1 style=\"box-sizing: border-box; margin: 0px 0px 14px; font-weight: 500; line-height: 44px; font-size: 36px; padding: 0px; text-align: center;\" align=\"center\"><span class=\"TitleChar\" style=\"box-sizing: border-box;\"><span style=\"box-sizing: border-box; font-size: 16pt;\">192 mm</span></span></h1></td><td style=\"box-sizing: border-box; vertical-align: top; width: 77.45pt; border-top: none; border-left: none; border-bottom-width: 1pt; border-bottom-color: windowtext; border-right-width: 1pt; border-right-color: windowtext; padding: 0in 5.4pt; height: 25.7pt;\" valign=\"top\" width=\"103\"><h1 style=\"box-sizing: border-box; margin: 0px 0px 14px; font-weight: 500; line-height: 44px; font-size: 36px; padding: 0px; text-align: center;\" align=\"center\"><span class=\"TitleChar\" style=\"box-sizing: border-box;\"><span style=\"box-sizing: border-box; font-size: 16pt;\">110 mm</span></span></h1></td><td style=\"box-sizing: border-box; vertical-align: top; width: 84.25pt; border-top: none; border-left: none; border-bottom-width: 1pt; border-bottom-color: windowtext; border-right-width: 1pt; border-right-color: windowtext; padding: 0in 5.4pt; height: 25.7pt;\" valign=\"top\" width=\"112\"><h1 style=\"box-sizing: border-box; margin: 0px 0px 14px; font-weight: 500; line-height: 44px; font-size: 36px; padding: 0px; text-align: center;\" align=\"center\"><span class=\"TitleChar\" style=\"box-sizing: border-box;\"><span style=\"box-sizing: border-box; font-size: 16pt;\">63 mm</span></span></h1></td><td style=\"box-sizing: border-box; vertical-align: top; width: 100.75pt; border-top: none; border-left: none; border-bottom-width: 1pt; border-bottom-color: windowtext; border-right-width: 1pt; border-right-color: windowtext; padding: 0in 5.4pt; height: 25.7pt;\" valign=\"top\" width=\"134\"><h1 style=\"box-sizing: border-box; margin: 0px 0px 14px; font-weight: 500; line-height: 44px; font-size: 36px; padding: 0px; text-align: center;\" align=\"center\"><span class=\"TitleChar\" style=\"box-sizing: border-box;\"><span style=\"box-sizing: border-box; font-size: 16pt;\">Transparent</span></span></h1></td></tr></tbody></table><h1 style=\"box-sizing: border-box; margin: 0px 0px 14px; font-weight: 500; line-height: 44px; font-size: 36px; color: #191919; padding: 0px; font-family: Rubik, Arial, Helvetica, sans-serif; background-color: #ffffff;\"><span style=\"box-sizing: border-box; font-size: 18pt;\">&nbsp;</span></h1><h1 style=\"box-sizing: border-box; margin: 0px 0px 14px; font-weight: 500; line-height: 44px; font-size: 36px; color: #191919; padding: 0px; font-family: Rubik, Arial, Helvetica, sans-serif; background-color: #ffffff;\"><span style=\"box-sizing: border-box; font-size: 18pt;\">&nbsp;</span></h1><h1 style=\"box-sizing: border-box; margin: 0px 0px 14px; font-weight: 500; line-height: 44px; font-size: 36px; color: #191919; padding: 0px; font-family: Rubik, Arial, Helvetica, sans-serif; background-color: #ffffff;\">&nbsp;</h1><h1 style=\"box-sizing: border-box; margin: 0px 0px 14px; font-weight: 500; line-height: 44px; font-size: 36px; color: #191919; padding: 0px; font-family: Rubik, Arial, Helvetica, sans-serif; background-color: #ffffff;\"><span style=\"box-sizing: border-box; font-family: \'Calibri Light\', sans-serif; font-size: 18pt;\">Uses:-&nbsp;</span><span style=\"box-sizing: border-box; font-family: \'Calibri Light\', sans-serif; font-size: 18pt; color: black;\">Food Packaging Containers and more....</span></h1>',NULL),(89,89,'en','Carry Bag 9x2x12 Inches (50 PC PACK)','<h2 style=\"box-sizing: border-box; margin: 0px 0px 14px; font-weight: 500; line-height: 36px; font-size: 28px; color: #191919; padding: 0px; font-family: Rubik, Arial, Helvetica, sans-serif; background-color: #ffffff;\">Brown Kraft Paper Carry Bags(9x2x12 Inches)</h2><p style=\"box-sizing: border-box; margin: 0px; padding: 0px; font-family: Rubik, Arial, Helvetica, sans-serif; font-size: 15px; line-height: 23px; color: #6e6e6e; background-color: #ffffff;\">When buying a product, you get it packed in a bag. If the bag is a paper carrier, it will be an added advantage as you will get a handy item with the product. Most retailers use cheap brown paper carry bags that seem to be of little use at home but if you look around your home; you can find many uses of these cheap bags.</p><p style=\"box-sizing: border-box; margin: 0px; padding: 0px; font-family: Rubik, Arial, Helvetica, sans-serif; font-size: 15px; line-height: 23px; color: #6e6e6e; background-color: #ffffff;\">&nbsp;</p><table style=\"margin: 0px 0px 8px; padding: 0px; width: 532px; color: #333333; font-family: arial; font-size: 16px; background-color: #ffffff;\"><tbody style=\"box-sizing: border-box; margin: 0px; padding: 0px;\"><tr style=\"box-sizing: border-box; margin: 0px; padding: 0px;\"><td class=\"tdwdt\" style=\"box-sizing: border-box; vertical-align: top; margin: 0px; padding: 2px 5px; width: 202.797px; color: #848484; border-bottom: 1px solid #eaeaea; font-size: 15px; word-break: break-word;\">Size</td><td class=\"tdwdt1 color6\" style=\"box-sizing: border-box; vertical-align: top; margin: 0px; padding: 2px 5px; color: #000000; width: 309.203px; border-bottom: 1px solid #eaeaea; font-size: 15px; word-break: break-word;\">9x2x12 Inches</td></tr><tr style=\"box-sizing: border-box; margin: 0px; padding: 0px;\"><td class=\"tdwdt\" style=\"box-sizing: border-box; vertical-align: top; margin: 0px; padding: 2px 5px; width: 202.797px; color: #848484; border-bottom: 1px solid #eaeaea; font-size: 15px; word-break: break-word;\">Color</td><td class=\"tdwdt1 color6\" style=\"box-sizing: border-box; vertical-align: top; margin: 0px; padding: 2px 5px; color: #000000; width: 309.203px; border-bottom: 1px solid #eaeaea; font-size: 15px; word-break: break-word;\">Brown</td></tr><tr style=\"box-sizing: border-box; margin: 0px; padding: 0px;\"><td class=\"tdwdt\" style=\"box-sizing: border-box; vertical-align: top; margin: 0px; padding: 2px 5px; width: 202.797px; color: #848484; border-bottom: 1px solid #eaeaea; font-size: 15px; word-break: break-word;\">Gsm</td><td class=\"tdwdt1 color6\" style=\"box-sizing: border-box; vertical-align: top; margin: 0px; padding: 2px 5px; color: #000000; width: 309.203px; border-bottom: 1px solid #eaeaea; font-size: 15px; word-break: break-word;\">200-300 GSM</td></tr><tr style=\"box-sizing: border-box; margin: 0px; padding: 0px;\"><td class=\"tdwdt\" style=\"box-sizing: border-box; vertical-align: top; margin: 0px; padding: 2px 5px; width: 202.797px; color: #848484; border-bottom: 1px solid #eaeaea; font-size: 15px; word-break: break-word;\">Material</td><td class=\"tdwdt1 color6\" style=\"box-sizing: border-box; vertical-align: top; margin: 0px; padding: 2px 5px; color: #000000; width: 309.203px; border-bottom: 1px solid #eaeaea; font-size: 15px; word-break: break-word;\">Kraft Paper</td></tr><tr style=\"box-sizing: border-box; margin: 0px; padding: 0px;\"><td class=\"tdwdt\" style=\"box-sizing: border-box; vertical-align: top; margin: 0px; padding: 2px 5px; width: 202.797px; color: #848484; border-bottom: 1px solid #eaeaea; font-size: 15px; word-break: break-word;\">Brand</td><td class=\"tdwdt1 color6\" style=\"box-sizing: border-box; vertical-align: top; margin: 0px; padding: 2px 5px; color: #000000; width: 309.203px; border-bottom: 1px solid #eaeaea; font-size: 15px; word-break: break-word;\">Modern Packagers</td></tr><tr style=\"box-sizing: border-box; margin: 0px; padding: 0px;\"><td class=\"tdwdt\" style=\"box-sizing: border-box; vertical-align: top; margin: 0px; padding: 2px 5px; width: 202.797px; color: #848484; border-bottom: 1px solid #eaeaea; font-size: 15px; word-break: break-word;\">Handle</td><td class=\"tdwdt1 color6\" style=\"box-sizing: border-box; vertical-align: top; margin: 0px; padding: 2px 5px; color: #000000; width: 309.203px; border-bottom: 1px solid #eaeaea; font-size: 15px; word-break: break-word;\">Yes</td></tr></tbody></table><p style=\"box-sizing: border-box; margin: 0px; padding: 0px; font-family: Rubik, Arial, Helvetica, sans-serif; font-size: 15px; line-height: 23px; color: #6e6e6e; background-color: #ffffff;\"><span style=\"box-sizing: border-box; font-family: arial; color: #333333; font-size: 16px;\">Modern Packagers are dealing with kraft paper carry bags these types of bags are used by most of the stationery shops and retail stores.</span></p>',NULL),(90,90,'en','Carry Bags Brown Kraft Paper Size: 17x4x14 Inches (50 pc pack)','<h2 style=\"box-sizing: border-box; margin: 0px 0px 14px; font-weight: 500; line-height: 36px; font-size: 28px; color: #191919; padding: 0px; font-family: Rubik, Arial, Helvetica, sans-serif; background-color: #ffffff;\">Brown Kraft Paper Carry Bags(17x4x14 Inches)</h2><p style=\"box-sizing: border-box; margin: 0px; padding: 0px; font-family: Rubik, Arial, Helvetica, sans-serif; font-size: 15px; line-height: 23px; color: #6e6e6e; background-color: #ffffff;\">When buying a product, you get it packed in a bag. If the bag is a paper carrier, it will be an added advantage as you will get a handy item with the product. Most retailers use cheap brown paper carry bags that seem to be of little use at home but if you look around your home; you can find many uses of these cheap bags.</p><p style=\"box-sizing: border-box; margin: 0px; padding: 0px; font-family: Rubik, Arial, Helvetica, sans-serif; font-size: 15px; line-height: 23px; color: #6e6e6e; background-color: #ffffff;\">&nbsp;</p><table style=\"margin: 0px 0px 8px; padding: 0px; width: 532px; color: #333333; font-family: arial; font-size: 16px; background-color: #ffffff;\"><tbody style=\"box-sizing: border-box; margin: 0px; padding: 0px;\"><tr style=\"box-sizing: border-box; margin: 0px; padding: 0px;\"><td class=\"tdwdt\" style=\"box-sizing: border-box; vertical-align: top; margin: 0px; padding: 2px 5px; width: 202.797px; color: #848484; border-bottom: 1px solid #eaeaea; font-size: 15px; word-break: break-word;\">Size</td><td class=\"tdwdt1 color6\" style=\"box-sizing: border-box; vertical-align: top; margin: 0px; padding: 2px 5px; color: #000000; width: 309.203px; border-bottom: 1px solid #eaeaea; font-size: 15px; word-break: break-word;\">17x4x14 Inches</td></tr><tr style=\"box-sizing: border-box; margin: 0px; padding: 0px;\"><td class=\"tdwdt\" style=\"box-sizing: border-box; vertical-align: top; margin: 0px; padding: 2px 5px; width: 202.797px; color: #848484; border-bottom: 1px solid #eaeaea; font-size: 15px; word-break: break-word;\">Color</td><td class=\"tdwdt1 color6\" style=\"box-sizing: border-box; vertical-align: top; margin: 0px; padding: 2px 5px; color: #000000; width: 309.203px; border-bottom: 1px solid #eaeaea; font-size: 15px; word-break: break-word;\">Brown</td></tr><tr style=\"box-sizing: border-box; margin: 0px; padding: 0px;\"><td class=\"tdwdt\" style=\"box-sizing: border-box; vertical-align: top; margin: 0px; padding: 2px 5px; width: 202.797px; color: #848484; border-bottom: 1px solid #eaeaea; font-size: 15px; word-break: break-word;\">Gsm</td><td class=\"tdwdt1 color6\" style=\"box-sizing: border-box; vertical-align: top; margin: 0px; padding: 2px 5px; color: #000000; width: 309.203px; border-bottom: 1px solid #eaeaea; font-size: 15px; word-break: break-word;\">200-300 GSM</td></tr><tr style=\"box-sizing: border-box; margin: 0px; padding: 0px;\"><td class=\"tdwdt\" style=\"box-sizing: border-box; vertical-align: top; margin: 0px; padding: 2px 5px; width: 202.797px; color: #848484; border-bottom: 1px solid #eaeaea; font-size: 15px; word-break: break-word;\">Material</td><td class=\"tdwdt1 color6\" style=\"box-sizing: border-box; vertical-align: top; margin: 0px; padding: 2px 5px; color: #000000; width: 309.203px; border-bottom: 1px solid #eaeaea; font-size: 15px; word-break: break-word;\">Kraft Paper</td></tr><tr style=\"box-sizing: border-box; margin: 0px; padding: 0px;\"><td class=\"tdwdt\" style=\"box-sizing: border-box; vertical-align: top; margin: 0px; padding: 2px 5px; width: 202.797px; color: #848484; border-bottom: 1px solid #eaeaea; font-size: 15px; word-break: break-word;\">Brand</td><td class=\"tdwdt1 color6\" style=\"box-sizing: border-box; vertical-align: top; margin: 0px; padding: 2px 5px; color: #000000; width: 309.203px; border-bottom: 1px solid #eaeaea; font-size: 15px; word-break: break-word;\">Modern Packagers</td></tr><tr style=\"box-sizing: border-box; margin: 0px; padding: 0px;\"><td class=\"tdwdt\" style=\"box-sizing: border-box; vertical-align: top; margin: 0px; padding: 2px 5px; width: 202.797px; color: #848484; border-bottom: 1px solid #eaeaea; font-size: 15px; word-break: break-word;\">Handle</td><td class=\"tdwdt1 color6\" style=\"box-sizing: border-box; vertical-align: top; margin: 0px; padding: 2px 5px; color: #000000; width: 309.203px; border-bottom: 1px solid #eaeaea; font-size: 15px; word-break: break-word;\">Yes</td></tr></tbody></table><p style=\"box-sizing: border-box; margin: 0px; padding: 0px; font-family: Rubik, Arial, Helvetica, sans-serif; font-size: 15px; line-height: 23px; color: #6e6e6e; background-color: #ffffff;\"><span style=\"box-sizing: border-box; font-family: arial; color: #333333; font-size: 16px;\">Modern Packagers are dealing with kraft paper carry bags these types of bags are used by most of the retail stores.</span></p>',NULL),(91,91,'en','Carry Bag 11.5x11.5x10 Inches (50 PC PACK)','<h2 style=\"box-sizing: border-box; margin: 0px 0px 14px; font-weight: 500; line-height: 36px; font-size: 28px; color: #191919; padding: 0px; font-family: Rubik, Arial, Helvetica, sans-serif; background-color: #ffffff;\">Brown Kraft Paper Carry Bags(11.5x11.5x10 Inches)</h2><p style=\"box-sizing: border-box; margin: 0px; padding: 0px; font-family: Rubik, Arial, Helvetica, sans-serif; font-size: 15px; line-height: 23px; color: #6e6e6e; background-color: #ffffff;\">When buying a product, you get it packed in a bag. If the bag is a paper carrier, it will be an added advantage as you will get a handy item with the product. Most retailers use cheap brown paper carry bags that seem to be of little use at home but if you look around your home; you can find many uses of these cheap bags.</p><p style=\"box-sizing: border-box; margin: 0px; padding: 0px; font-family: Rubik, Arial, Helvetica, sans-serif; font-size: 15px; line-height: 23px; color: #6e6e6e; background-color: #ffffff;\">&nbsp;</p><table style=\"margin: 0px 0px 8px; padding: 0px; width: 532px; color: #333333; font-family: arial; font-size: 16px; background-color: #ffffff;\"><tbody style=\"box-sizing: border-box; margin: 0px; padding: 0px;\"><tr style=\"box-sizing: border-box; margin: 0px; padding: 0px;\"><td class=\"tdwdt\" style=\"box-sizing: border-box; vertical-align: top; margin: 0px; padding: 2px 5px; width: 202.797px; color: #848484; border-bottom: 1px solid #eaeaea; font-size: 15px; word-break: break-word;\">Size</td><td class=\"tdwdt1 color6\" style=\"box-sizing: border-box; vertical-align: top; margin: 0px; padding: 2px 5px; color: #000000; width: 309.203px; border-bottom: 1px solid #eaeaea; font-size: 15px; word-break: break-word;\">11.5x11.5x10 Inches</td></tr><tr style=\"box-sizing: border-box; margin: 0px; padding: 0px;\"><td class=\"tdwdt\" style=\"box-sizing: border-box; vertical-align: top; margin: 0px; padding: 2px 5px; width: 202.797px; color: #848484; border-bottom: 1px solid #eaeaea; font-size: 15px; word-break: break-word;\">Color</td><td class=\"tdwdt1 color6\" style=\"box-sizing: border-box; vertical-align: top; margin: 0px; padding: 2px 5px; color: #000000; width: 309.203px; border-bottom: 1px solid #eaeaea; font-size: 15px; word-break: break-word;\">Brown</td></tr><tr style=\"box-sizing: border-box; margin: 0px; padding: 0px;\"><td class=\"tdwdt\" style=\"box-sizing: border-box; vertical-align: top; margin: 0px; padding: 2px 5px; width: 202.797px; color: #848484; border-bottom: 1px solid #eaeaea; font-size: 15px; word-break: break-word;\">Gsm</td><td class=\"tdwdt1 color6\" style=\"box-sizing: border-box; vertical-align: top; margin: 0px; padding: 2px 5px; color: #000000; width: 309.203px; border-bottom: 1px solid #eaeaea; font-size: 15px; word-break: break-word;\">200-300 GSM</td></tr><tr style=\"box-sizing: border-box; margin: 0px; padding: 0px;\"><td class=\"tdwdt\" style=\"box-sizing: border-box; vertical-align: top; margin: 0px; padding: 2px 5px; width: 202.797px; color: #848484; border-bottom: 1px solid #eaeaea; font-size: 15px; word-break: break-word;\">Material</td><td class=\"tdwdt1 color6\" style=\"box-sizing: border-box; vertical-align: top; margin: 0px; padding: 2px 5px; color: #000000; width: 309.203px; border-bottom: 1px solid #eaeaea; font-size: 15px; word-break: break-word;\">Kraft Paper</td></tr><tr style=\"box-sizing: border-box; margin: 0px; padding: 0px;\"><td class=\"tdwdt\" style=\"box-sizing: border-box; vertical-align: top; margin: 0px; padding: 2px 5px; width: 202.797px; color: #848484; border-bottom: 1px solid #eaeaea; font-size: 15px; word-break: break-word;\">Brand</td><td class=\"tdwdt1 color6\" style=\"box-sizing: border-box; vertical-align: top; margin: 0px; padding: 2px 5px; color: #000000; width: 309.203px; border-bottom: 1px solid #eaeaea; font-size: 15px; word-break: break-word;\">Modern Packagers</td></tr><tr style=\"box-sizing: border-box; margin: 0px; padding: 0px;\"><td class=\"tdwdt\" style=\"box-sizing: border-box; vertical-align: top; margin: 0px; padding: 2px 5px; width: 202.797px; color: #848484; border-bottom: 1px solid #eaeaea; font-size: 15px; word-break: break-word;\">Handle</td><td class=\"tdwdt1 color6\" style=\"box-sizing: border-box; vertical-align: top; margin: 0px; padding: 2px 5px; color: #000000; width: 309.203px; border-bottom: 1px solid #eaeaea; font-size: 15px; word-break: break-word;\">Yes</td></tr></tbody></table><p style=\"box-sizing: border-box; margin: 0px; padding: 0px; font-family: Rubik, Arial, Helvetica, sans-serif; font-size: 15px; line-height: 23px; color: #6e6e6e; background-color: #ffffff;\"><span style=\"box-sizing: border-box; font-family: arial; color: #333333; font-size: 16px;\">Modern Packagers are dealing with kraft paper carry bags these types of bags are used by most of the fast-food bakeries and retail stores.</span></p>',NULL),(92,92,'en','E-commerce Box Size: 9.5x3.25x3 Inches (50 pc Pack)','<h2>E-commerce&nbsp; Brown box Size: 9.5 X 3.25 X 3 Inches&nbsp;</h2><p>Made from high-quality Corrugated boxes, Modern Packagers double-wall 5ply Corrugated boxes are extremely strong, lightweight, and can protect 12-14 Kgs of product through transit and storage.</p><p>These 5 ply corrugated boxes are 100% Recyclable.</p>',NULL),(93,93,'en','E-Commerce Box Size: 7.5x5.5x2.5 Inches (50 pc pack)','<h2 style=\"box-sizing: border-box; margin: 0px 0px 14px; font-weight: 500; line-height: 36px; font-size: 28px; color: #191919; padding: 0px; font-family: Rubik, Arial, Helvetica, sans-serif; background-color: #ffffff;\">E-commerce&nbsp; Brown box Size: 7.5 X 5.5 X2.5 Inches&nbsp;</h2><p style=\"box-sizing: border-box; margin: 0px; padding: 0px; font-family: Rubik, Arial, Helvetica, sans-serif; font-size: 15px; line-height: 23px; color: #6e6e6e; background-color: #ffffff;\">Made from high-quality Corrugated boxes, Modern Packagers double-wall 5ply Corrugated boxes are extremely strong, lightweight, and can protect 12-14 Kgs of product through transit and storage.</p><p style=\"box-sizing: border-box; margin: 0px; padding: 0px; font-family: Rubik, Arial, Helvetica, sans-serif; font-size: 15px; line-height: 23px; color: #6e6e6e; background-color: #ffffff;\">These 5 ply corrugated boxes are 100% Recyclable.</p>',NULL),(94,105,'en','E-Commerce Box Size: 8.5x5.3x2.25 Inches (50 pc pack)','<h2 style=\"box-sizing: border-box; margin: 0px 0px 14px; font-weight: 500; line-height: 36px; font-size: 28px; color: #191919; padding: 0px; font-family: Rubik, Arial, Helvetica, sans-serif; background-color: #ffffff;\">E-commerce Brown box Size: 8.5 X 5.3 X2.25 Inches&nbsp;</h2><p style=\"box-sizing: border-box; margin: 0px; padding: 0px; font-family: Rubik, Arial, Helvetica, sans-serif; font-size: 15px; line-height: 23px; color: #6e6e6e; background-color: #ffffff;\">Made from high-quality Corrugated boxes, Modern Packagers double-wall 5ply Corrugated boxes are extremely strong, lightweight, and can protect 12-14 Kgs of product through transit and storage.</p><p style=\"box-sizing: border-box; margin: 0px; padding: 0px; font-family: Rubik, Arial, Helvetica, sans-serif; font-size: 15px; line-height: 23px; color: #6e6e6e; background-color: #ffffff;\">These 5 ply corrugated boxes are 100% Recyclable.</p>',NULL),(95,106,'en','Ecommerce courier Box Size: 5x3.5x1.5 Inches (50 pc pack)','<h2 style=\"box-sizing: border-box; margin: 0px 0px 14px; font-weight: 500; line-height: 36px; font-size: 28px; color: #191919; padding: 0px; font-family: Rubik, Arial, Helvetica, sans-serif; background-color: #ffffff;\">E-commerce&nbsp; Brown box Size: 5 X 3.5 X1.5 Inches&nbsp;</h2><p style=\"box-sizing: border-box; margin: 0px; padding: 0px; font-family: Rubik, Arial, Helvetica, sans-serif; font-size: 15px; line-height: 23px; color: #6e6e6e; background-color: #ffffff;\">Made from high-quality Corrugated boxes, Modern Packagers double-wall 5ply Corrugated boxes are extremely strong, lightweight, and can protect 12-14 Kgs of product through transit and storage.</p><p style=\"box-sizing: border-box; margin: 0px; padding: 0px; font-family: Rubik, Arial, Helvetica, sans-serif; font-size: 15px; line-height: 23px; color: #6e6e6e; background-color: #ffffff;\">These 5 ply corrugated boxes are 100% Recyclable.</p>',NULL),(96,107,'en','Carry Bag 9x7x7 Inches (50 PC PACK)','<section class=\"product-details-wrap\" style=\"box-sizing: border-box; margin-top: 50px; color: #191919; font-family: Rubik, Arial, Helvetica, sans-serif; font-size: 15px;\"><div class=\"container\" style=\"box-sizing: border-box; width: 1349px; padding-right: 20.2344px; padding-left: 20.2344px; margin-right: auto; margin-left: auto; max-width: 100%;\"><div class=\"product-details-bottom flex-column-reverse flex-lg-row\" style=\"box-sizing: border-box; flex-direction: row !important; display: flex;\"><div class=\"product-details-bottom-inner\" style=\"box-sizing: border-box; width: calc(100% - 282px); padding-left: 15px;\"><div class=\"product-details-tab clearfix\" style=\"box-sizing: border-box;\"><div class=\"tab-content\" style=\"box-sizing: border-box;\"><div id=\"description\" class=\"tab-pane description active\" style=\"box-sizing: border-box; padding-top: 46px;\"><h2 style=\"box-sizing: border-box; margin: 0px 0px 14px; font-weight: 500; line-height: 36px; font-size: 28px; padding: 0px; background-color: #ffffff;\">Brown Kraft Paper Carry Bags(9x7x7 Inches)</h2><p style=\"box-sizing: border-box; margin: 0px; padding: 0px; line-height: 23px; color: #6e6e6e; background-color: #ffffff;\">When buying a product, you get it packed in a bag. If the bag is a paper carrier, it will be an added advantage as you will get a handy item with the product. Most retailers use cheap brown paper carry bags that seem to be of little use at home but if you look around your home; you can find many uses of these cheap bags.</p><p style=\"box-sizing: border-box; margin: 0px; padding: 0px; line-height: 23px; color: #6e6e6e; background-color: #ffffff;\">&nbsp;</p><table style=\"margin: 0px 0px 8px; padding: 0px; width: 532px; color: #333333; font-family: arial; font-size: 16px; background-color: #ffffff;\"><tbody style=\"box-sizing: border-box; margin: 0px; padding: 0px;\"><tr style=\"box-sizing: border-box; margin: 0px; padding: 0px;\"><td class=\"tdwdt\" style=\"box-sizing: border-box; vertical-align: top; margin: 0px; padding: 2px 5px; width: 202.797px; color: #848484; border-bottom: 1px solid #eaeaea; font-size: 15px; word-break: break-word;\">Size</td><td class=\"tdwdt1 color6\" style=\"box-sizing: border-box; vertical-align: top; margin: 0px; padding: 2px 5px; color: #000000; width: 309.203px; border-bottom: 1px solid #eaeaea; font-size: 15px; word-break: break-word;\">9x7x7 Inches</td></tr><tr style=\"box-sizing: border-box; margin: 0px; padding: 0px;\"><td class=\"tdwdt\" style=\"box-sizing: border-box; vertical-align: top; margin: 0px; padding: 2px 5px; width: 202.797px; color: #848484; border-bottom: 1px solid #eaeaea; font-size: 15px; word-break: break-word;\">Color</td><td class=\"tdwdt1 color6\" style=\"box-sizing: border-box; vertical-align: top; margin: 0px; padding: 2px 5px; color: #000000; width: 309.203px; border-bottom: 1px solid #eaeaea; font-size: 15px; word-break: break-word;\">Brown</td></tr><tr style=\"box-sizing: border-box; margin: 0px; padding: 0px;\"><td class=\"tdwdt\" style=\"box-sizing: border-box; vertical-align: top; margin: 0px; padding: 2px 5px; width: 202.797px; color: #848484; border-bottom: 1px solid #eaeaea; font-size: 15px; word-break: break-word;\">Gsm</td><td class=\"tdwdt1 color6\" style=\"box-sizing: border-box; vertical-align: top; margin: 0px; padding: 2px 5px; color: #000000; width: 309.203px; border-bottom: 1px solid #eaeaea; font-size: 15px; word-break: break-word;\">200-300 GSM</td></tr><tr style=\"box-sizing: border-box; margin: 0px; padding: 0px;\"><td class=\"tdwdt\" style=\"box-sizing: border-box; vertical-align: top; margin: 0px; padding: 2px 5px; width: 202.797px; color: #848484; border-bottom: 1px solid #eaeaea; font-size: 15px; word-break: break-word;\">Material</td><td class=\"tdwdt1 color6\" style=\"box-sizing: border-box; vertical-align: top; margin: 0px; padding: 2px 5px; color: #000000; width: 309.203px; border-bottom: 1px solid #eaeaea; font-size: 15px; word-break: break-word;\">Kraft Paper</td></tr><tr style=\"box-sizing: border-box; margin: 0px; padding: 0px;\"><td class=\"tdwdt\" style=\"box-sizing: border-box; vertical-align: top; margin: 0px; padding: 2px 5px; width: 202.797px; color: #848484; border-bottom: 1px solid #eaeaea; font-size: 15px; word-break: break-word;\">Brand</td><td class=\"tdwdt1 color6\" style=\"box-sizing: border-box; vertical-align: top; margin: 0px; padding: 2px 5px; color: #000000; width: 309.203px; border-bottom: 1px solid #eaeaea; font-size: 15px; word-break: break-word;\">Modern Packagers</td></tr><tr style=\"box-sizing: border-box; margin: 0px; padding: 0px;\"><td class=\"tdwdt\" style=\"box-sizing: border-box; vertical-align: top; margin: 0px; padding: 2px 5px; width: 202.797px; color: #848484; border-bottom: 1px solid #eaeaea; font-size: 15px; word-break: break-word;\">Handle</td><td class=\"tdwdt1 color6\" style=\"box-sizing: border-box; vertical-align: top; margin: 0px; padding: 2px 5px; color: #000000; width: 309.203px; border-bottom: 1px solid #eaeaea; font-size: 15px; word-break: break-word;\">Yes</td></tr></tbody></table><p style=\"box-sizing: border-box; margin: 0px; padding: 0px; line-height: 23px; color: #6e6e6e; background-color: #ffffff;\"><span style=\"box-sizing: border-box; font-family: arial; color: #333333; font-size: 16px;\">Modern Packagers are dealing with kraft paper carry bags these types of bags are used by most of the fast-food bakeries and retail stores.</span></p></div></div></div></div></div></div></section><section class=\"subscribe-wrap d-flex justify-content-center\" style=\"box-sizing: border-box; margin-top: 50px; color: #191919; font-family: Rubik, Arial, Helvetica, sans-serif; font-size: 15px; display: flex !important; justify-content: center !important;\"><div class=\"container\" style=\"box-sizing: border-box; width: 1349px; padding-right: 20.2344px; padding-left: 20.2344px; margin-right: auto; margin-left: auto; max-width: 100%;\"><div class=\"row justify-content-center\" style=\"box-sizing: border-box; display: flex; flex-wrap: wrap; margin-right: -15px; margin-left: -15px; justify-content: center !important;\"><div class=\"col-xl-14 col-lg-18\" style=\"box-sizing: border-box; position: relative; width: 1041.08px; padding-right: 15px; padding-left: 15px; flex: 0 0 77.7778%; max-width: 77.7778%;\"><div class=\"subscribe\" style=\"box-sizing: border-box; display: flex; justify-content: center; padding: 30px 0px 25px;\"><div class=\"row align-items-center\" style=\"box-sizing: border-box; display: flex; flex-wrap: wrap; margin-right: -15px; margin-left: -15px; align-items: center !important; width: 1011.08px;\"><div class=\"col-lg-9 col-md-18\" style=\"box-sizing: border-box; position: relative; width: 505.531px; padding-right: 15px; padding-left: 15px; flex: 0 0 50%; max-width: 50%;\"><div class=\"subscribe-text\" style=\"box-sizing: border-box;\"><span class=\"title\" style=\"box-sizing: border-box; display: block; color: #ffffff; font-size: 30px; line-height: 30px;\">Subscribe to Our Newsletter</span></div></div></div></div></div></div></div></section>',NULL),(97,108,'en','Carry Bag 8.5x8.5x9 Inches (50 PC PACK)','<h2 style=\"box-sizing: border-box; margin: 0px 0px 14px; font-weight: 500; line-height: 36px; font-size: 28px; color: #191919; padding: 0px; font-family: Rubik, Arial, Helvetica, sans-serif; background-color: #ffffff;\">Brown Kraft Paper Carry Bags(8.5x8.5x9 Inches)</h2><p style=\"box-sizing: border-box; margin: 0px; padding: 0px; font-family: Rubik, Arial, Helvetica, sans-serif; font-size: 15px; line-height: 23px; color: #6e6e6e; background-color: #ffffff;\">When buying a product, you get it packed in a bag. If the bag is a paper carrier, it will be an added advantage as you will get a handy item with the product. Most retailers use cheap brown paper carry bags that seem to be of little use at home but if you look around your home; you can find many uses of these cheap bags.</p><p style=\"box-sizing: border-box; margin: 0px; padding: 0px; font-family: Rubik, Arial, Helvetica, sans-serif; font-size: 15px; line-height: 23px; color: #6e6e6e; background-color: #ffffff;\">&nbsp;</p><table style=\"margin: 0px 0px 8px; padding: 0px; width: 532px; color: #333333; font-family: arial; font-size: 16px; background-color: #ffffff;\"><tbody style=\"box-sizing: border-box; margin: 0px; padding: 0px;\"><tr style=\"box-sizing: border-box; margin: 0px; padding: 0px;\"><td class=\"tdwdt\" style=\"box-sizing: border-box; vertical-align: top; margin: 0px; padding: 2px 5px; width: 202.797px; color: #848484; border-bottom: 1px solid #eaeaea; font-size: 15px; word-break: break-word;\">Size</td><td class=\"tdwdt1 color6\" style=\"box-sizing: border-box; vertical-align: top; margin: 0px; padding: 2px 5px; color: #000000; width: 309.203px; border-bottom: 1px solid #eaeaea; font-size: 15px; word-break: break-word;\">8.5x8.5x9 Inches</td></tr><tr style=\"box-sizing: border-box; margin: 0px; padding: 0px;\"><td class=\"tdwdt\" style=\"box-sizing: border-box; vertical-align: top; margin: 0px; padding: 2px 5px; width: 202.797px; color: #848484; border-bottom: 1px solid #eaeaea; font-size: 15px; word-break: break-word;\">Color</td><td class=\"tdwdt1 color6\" style=\"box-sizing: border-box; vertical-align: top; margin: 0px; padding: 2px 5px; color: #000000; width: 309.203px; border-bottom: 1px solid #eaeaea; font-size: 15px; word-break: break-word;\">Brown</td></tr><tr style=\"box-sizing: border-box; margin: 0px; padding: 0px;\"><td class=\"tdwdt\" style=\"box-sizing: border-box; vertical-align: top; margin: 0px; padding: 2px 5px; width: 202.797px; color: #848484; border-bottom: 1px solid #eaeaea; font-size: 15px; word-break: break-word;\">Gsm</td><td class=\"tdwdt1 color6\" style=\"box-sizing: border-box; vertical-align: top; margin: 0px; padding: 2px 5px; color: #000000; width: 309.203px; border-bottom: 1px solid #eaeaea; font-size: 15px; word-break: break-word;\">200-300 GSM</td></tr><tr style=\"box-sizing: border-box; margin: 0px; padding: 0px;\"><td class=\"tdwdt\" style=\"box-sizing: border-box; vertical-align: top; margin: 0px; padding: 2px 5px; width: 202.797px; color: #848484; border-bottom: 1px solid #eaeaea; font-size: 15px; word-break: break-word;\">Material</td><td class=\"tdwdt1 color6\" style=\"box-sizing: border-box; vertical-align: top; margin: 0px; padding: 2px 5px; color: #000000; width: 309.203px; border-bottom: 1px solid #eaeaea; font-size: 15px; word-break: break-word;\">Kraft Paper</td></tr><tr style=\"box-sizing: border-box; margin: 0px; padding: 0px;\"><td class=\"tdwdt\" style=\"box-sizing: border-box; vertical-align: top; margin: 0px; padding: 2px 5px; width: 202.797px; color: #848484; border-bottom: 1px solid #eaeaea; font-size: 15px; word-break: break-word;\">Brand</td><td class=\"tdwdt1 color6\" style=\"box-sizing: border-box; vertical-align: top; margin: 0px; padding: 2px 5px; color: #000000; width: 309.203px; border-bottom: 1px solid #eaeaea; font-size: 15px; word-break: break-word;\">Modern Packagers</td></tr><tr style=\"box-sizing: border-box; margin: 0px; padding: 0px;\"><td class=\"tdwdt\" style=\"box-sizing: border-box; vertical-align: top; margin: 0px; padding: 2px 5px; width: 202.797px; color: #848484; border-bottom: 1px solid #eaeaea; font-size: 15px; word-break: break-word;\">Handle</td><td class=\"tdwdt1 color6\" style=\"box-sizing: border-box; vertical-align: top; margin: 0px; padding: 2px 5px; color: #000000; width: 309.203px; border-bottom: 1px solid #eaeaea; font-size: 15px; word-break: break-word;\">Yes</td></tr></tbody></table><p style=\"box-sizing: border-box; margin: 0px; padding: 0px; font-family: Rubik, Arial, Helvetica, sans-serif; font-size: 15px; line-height: 23px; color: #6e6e6e; background-color: #ffffff;\"><span style=\"box-sizing: border-box; font-family: arial; color: #333333; font-size: 16px;\">Modern Packagers are dealing with kraft paper carry bags these types of bags are used by most of the fast-food bakeries and retail stores.</span></p>',NULL),(98,109,'en','White Apple Box with 4 Trays Holding Capacity 10 - 15 Kg ( 25 pc pack)','<h1 class=\"bo\" style=\"box-sizing: border-box; margin: 0px; font-variant-numeric: normal; font-variant-east-asian: normal; font-weight: 500; font-stretch: normal; font-size: 22px; line-height: 24px; font-family: arial; color: #191919; padding: 0px; background-color: #ffffff;\">White Apple Box Packaging Corrugated Box, Weight Holding Capacity (Kg): 10 - 15 Kg</h1><p style=\"box-sizing: border-box; margin: 0px; padding: 0px; font-family: Rubik, Arial, Helvetica, sans-serif; font-size: 15px; line-height: 23px; color: #6e6e6e; background-color: #ffffff;\">&nbsp;</p><div class=\"dtlsec1\" style=\"box-sizing: border-box; margin: 0px; padding: 0px; font-family: arial; line-height: 26px; color: #333333; font-size: 14px; background-color: #ffffff;\"><table style=\"margin: 0px; padding: 0px; width: 822.891px;\"><tbody style=\"box-sizing: border-box; margin: 0px; padding: 0px;\"><tr style=\"box-sizing: border-box; margin: 0px; padding: 0px;\"><td class=\"tdwdt\" style=\"box-sizing: border-box; vertical-align: top; margin: 0px; padding: 4px 5px; width: 319.156px; color: #848484; border-bottom: 1px solid #eaeaea; font-size: 15px; word-break: break-word;\">Box Capacity</td><td class=\"tdwdt1 color6\" style=\"box-sizing: border-box; vertical-align: top; margin: 0px; padding: 4px 5px; color: #000000; width: 483.734px; border-bottom: 1px solid #eaeaea; font-size: 15px; word-break: break-word;\">1-5 Kg</td></tr><tr style=\"box-sizing: border-box; margin: 0px; padding: 0px;\"><td class=\"tdwdt\" style=\"box-sizing: border-box; vertical-align: top; margin: 0px; padding: 4px 5px; width: 319.156px; color: #848484; border-bottom: 1px solid #eaeaea; font-size: 15px; word-break: break-word;\">Size</td><td class=\"tdwdt1 color6\" style=\"box-sizing: border-box; vertical-align: top; margin: 0px; padding: 4px 5px; color: #000000; width: 483.734px; border-bottom: 1px solid #eaeaea; font-size: 15px; word-break: break-word;\">19.5x12x6 Inches</td></tr><tr style=\"box-sizing: border-box; margin: 0px; padding: 0px;\"><td class=\"tdwdt\" style=\"box-sizing: border-box; vertical-align: top; margin: 0px; padding: 4px 5px; width: 319.156px; color: #848484; border-bottom: 1px solid #eaeaea; font-size: 15px; word-break: break-word;\">Color</td><td class=\"tdwdt1 color6\" style=\"box-sizing: border-box; vertical-align: top; margin: 0px; padding: 4px 5px; color: #000000; width: 483.734px; border-bottom: 1px solid #eaeaea; font-size: 15px; word-break: break-word;\">White</td></tr><tr style=\"box-sizing: border-box; margin: 0px; padding: 0px;\"><td class=\"tdwdt\" style=\"box-sizing: border-box; vertical-align: top; margin: 0px; padding: 4px 5px; width: 319.156px; color: #848484; border-bottom: 1px solid #eaeaea; font-size: 15px; word-break: break-word;\">Material Grade</td><td class=\"tdwdt1 color6\" style=\"box-sizing: border-box; vertical-align: top; margin: 0px; padding: 4px 5px; color: #000000; width: 483.734px; border-bottom: 1px solid #eaeaea; font-size: 15px; word-break: break-word;\">Corrugated</td></tr><tr style=\"box-sizing: border-box; margin: 0px; padding: 0px;\"><td class=\"tdwdt\" style=\"box-sizing: border-box; vertical-align: top; margin: 0px; padding: 4px 5px; width: 319.156px; color: #848484; border-bottom: 1px solid #eaeaea; font-size: 15px; word-break: break-word;\">Wall Type</td><td class=\"tdwdt1 color6\" style=\"box-sizing: border-box; vertical-align: top; margin: 0px; padding: 4px 5px; color: #000000; width: 483.734px; border-bottom: 1px solid #eaeaea; font-size: 15px; word-break: break-word;\">Double Wall - 5 Ply</td></tr><tr style=\"box-sizing: border-box; margin: 0px; padding: 0px;\"><td class=\"tdwdt\" style=\"box-sizing: border-box; vertical-align: top; margin: 0px; padding: 4px 5px; width: 319.156px; color: #848484; border-bottom: 1px solid #eaeaea; font-size: 15px; word-break: break-word;\">Usage/Application</td><td class=\"tdwdt1 color6\" style=\"box-sizing: border-box; vertical-align: top; margin: 0px; padding: 4px 5px; color: #000000; width: 483.734px; border-bottom: 1px solid #eaeaea; font-size: 15px; word-break: break-word;\">Fruit Packaging box</td></tr><tr style=\"box-sizing: border-box; margin: 0px; padding: 0px;\"><td class=\"tdwdt\" style=\"box-sizing: border-box; vertical-align: top; margin: 0px; padding: 4px 5px; width: 319.156px; color: #848484; border-bottom: 1px solid #eaeaea; font-size: 15px; word-break: break-word;\">Property</td><td class=\"tdwdt1 color6\" style=\"box-sizing: border-box; vertical-align: top; margin: 0px; padding: 4px 5px; color: #000000; width: 483.734px; border-bottom: 1px solid #eaeaea; font-size: 15px; word-break: break-word;\">Bio-degradable</td></tr><tr style=\"box-sizing: border-box; margin: 0px; padding: 0px;\"><td class=\"tdwdt\" style=\"box-sizing: border-box; vertical-align: top; margin: 0px; padding: 4px 5px; width: 319.156px; color: #848484; border-bottom: 1px solid #eaeaea; font-size: 15px; word-break: break-word;\">Shape</td><td class=\"tdwdt1 color6\" style=\"box-sizing: border-box; vertical-align: top; margin: 0px; padding: 4px 5px; color: #000000; width: 483.734px; border-bottom: 1px solid #eaeaea; font-size: 15px; word-break: break-word;\">Rectangle</td></tr><tr style=\"box-sizing: border-box; margin: 0px; padding: 0px;\"><td class=\"tdwdt\" style=\"box-sizing: border-box; vertical-align: top; margin: 0px; padding: 4px 5px; width: 319.156px; color: #848484; border-bottom: 1px solid #eaeaea; font-size: 15px; word-break: break-word;\">Storing Material</td><td class=\"tdwdt1 color6\" style=\"box-sizing: border-box; vertical-align: top; margin: 0px; padding: 4px 5px; color: #000000; width: 483.734px; border-bottom: 1px solid #eaeaea; font-size: 15px; word-break: break-word;\">Edible</td></tr><tr style=\"box-sizing: border-box; margin: 0px; padding: 0px;\"><td class=\"tdwdt\" style=\"box-sizing: border-box; vertical-align: top; margin: 0px; padding: 4px 5px; width: 319.156px; color: #848484; border-bottom: 1px solid #eaeaea; font-size: 15px; word-break: break-word;\">Pattern</td><td class=\"tdwdt1 color6\" style=\"box-sizing: border-box; vertical-align: top; margin: 0px; padding: 4px 5px; color: #000000; width: 483.734px; border-bottom: 1px solid #eaeaea; font-size: 15px; word-break: break-word;\">Printed</td></tr></tbody></table></div>',NULL),(99,110,'en','Brown Paper Packaging Bags Size: 21x13x33 cm(200 pc)','<p><span style=\"color: #333333; font-family: arial;\"><span style=\"letter-spacing: 0.2px;\">We are the leading provider of Paper Packaging Bag. These products are identified as Brown kraft paper bags for their noticeable features such as longer life, durability, and nominal cost.</span></span></p><table style=\"width: 615px; color: #333333; font-family: arial; font-size: 16px; letter-spacing: 0.2px; background-color: #ffffff;\"><tbody><tr><td style=\"color: #848484; border: 1px solid #eaeaea; width: 234.594px; vertical-align: middle; padding: 4px 5px; line-height: 20px;\">Usage/Application</td><td style=\"color: #000000; border: 1px solid #eaeaea; width: 357.406px; vertical-align: middle; padding: 4px 5px; line-height: 20px;\">Packaging</td></tr><tr><td style=\"color: #848484; border: 1px solid #eaeaea; width: 234.594px; vertical-align: middle; padding: 4px 5px; line-height: 20px;\">Color</td><td style=\"color: #000000; border: 1px solid #eaeaea; width: 357.406px; vertical-align: middle; padding: 4px 5px; line-height: 20px;\">Brown</td></tr><tr><td style=\"color: #848484; border: 1px solid #eaeaea; width: 234.594px; vertical-align: middle; padding: 4px 5px; line-height: 20px;\">Material</td><td style=\"color: #000000; border: 1px solid #eaeaea; width: 357.406px; vertical-align: middle; padding: 4px 5px; line-height: 20px;\">Kraft Paper</td></tr><tr><td style=\"color: #848484; border: 1px solid #eaeaea; width: 234.594px; vertical-align: middle; padding: 4px 5px; line-height: 20px;\">Pattern</td><td style=\"color: #000000; border: 1px solid #eaeaea; width: 357.406px; vertical-align: middle; padding: 4px 5px; line-height: 20px;\">Plain</td></tr><tr><td style=\"color: #848484; border: 1px solid #eaeaea; width: 234.594px; vertical-align: middle; padding: 4px 5px; line-height: 20px;\">Size/Dimension</td><td style=\"color: #000000; border: 1px solid #eaeaea; width: 357.406px; vertical-align: middle; padding: 4px 5px; line-height: 20px;\">8.25 x 5.11 x 13 Inches</td></tr><tr><td style=\"color: #848484; border: 1px solid #eaeaea; width: 234.594px; vertical-align: middle; padding: 4px 5px; line-height: 20px;\">Storage Capacity</td><td style=\"color: #000000; border: 1px solid #eaeaea; width: 357.406px; vertical-align: middle; padding: 4px 5px; line-height: 20px;\">3.5 - 4 kg<br /><br /></td></tr></tbody></table><p>&nbsp;</p>',NULL),(100,111,'en','Brown Paper Packaging Bags Size: 18 x 11 x 24 cm(200 pc)','<p><span style=\"color: #333333; font-family: arial;\"><span style=\"letter-spacing: 0.2px;\">We are the leading provider of Paper Packaging Bag. These products are identified as Brown kraft paper bags for their noticeable features such as longer life, durability, and nominal cost.</span></span></p><table style=\"width: 615px; color: #333333; font-family: arial; font-size: 16px; letter-spacing: 0.2px; background-color: #ffffff;\"><tbody><tr><td style=\"color: #848484; border: 1px solid #eaeaea; width: 234.594px; vertical-align: middle; padding: 4px 5px; line-height: 20px;\">Usage/Application</td><td style=\"color: #000000; border: 1px solid #eaeaea; width: 357.406px; vertical-align: middle; padding: 4px 5px; line-height: 20px;\">Packaging</td></tr><tr><td style=\"color: #848484; border: 1px solid #eaeaea; width: 234.594px; vertical-align: middle; padding: 4px 5px; line-height: 20px;\">Color</td><td style=\"color: #000000; border: 1px solid #eaeaea; width: 357.406px; vertical-align: middle; padding: 4px 5px; line-height: 20px;\">Brown</td></tr><tr><td style=\"color: #848484; border: 1px solid #eaeaea; width: 234.594px; vertical-align: middle; padding: 4px 5px; line-height: 20px;\">Material</td><td style=\"color: #000000; border: 1px solid #eaeaea; width: 357.406px; vertical-align: middle; padding: 4px 5px; line-height: 20px;\">Kraft Paper</td></tr><tr><td style=\"color: #848484; border: 1px solid #eaeaea; width: 234.594px; vertical-align: middle; padding: 4px 5px; line-height: 20px;\">Pattern</td><td style=\"color: #000000; border: 1px solid #eaeaea; width: 357.406px; vertical-align: middle; padding: 4px 5px; line-height: 20px;\">Plain</td></tr><tr><td style=\"color: #848484; border: 1px solid #eaeaea; width: 234.594px; vertical-align: middle; padding: 4px 5px; line-height: 20px;\">Size/Dimension</td><td style=\"color: #000000; border: 1px solid #eaeaea; width: 357.406px; vertical-align: middle; padding: 4px 5px; line-height: 20px;\"><span style=\"letter-spacing: 0.2px;\">7 x 4.2 x 9.44 Inches</span></td></tr><tr><td style=\"color: #848484; border: 1px solid #eaeaea; width: 234.594px; vertical-align: middle; padding: 4px 5px; line-height: 20px;\">Storage Capacity</td><td style=\"color: #000000; border: 1px solid #eaeaea; width: 357.406px; vertical-align: middle; padding: 4px 5px; line-height: 20px;\">3.5 - 4 kg<br /><br /></td></tr></tbody></table><p>&nbsp;</p>',NULL),(101,112,'en','Brown Paper Packaging Bags Size: 14 x 9 x 25 cm(200 pc)','<p><span style=\"color: #333333; font-family: arial;\"><span style=\"letter-spacing: 0.2px;\">We are the leading provider of Paper Packaging Bag. These products are identified as Brown kraft paper bags for their noticeable features such as longer life, durability, and nominal cost.</span></span></p><table style=\"width: 615px; color: #333333; font-family: arial; font-size: 16px; letter-spacing: 0.2px; background-color: #ffffff;\"><tbody><tr><td style=\"color: #848484; border: 1px solid #eaeaea; width: 234.594px; vertical-align: middle; padding: 4px 5px; line-height: 20px;\">Usage/Application</td><td style=\"color: #000000; border: 1px solid #eaeaea; width: 357.406px; vertical-align: middle; padding: 4px 5px; line-height: 20px;\">Packaging</td></tr><tr><td style=\"color: #848484; border: 1px solid #eaeaea; width: 234.594px; vertical-align: middle; padding: 4px 5px; line-height: 20px;\">Color</td><td style=\"color: #000000; border: 1px solid #eaeaea; width: 357.406px; vertical-align: middle; padding: 4px 5px; line-height: 20px;\">Brown</td></tr><tr><td style=\"color: #848484; border: 1px solid #eaeaea; width: 234.594px; vertical-align: middle; padding: 4px 5px; line-height: 20px;\">Material</td><td style=\"color: #000000; border: 1px solid #eaeaea; width: 357.406px; vertical-align: middle; padding: 4px 5px; line-height: 20px;\">Kraft Paper</td></tr><tr><td style=\"color: #848484; border: 1px solid #eaeaea; width: 234.594px; vertical-align: middle; padding: 4px 5px; line-height: 20px;\">Pattern</td><td style=\"color: #000000; border: 1px solid #eaeaea; width: 357.406px; vertical-align: middle; padding: 4px 5px; line-height: 20px;\">Plain</td></tr><tr><td style=\"color: #848484; border: 1px solid #eaeaea; width: 234.594px; vertical-align: middle; padding: 4px 5px; line-height: 20px;\">Size/Dimension</td><td style=\"color: #000000; border: 1px solid #eaeaea; width: 357.406px; vertical-align: middle; padding: 4px 5px; line-height: 20px;\">5.7 x 3.7 x 9.84 Inches</td></tr><tr><td style=\"color: #848484; border: 1px solid #eaeaea; width: 234.594px; vertical-align: middle; padding: 4px 5px; line-height: 20px;\">Storage Capacity</td><td style=\"color: #000000; border: 1px solid #eaeaea; width: 357.406px; vertical-align: middle; padding: 4px 5px; line-height: 20px;\">3.5 - 4 kg<br /><br /></td></tr></tbody></table><p>&nbsp;</p>',NULL),(102,113,'en','SHRINK WRAP For Packing Size 12 Inches(height)  X 380 Meters (length)','<p>Modern packagers are India\'s premier&nbsp; Shrinkwrap Film supplier in different variants like storing, covering, sealing, and packing - Long length for longer usage - Proper thickness to retain freshness - Keeps your food Home fresh &amp; hot for a long time.</p>',NULL),(103,114,'en','Bubble Wrap Packing Material Size:','<div class=\"a-row\" style=\"box-sizing: border-box; width: 642.672px; background-color: #ffffff;\"><div class=\"a-column a-span6\" style=\"box-sizing: border-box; margin-right: 25.7031px; float: left; min-height: 1px; overflow: visible; width: 308.234px;\"><p>Modern Packagers Providing an original&nbsp; Bubble Wrap Cushioning it keeps objects protected whether they\'re in the mail or on the move. Featuring a barrier layer that maintains consistent cushioning and long-lasting protection, this Bubble Wrap Cushioning easily conforms around your most treasured items and gifts for light-as-air cushioning. Plus it fills up empty voids when you\'re packaging boxes so your valuables stay put during mailing, shipping, moving and storage. Ideal packaging material, packing material, packing roll, bubble roll.</p><h1 class=\"a-size-medium a-spacing-small\" style=\"color: #0f1111; font-family: \'Amazon Ember\', Arial, sans-serif; font-size: 18px !important; box-sizing: border-box; padding: 0px; text-rendering: optimizelegibility; font-weight: 400; line-height: 24px !important; margin: 0px 0px 8px !important 0px;\">&nbsp;</h1><h1 class=\"a-size-medium a-spacing-small\" style=\"color: #0f1111; font-family: \'Amazon Ember\', Arial, sans-serif; font-size: 18px !important; box-sizing: border-box; padding: 0px; text-rendering: optimizelegibility; font-weight: 400; line-height: 24px !important; margin: 0px 0px 8px !important 0px;\">Technical Details</h1></div></div><div class=\"a-expander-content a-expander-extend-content\" style=\"box-sizing: border-box; color: #0f1111; font-family: \'Amazon Ember\', Arial, sans-serif; font-size: 14px; background-color: #ffffff;\" aria-expanded=\"true\"><div class=\"a-row a-expander-container a-expander-inline-container\" style=\"box-sizing: border-box; width: 642.672px;\" aria-live=\"polite\"><div class=\"a-expander-content a-expander-section-content a-section-expander-inner\" style=\"box-sizing: border-box; border-top: 1px solid #dddddd; padding: 12px 18px;\" aria-expanded=\"true\"><table id=\"productDetails_techSpec_section_1\" class=\"a-keyvalue prodDetTable\" style=\"margin-bottom: 22px; width: 606.672px; border-bottom: 1px solid #e7e7e7; table-layout: fixed; border-spacing: 0px; padding: 0px;\" role=\"presentation\"><tbody style=\"box-sizing: border-box;\"><tr style=\"box-sizing: border-box;\"><th class=\"a-color-secondary a-size-base prodDetSectionEntry\" style=\"box-sizing: border-box; vertical-align: top; text-align: left; padding: 7px 14px 6px; background-color: #f3f3f3; font-weight: 400; border-top: 1px solid #e7e7e7; overflow-wrap: break-word; width: 303.328px; line-height: 20px !important;\">Brand</th><td class=\"a-size-base prodDetAttrValue\" style=\"box-sizing: border-box; vertical-align: top; padding: 7px 14px 6px; border-top: 1px solid #e7e7e7; color: #333333; word-break: break-word; line-height: 20px !important;\">&lrm;Bubble Wrap</td></tr><tr style=\"box-sizing: border-box;\"><th class=\"a-color-secondary a-size-base prodDetSectionEntry\" style=\"box-sizing: border-box; vertical-align: top; text-align: left; padding: 7px 14px 6px; background-color: #f3f3f3; font-weight: 400; border-top: 1px solid #e7e7e7; overflow-wrap: break-word; width: 303.328px; line-height: 20px !important;\">Colour</th><td class=\"a-size-base prodDetAttrValue\" style=\"box-sizing: border-box; vertical-align: top; padding: 7px 14px 6px; border-top: 1px solid #e7e7e7; color: #333333; word-break: break-word; line-height: 20px !important;\">&lrm;Aqua</td></tr><tr style=\"box-sizing: border-box;\"><th class=\"a-color-secondary a-size-base prodDetSectionEntry\" style=\"box-sizing: border-box; vertical-align: top; text-align: left; padding: 7px 14px 6px; background-color: #f3f3f3; font-weight: 400; border-top: 1px solid #e7e7e7; overflow-wrap: break-word; width: 303.328px; line-height: 20px !important;\">Shape</th><td class=\"a-size-base prodDetAttrValue\" style=\"box-sizing: border-box; vertical-align: top; padding: 7px 14px 6px; border-top: 1px solid #e7e7e7; color: #333333; word-break: break-word; line-height: 20px !important;\">&lrm;Square</td></tr><tr style=\"box-sizing: border-box;\"><th class=\"a-color-secondary a-size-base prodDetSectionEntry\" style=\"box-sizing: border-box; vertical-align: top; text-align: left; padding: 7px 14px 6px; background-color: #f3f3f3; font-weight: 400; border-top: 1px solid #e7e7e7; overflow-wrap: break-word; width: 303.328px; line-height: 20px !important;\">Material</th><td class=\"a-size-base prodDetAttrValue\" style=\"box-sizing: border-box; vertical-align: top; padding: 7px 14px 6px; border-top: 1px solid #e7e7e7; color: #333333; word-break: break-word; line-height: 20px !important;\">&lrm;High-Density Polyethylene</td></tr><tr style=\"box-sizing: border-box;\"><th class=\"a-color-secondary a-size-base prodDetSectionEntry\" style=\"box-sizing: border-box; vertical-align: top; text-align: left; padding: 7px 14px 6px; background-color: #f3f3f3; font-weight: 400; border-top: 1px solid #e7e7e7; overflow-wrap: break-word; width: 303.328px; line-height: 20px !important;\">Size</th><td class=\"a-size-base prodDetAttrValue\" style=\"box-sizing: border-box; vertical-align: top; padding: 7px 14px 6px; border-top: 1px solid #e7e7e7; color: #333333; word-break: break-word; line-height: 20px !important;\">&lrm;1 x 100 Meter</td></tr><tr style=\"box-sizing: border-box;\"><th class=\"a-color-secondary a-size-base prodDetSectionEntry\" style=\"box-sizing: border-box; vertical-align: top; text-align: left; padding: 7px 14px 6px; background-color: #f3f3f3; font-weight: 400; border-top: 1px solid #e7e7e7; overflow-wrap: break-word; width: 303.328px; line-height: 20px !important;\">Manufacturer Part Number</th><td class=\"a-size-base prodDetAttrValue\" style=\"box-sizing: border-box; vertical-align: top; padding: 7px 14px 6px; border-top: 1px solid #e7e7e7; color: #333333; word-break: break-word; line-height: 20px !important;\">&lrm;Bubble Wrap</td></tr><tr style=\"box-sizing: border-box;\"><th class=\"a-color-secondary a-size-base prodDetSectionEntry\" style=\"box-sizing: border-box; vertical-align: top; text-align: left; padding: 7px 14px 6px; background-color: #f3f3f3; font-weight: 400; border-top: 1px solid #e7e7e7; overflow-wrap: break-word; width: 303.328px; line-height: 20px !important;\">Country of Origin</th><td class=\"a-size-base prodDetAttrValue\" style=\"box-sizing: border-box; vertical-align: top; padding: 7px 14px 6px; border-top: 1px solid #e7e7e7; color: #333333; word-break: break-word; line-height: 20px !important;\">&lrm;India</td></tr></tbody></table></div></div></div>',NULL),(104,115,'en','Brown Tape 2 Inch/ 48mm X 65Metres - Pack of 6','<p>Modern Packagers Providing the best and high-grade quality Film and advanced technology in compliance with international standards. It fits perfectly in the tape dispenser and can be used for packing, binding, sealings, and much more.</p>',NULL),(105,116,'en','Poly Bags Packing Material Courier Bag Size: 10x12 inches  (one Kg)','<h3>Black/white. Poly Bags Packing Material Courier Bag, 60 mic, tamper-evident proof bags. Minimum Order One Kilogram</h3>',NULL),(106,117,'en','Poly Bags Packing Material Courier Bag Size: 12x16 inches (one Kg)','<h3 style=\"box-sizing: border-box; margin: 0px 0px 14px; font-weight: 500; line-height: 30px; font-size: 24px; color: #191919; padding: 0px; font-family: Rubik, Arial, Helvetica, sans-serif; background-color: #ffffff;\">Black/white. Poly Bags Packing Material Courier Bag, 60 mic, tamper-evident proof bags. Minimum Order One Kilogram</h3>',NULL),(107,118,'en','Poly Bags Packing Material Courier Bag Size: 8x10 inches (one Kg)','<h3 style=\"box-sizing: border-box; margin: 0px 0px 14px; font-weight: 500; line-height: 30px; font-size: 24px; color: #191919; padding: 0px; font-family: Rubik, Arial, Helvetica, sans-serif; background-color: #ffffff;\">Black/white. Poly Bags Packing Material Courier Bag, 60 mic, tamper-evident proof bags. Minimum Order One Kilogram</h3>',NULL),(108,119,'en','Poly Bags Packing Material Courier Bag Size: 6x8 inches (one Kg)','<h3 style=\"box-sizing: border-box; margin: 0px 0px 14px; font-weight: 500; line-height: 30px; font-size: 24px; color: #191919; padding: 0px; font-family: Rubik, Arial, Helvetica, sans-serif; background-color: #ffffff;\">Black/white. Poly Bags Packing Material Courier Bag, 60 mic, tamper-evident proof bags. Minimum Order One Kilogram</h3>',NULL),(109,120,'en','Pizza Box 9 Inches (50 PC PACK)','<h1 style=\"box-sizing: border-box; margin: 0in 0in 11.25pt; font-weight: 500; line-height: 22.5pt; font-size: 36px; color: #191919; padding: 0px; font-family: Rubik, Arial, Helvetica, sans-serif; background: white;\"><span style=\"box-sizing: border-box; font-family: Arial, sans-serif; font-size: 18pt;\">3 Ply Pizza Box 9x9x1.75 inches</span></h1><h1 style=\"box-sizing: border-box; margin: 0px 0px 14px; font-weight: 500; line-height: 44px; font-size: 36px; color: #191919; padding: 0px; font-family: Rubik, Arial, Helvetica, sans-serif; background-color: #ffffff;\"><span style=\"box-sizing: border-box; font-family: \'Calibri Light\', sans-serif; font-size: 18pt; letter-spacing: -0.5pt;\">With immense experience of the domain, we are manufacturing and supplying a wide range of Corrugated Boxes. These boxes are manufactured under the guidance of our expert professionals, who make use of high-grade raw material in the manufacturing process.</span></h1><p>&nbsp;</p><table class=\"MsoTableGrid\" style=\"color: #191919; font-family: Rubik, Arial, Helvetica, sans-serif; font-size: 15px; background-color: #ffffff; width: 344.25pt; border: none; margin-left: 6.75pt; margin-right: 6.75pt;\" border=\"1\" width=\"0\" cellspacing=\"0\" cellpadding=\"0\" align=\"left\"><tbody style=\"box-sizing: border-box;\"><tr style=\"box-sizing: border-box; height: 25.7pt;\"><td style=\"box-sizing: border-box; vertical-align: top; width: 81.8pt; border-width: 1pt; border-color: windowtext; border-image: initial; padding: 0in 5.4pt; height: 25.7pt;\" valign=\"top\" width=\"109\"><h1 style=\"box-sizing: border-box; margin: 0px 0px 14px; font-weight: 500; line-height: 44px; font-size: 36px; padding: 0px; text-align: center;\" align=\"center\"><span class=\"TitleChar\" style=\"box-sizing: border-box;\"><span style=\"box-sizing: border-box; font-size: 20pt; color: black;\">Height</span></span></h1></td><td style=\"box-sizing: border-box; vertical-align: top; width: 77.45pt; border-top-width: 1pt; border-top-color: windowtext; border-right-width: 1pt; border-right-color: windowtext; border-bottom-width: 1pt; border-bottom-color: windowtext; border-left: none; border-image: initial; padding: 0in 5.4pt; height: 25.7pt;\" valign=\"top\" width=\"103\"><h1 style=\"box-sizing: border-box; margin: 0px 0px 14px; font-weight: 500; line-height: 44px; font-size: 36px; padding: 0px; text-align: center;\" align=\"center\"><span class=\"TitleChar\" style=\"box-sizing: border-box;\"><span style=\"box-sizing: border-box; font-size: 20pt; color: black;\">Width</span></span></h1></td><td style=\"box-sizing: border-box; vertical-align: top; width: 84.25pt; border-top-width: 1pt; border-top-color: windowtext; border-right-width: 1pt; border-right-color: windowtext; border-bottom-width: 1pt; border-bottom-color: windowtext; border-left: none; border-image: initial; padding: 0in 5.4pt; height: 25.7pt;\" valign=\"top\" width=\"112\"><h1 style=\"box-sizing: border-box; margin: 0px 0px 14px; font-weight: 500; line-height: 44px; font-size: 36px; padding: 0px; text-align: center;\" align=\"center\"><span class=\"TitleChar\" style=\"box-sizing: border-box;\"><span style=\"box-sizing: border-box; font-size: 20pt; color: black;\">Length</span></span></h1></td><td style=\"box-sizing: border-box; vertical-align: top; width: 100.75pt; border-top-width: 1pt; border-top-color: windowtext; border-right-width: 1pt; border-right-color: windowtext; border-bottom-width: 1pt; border-bottom-color: windowtext; border-left: none; border-image: initial; padding: 0in 5.4pt; height: 25.7pt;\" valign=\"top\" width=\"134\"><h1 style=\"box-sizing: border-box; margin: 0px 0px 14px; font-weight: 500; line-height: 44px; font-size: 36px; padding: 0px; text-align: center;\" align=\"center\"><span class=\"TitleChar\" style=\"box-sizing: border-box;\"><span style=\"box-sizing: border-box; font-size: 20pt; color: black; letter-spacing: 0pt;\">Color</span></span></h1></td></tr><tr style=\"box-sizing: border-box; height: 25.7pt;\"><td style=\"box-sizing: border-box; vertical-align: top; width: 81.8pt; border-top: none; border-right-width: 1pt; border-right-color: windowtext; border-bottom-width: 1pt; border-bottom-color: windowtext; border-left-width: 1pt; border-left-color: windowtext; border-image: initial; padding: 0in 5.4pt; height: 25.7pt;\" valign=\"top\" width=\"109\"><h1 style=\"box-sizing: border-box; margin: 0px 0px 14px; font-weight: 500; line-height: 44px; font-size: 36px; padding: 0px; text-align: center;\" align=\"center\"><span class=\"TitleChar\" style=\"box-sizing: border-box;\"><span style=\"box-sizing: border-box; font-size: 16pt;\">1.75 Inches</span></span></h1></td><td style=\"box-sizing: border-box; vertical-align: top; width: 77.45pt; border-top: none; border-left: none; border-bottom-width: 1pt; border-bottom-color: windowtext; border-right-width: 1pt; border-right-color: windowtext; padding: 0in 5.4pt; height: 25.7pt;\" valign=\"top\" width=\"103\"><h1 style=\"box-sizing: border-box; margin: 0px 0px 14px; font-weight: 500; line-height: 44px; font-size: 36px; padding: 0px; text-align: center;\" align=\"center\"><span class=\"TitleChar\" style=\"box-sizing: border-box;\"><span style=\"box-sizing: border-box; font-size: 16pt;\">9 Inches</span></span></h1></td><td style=\"box-sizing: border-box; vertical-align: top; width: 84.25pt; border-top: none; border-left: none; border-bottom-width: 1pt; border-bottom-color: windowtext; border-right-width: 1pt; border-right-color: windowtext; padding: 0in 5.4pt; height: 25.7pt;\" valign=\"top\" width=\"112\"><h1 style=\"box-sizing: border-box; margin: 0px 0px 14px; font-weight: 500; line-height: 44px; font-size: 36px; padding: 0px; text-align: center;\" align=\"center\"><span class=\"TitleChar\" style=\"box-sizing: border-box;\"><span style=\"box-sizing: border-box; font-size: 16pt;\">9 Inches</span></span></h1></td><td style=\"box-sizing: border-box; vertical-align: top; width: 100.75pt; border-top: none; border-left: none; border-bottom-width: 1pt; border-bottom-color: windowtext; border-right-width: 1pt; border-right-color: windowtext; padding: 0in 5.4pt; height: 25.7pt;\" valign=\"top\" width=\"134\"><h1 style=\"box-sizing: border-box; margin: 0px 0px 14px; font-weight: 500; line-height: 44px; font-size: 36px; padding: 0px; text-align: center;\" align=\"center\"><span class=\"TitleChar\" style=\"box-sizing: border-box;\"><span style=\"box-sizing: border-box; font-size: 16pt;\">Brown</span></span></h1><p><span class=\"TitleChar\" style=\"box-sizing: border-box;\"><span style=\"box-sizing: border-box; font-size: 16pt;\">&nbsp;</span></span></p></td></tr></tbody></table>',NULL),(110,121,'en','Pizza Box 11 Inches (50 PC PACK)','<h1 style=\"box-sizing: border-box; margin: 0in 0in 11.25pt; font-weight: 500; line-height: 22.5pt; font-size: 36px; color: #191919; padding: 0px; font-family: Rubik, Arial, Helvetica, sans-serif; background: white;\"><span style=\"box-sizing: border-box; font-family: Arial, sans-serif; font-size: 18pt;\">3 Ply Pizza Box 11x11x1.75 inches</span></h1><h1 style=\"box-sizing: border-box; margin: 0px 0px 14px; font-weight: 500; line-height: 44px; font-size: 36px; color: #191919; padding: 0px; font-family: Rubik, Arial, Helvetica, sans-serif; background-color: #ffffff;\"><span style=\"box-sizing: border-box; font-family: \'Calibri Light\', sans-serif; font-size: 18pt; letter-spacing: -0.5pt;\">With immense experience of the domain, we are manufacturing and supplying a wide range of&nbsp;Corrugated Boxes. These boxes are manufactured under the guidance of our expert professionals, who make use of high-grade raw material in the manufacturing process.</span></h1><table class=\"MsoTableGrid\" style=\"color: #191919; font-family: Rubik, Arial, Helvetica, sans-serif; font-size: 15px; background-color: #ffffff; width: 344.25pt; border: none; margin-left: 6.75pt; margin-right: 6.75pt;\" border=\"1\" width=\"0\" cellspacing=\"0\" cellpadding=\"0\" align=\"left\"><tbody style=\"box-sizing: border-box;\"><tr style=\"box-sizing: border-box; height: 25.7pt;\"><td style=\"box-sizing: border-box; vertical-align: top; width: 81.8pt; border-width: 1pt; border-color: windowtext; border-image: initial; padding: 0in 5.4pt; height: 25.7pt;\" valign=\"top\" width=\"109\"><h1 style=\"box-sizing: border-box; margin: 0px 0px 14px; font-weight: 500; line-height: 44px; font-size: 36px; padding: 0px; text-align: center;\" align=\"center\"><span class=\"TitleChar\" style=\"box-sizing: border-box;\"><span style=\"box-sizing: border-box; font-size: 20pt; color: black;\">Length</span></span></h1></td><td style=\"box-sizing: border-box; vertical-align: top; width: 77.45pt; border-top-width: 1pt; border-top-color: windowtext; border-right-width: 1pt; border-right-color: windowtext; border-bottom-width: 1pt; border-bottom-color: windowtext; border-left: none; border-image: initial; padding: 0in 5.4pt; height: 25.7pt;\" valign=\"top\" width=\"103\"><h1 style=\"box-sizing: border-box; margin: 0px 0px 14px; font-weight: 500; line-height: 44px; font-size: 36px; padding: 0px; text-align: center;\" align=\"center\"><span class=\"TitleChar\" style=\"box-sizing: border-box;\"><span style=\"box-sizing: border-box; font-size: 20pt; color: black;\">Width</span></span></h1></td><td style=\"box-sizing: border-box; vertical-align: top; width: 84.25pt; border-top-width: 1pt; border-top-color: windowtext; border-right-width: 1pt; border-right-color: windowtext; border-bottom-width: 1pt; border-bottom-color: windowtext; border-left: none; border-image: initial; padding: 0in 5.4pt; height: 25.7pt;\" valign=\"top\" width=\"112\"><h1 style=\"box-sizing: border-box; margin: 0px 0px 14px; font-weight: 500; line-height: 44px; font-size: 36px; padding: 0px; text-align: center;\" align=\"center\"><span class=\"TitleChar\" style=\"box-sizing: border-box;\"><span style=\"box-sizing: border-box; font-size: 20pt; color: black;\">Height</span></span></h1></td><td style=\"box-sizing: border-box; vertical-align: top; width: 100.75pt; border-top-width: 1pt; border-top-color: windowtext; border-right-width: 1pt; border-right-color: windowtext; border-bottom-width: 1pt; border-bottom-color: windowtext; border-left: none; border-image: initial; padding: 0in 5.4pt; height: 25.7pt;\" valign=\"top\" width=\"134\"><h1 style=\"box-sizing: border-box; margin: 0px 0px 14px; font-weight: 500; line-height: 44px; font-size: 36px; padding: 0px; text-align: center;\" align=\"center\"><span class=\"TitleChar\" style=\"box-sizing: border-box;\"><span style=\"box-sizing: border-box; font-size: 20pt; color: black; letter-spacing: 0pt;\">Color</span></span></h1></td></tr><tr style=\"box-sizing: border-box; height: 25.7pt;\"><td style=\"box-sizing: border-box; vertical-align: top; width: 81.8pt; border-top: none; border-right-width: 1pt; border-right-color: windowtext; border-bottom-width: 1pt; border-bottom-color: windowtext; border-left-width: 1pt; border-left-color: windowtext; border-image: initial; padding: 0in 5.4pt; height: 25.7pt;\" valign=\"top\" width=\"109\"><h1 style=\"box-sizing: border-box; margin: 0px 0px 14px; font-weight: 500; line-height: 44px; font-size: 36px; padding: 0px; text-align: center;\" align=\"center\"><span class=\"TitleChar\" style=\"box-sizing: border-box;\"><span style=\"box-sizing: border-box; font-size: 16pt;\">11 Inches</span></span></h1></td><td style=\"box-sizing: border-box; vertical-align: top; width: 77.45pt; border-top: none; border-left: none; border-bottom-width: 1pt; border-bottom-color: windowtext; border-right-width: 1pt; border-right-color: windowtext; padding: 0in 5.4pt; height: 25.7pt;\" valign=\"top\" width=\"103\"><h1 style=\"box-sizing: border-box; margin: 0px 0px 14px; font-weight: 500; line-height: 44px; font-size: 36px; padding: 0px; text-align: center;\" align=\"center\"><span class=\"TitleChar\" style=\"box-sizing: border-box;\"><span style=\"box-sizing: border-box; font-size: 16pt;\">11 Inches</span></span></h1></td><td style=\"box-sizing: border-box; vertical-align: top; width: 84.25pt; border-top: none; border-left: none; border-bottom-width: 1pt; border-bottom-color: windowtext; border-right-width: 1pt; border-right-color: windowtext; padding: 0in 5.4pt; height: 25.7pt;\" valign=\"top\" width=\"112\"><h1 style=\"box-sizing: border-box; margin: 0px 0px 14px; font-weight: 500; line-height: 44px; font-size: 36px; padding: 0px; text-align: center;\" align=\"center\"><span class=\"TitleChar\" style=\"box-sizing: border-box;\"><span style=\"box-sizing: border-box; font-size: 16pt;\">1.75 Inches</span></span></h1></td><td style=\"box-sizing: border-box; vertical-align: top; width: 100.75pt; border-top: none; border-left: none; border-bottom-width: 1pt; border-bottom-color: windowtext; border-right-width: 1pt; border-right-color: windowtext; padding: 0in 5.4pt; height: 25.7pt;\" valign=\"top\" width=\"134\"><h1 style=\"box-sizing: border-box; margin: 0px 0px 14px; font-weight: 500; line-height: 44px; font-size: 36px; padding: 0px; text-align: center;\" align=\"center\"><span class=\"TitleChar\" style=\"box-sizing: border-box;\"><span style=\"box-sizing: border-box; font-size: 16pt;\">Brown</span></span></h1></td></tr></tbody></table><h1 style=\"box-sizing: border-box; margin: 0px 0px 14px; font-weight: 500; line-height: 44px; font-size: 36px; color: #191919; padding: 0px; font-family: Rubik, Arial, Helvetica, sans-serif; background-color: #ffffff;\"><span class=\"TitleChar\" style=\"box-sizing: border-box;\"><span style=\"box-sizing: border-box; font-size: 18pt;\">&nbsp;</span></span></h1><h1 style=\"box-sizing: border-box; margin: 0px 0px 14px; font-weight: 500; line-height: 44px; font-size: 36px; color: #191919; padding: 0px; font-family: Rubik, Arial, Helvetica, sans-serif; background-color: #ffffff;\"><span class=\"TitleChar\" style=\"box-sizing: border-box;\"><span style=\"box-sizing: border-box; font-size: 18pt;\">&nbsp;</span></span></h1><h1 style=\"box-sizing: border-box; margin: 0px 0px 14px; font-weight: 500; line-height: 44px; font-size: 36px; color: #191919; padding: 0px; font-family: Rubik, Arial, Helvetica, sans-serif; background-color: #ffffff;\"><span class=\"TitleChar\" style=\"box-sizing: border-box;\"><span style=\"box-sizing: border-box; font-size: 18pt;\">&nbsp;</span></span></h1><h1 style=\"box-sizing: border-box; margin: 0px 0px 14px; font-weight: 500; line-height: 44px; font-size: 36px; color: #191919; padding: 0px; font-family: Rubik, Arial, Helvetica, sans-serif; background-color: #ffffff;\">&nbsp;</h1><h1 style=\"box-sizing: border-box; margin: 0px 0px 14px; font-weight: 500; line-height: 44px; font-size: 36px; color: #191919; padding: 0px; font-family: Rubik, Arial, Helvetica, sans-serif; background-color: #ffffff;\"><span style=\"box-sizing: border-box; font-family: \'Calibri Light\', sans-serif; font-size: 18pt;\">Uses:-&nbsp;</span><span style=\"box-sizing: border-box; font-family: \'Calibri Light\', sans-serif; font-size: 18pt; color: black;\">Pizza packaging Box,</span></h1>',NULL),(111,122,'en','Pizza Box 12 Inches (50 PC PACK)','<h1 style=\"box-sizing: border-box; margin: 0in 0in 11.25pt; font-weight: 500; line-height: 22.5pt; font-size: 36px; color: #191919; padding: 0px; font-family: Rubik, Arial, Helvetica, sans-serif; background: white;\"><span style=\"box-sizing: border-box; font-family: Arial, sans-serif; font-size: 18pt;\">3 Ply Pizza Box 12x12x1.75 inches</span></h1><h1 style=\"box-sizing: border-box; margin: 0px 0px 14px; font-weight: 500; line-height: 44px; font-size: 36px; color: #191919; padding: 0px; font-family: Rubik, Arial, Helvetica, sans-serif; background-color: #ffffff;\"><span style=\"box-sizing: border-box; font-family: \'Calibri Light\', sans-serif; font-size: 18pt; letter-spacing: -0.5pt;\">With immense experience of the domain, we are manufacturing and supplying a wide range of&nbsp;Corrugated Boxes. These boxes are manufactured under the guidance of our expert professionals, who make use of high-grade raw material in the manufacturing process.</span></h1><table class=\"MsoTableGrid\" style=\"color: #191919; font-family: Rubik, Arial, Helvetica, sans-serif; font-size: 15px; background-color: #ffffff; width: 344.25pt; border: none; margin-left: 6.75pt; margin-right: 6.75pt;\" border=\"1\" width=\"0\" cellspacing=\"0\" cellpadding=\"0\" align=\"left\"><tbody style=\"box-sizing: border-box;\"><tr style=\"box-sizing: border-box; height: 25.7pt;\"><td style=\"box-sizing: border-box; vertical-align: top; width: 81.8pt; border-width: 1pt; border-color: windowtext; border-image: initial; padding: 0in 5.4pt; height: 25.7pt;\" valign=\"top\" width=\"109\"><h1 style=\"box-sizing: border-box; margin: 0px 0px 14px; font-weight: 500; line-height: 44px; font-size: 36px; padding: 0px; text-align: center;\" align=\"center\"><span class=\"TitleChar\" style=\"box-sizing: border-box;\"><span style=\"box-sizing: border-box; font-size: 20pt; color: black;\">Length</span></span></h1></td><td style=\"box-sizing: border-box; vertical-align: top; width: 77.45pt; border-top-width: 1pt; border-top-color: windowtext; border-right-width: 1pt; border-right-color: windowtext; border-bottom-width: 1pt; border-bottom-color: windowtext; border-left: none; border-image: initial; padding: 0in 5.4pt; height: 25.7pt;\" valign=\"top\" width=\"103\"><h1 style=\"box-sizing: border-box; margin: 0px 0px 14px; font-weight: 500; line-height: 44px; font-size: 36px; padding: 0px; text-align: center;\" align=\"center\"><span class=\"TitleChar\" style=\"box-sizing: border-box;\"><span style=\"box-sizing: border-box; font-size: 20pt; color: black;\">Width</span></span></h1></td><td style=\"box-sizing: border-box; vertical-align: top; width: 84.25pt; border-top-width: 1pt; border-top-color: windowtext; border-right-width: 1pt; border-right-color: windowtext; border-bottom-width: 1pt; border-bottom-color: windowtext; border-left: none; border-image: initial; padding: 0in 5.4pt; height: 25.7pt;\" valign=\"top\" width=\"112\"><h1 style=\"box-sizing: border-box; margin: 0px 0px 14px; font-weight: 500; line-height: 44px; font-size: 36px; padding: 0px; text-align: center;\" align=\"center\"><span class=\"TitleChar\" style=\"box-sizing: border-box;\"><span style=\"box-sizing: border-box; font-size: 20pt; color: black;\">Height</span></span></h1></td><td style=\"box-sizing: border-box; vertical-align: top; width: 100.75pt; border-top-width: 1pt; border-top-color: windowtext; border-right-width: 1pt; border-right-color: windowtext; border-bottom-width: 1pt; border-bottom-color: windowtext; border-left: none; border-image: initial; padding: 0in 5.4pt; height: 25.7pt;\" valign=\"top\" width=\"134\"><h1 style=\"box-sizing: border-box; margin: 0px 0px 14px; font-weight: 500; line-height: 44px; font-size: 36px; padding: 0px; text-align: center;\" align=\"center\"><span class=\"TitleChar\" style=\"box-sizing: border-box;\"><span style=\"box-sizing: border-box; font-size: 20pt; color: black; letter-spacing: 0pt;\">Color</span></span></h1></td></tr><tr style=\"box-sizing: border-box; height: 25.7pt;\"><td style=\"box-sizing: border-box; vertical-align: top; width: 81.8pt; border-top: none; border-right-width: 1pt; border-right-color: windowtext; border-bottom-width: 1pt; border-bottom-color: windowtext; border-left-width: 1pt; border-left-color: windowtext; border-image: initial; padding: 0in 5.4pt; height: 25.7pt;\" valign=\"top\" width=\"109\"><h1 style=\"box-sizing: border-box; margin: 0px 0px 14px; font-weight: 500; line-height: 44px; font-size: 36px; padding: 0px; text-align: center;\" align=\"center\"><span class=\"TitleChar\" style=\"box-sizing: border-box;\"><span style=\"box-sizing: border-box; font-size: 16pt;\">12 Inches</span></span></h1></td><td style=\"box-sizing: border-box; vertical-align: top; width: 77.45pt; border-top: none; border-left: none; border-bottom-width: 1pt; border-bottom-color: windowtext; border-right-width: 1pt; border-right-color: windowtext; padding: 0in 5.4pt; height: 25.7pt;\" valign=\"top\" width=\"103\"><h1 style=\"box-sizing: border-box; margin: 0px 0px 14px; font-weight: 500; line-height: 44px; font-size: 36px; padding: 0px; text-align: center;\" align=\"center\"><span class=\"TitleChar\" style=\"box-sizing: border-box;\"><span style=\"box-sizing: border-box; font-size: 16pt;\">12 Inches</span></span></h1></td><td style=\"box-sizing: border-box; vertical-align: top; width: 84.25pt; border-top: none; border-left: none; border-bottom-width: 1pt; border-bottom-color: windowtext; border-right-width: 1pt; border-right-color: windowtext; padding: 0in 5.4pt; height: 25.7pt;\" valign=\"top\" width=\"112\"><h1 style=\"box-sizing: border-box; margin: 0px 0px 14px; font-weight: 500; line-height: 44px; font-size: 36px; padding: 0px; text-align: center;\" align=\"center\"><span class=\"TitleChar\" style=\"box-sizing: border-box;\"><span style=\"box-sizing: border-box; font-size: 16pt;\">1.75 Inches</span></span></h1></td><td style=\"box-sizing: border-box; vertical-align: top; width: 100.75pt; border-top: none; border-left: none; border-bottom-width: 1pt; border-bottom-color: windowtext; border-right-width: 1pt; border-right-color: windowtext; padding: 0in 5.4pt; height: 25.7pt;\" valign=\"top\" width=\"134\"><h1 style=\"box-sizing: border-box; margin: 0px 0px 14px; font-weight: 500; line-height: 44px; font-size: 36px; padding: 0px; text-align: center;\" align=\"center\"><span class=\"TitleChar\" style=\"box-sizing: border-box;\"><span style=\"box-sizing: border-box; font-size: 16pt;\">Brown</span></span></h1></td></tr></tbody></table><h1 style=\"box-sizing: border-box; margin: 0px 0px 14px; font-weight: 500; line-height: 44px; font-size: 36px; color: #191919; padding: 0px; font-family: Rubik, Arial, Helvetica, sans-serif; background-color: #ffffff;\"><span class=\"TitleChar\" style=\"box-sizing: border-box;\"><span style=\"box-sizing: border-box; font-size: 18pt;\">&nbsp;</span></span></h1><h1 style=\"box-sizing: border-box; margin: 0px 0px 14px; font-weight: 500; line-height: 44px; font-size: 36px; color: #191919; padding: 0px; font-family: Rubik, Arial, Helvetica, sans-serif; background-color: #ffffff;\"><span class=\"TitleChar\" style=\"box-sizing: border-box;\"><span style=\"box-sizing: border-box; font-size: 18pt;\">&nbsp;</span></span></h1><h1 style=\"box-sizing: border-box; margin: 0px 0px 14px; font-weight: 500; line-height: 44px; font-size: 36px; color: #191919; padding: 0px; font-family: Rubik, Arial, Helvetica, sans-serif; background-color: #ffffff;\"><span class=\"TitleChar\" style=\"box-sizing: border-box;\"><span style=\"box-sizing: border-box; font-size: 18pt;\">&nbsp;</span></span></h1><h1 style=\"box-sizing: border-box; margin: 0px 0px 14px; font-weight: 500; line-height: 44px; font-size: 36px; color: #191919; padding: 0px; font-family: Rubik, Arial, Helvetica, sans-serif; background-color: #ffffff;\">&nbsp;</h1><h1 style=\"box-sizing: border-box; margin: 0px 0px 14px; font-weight: 500; line-height: 44px; font-size: 36px; color: #191919; padding: 0px; font-family: Rubik, Arial, Helvetica, sans-serif; background-color: #ffffff;\"><span style=\"box-sizing: border-box; font-family: \'Calibri Light\', sans-serif; font-size: 18pt;\">Uses:-&nbsp;</span><span style=\"box-sizing: border-box; font-family: \'Calibri Light\', sans-serif; font-size: 18pt; color: black;\">Pizza packaging Box,</span></h1>',NULL),(112,123,'en','Pizza Box 14.5 Inches (50 PC PACK)','<h1 style=\"box-sizing: border-box; margin: 0in 0in 11.25pt; font-weight: 500; line-height: 22.5pt; font-size: 36px; color: #191919; padding: 0px; font-family: Rubik, Arial, Helvetica, sans-serif; background: white;\"><span style=\"box-sizing: border-box; font-family: Arial, sans-serif; font-size: 18pt;\">3 Ply Pizza Box 14.5x14.5x1.75 inches</span></h1><h1 style=\"box-sizing: border-box; margin: 0px 0px 14px; font-weight: 500; line-height: 44px; font-size: 36px; color: #191919; padding: 0px; font-family: Rubik, Arial, Helvetica, sans-serif; background-color: #ffffff;\"><span style=\"box-sizing: border-box; font-family: \'Calibri Light\', sans-serif; font-size: 18pt; letter-spacing: -0.5pt;\">With immense experience of the domain, we are manufacturing and supplying a wide range of&nbsp;Corrugated Boxes. These boxes are manufactured under the guidance of our expert professionals, who make use of high-grade raw material in the manufacturing process.</span></h1><table class=\"MsoTableGrid\" style=\"color: #191919; font-family: Rubik, Arial, Helvetica, sans-serif; font-size: 15px; background-color: #ffffff; width: 344.25pt; border: none; margin-left: 6.75pt; margin-right: 6.75pt;\" border=\"1\" width=\"0\" cellspacing=\"0\" cellpadding=\"0\" align=\"left\"><tbody style=\"box-sizing: border-box;\"><tr style=\"box-sizing: border-box; height: 25.7pt;\"><td style=\"box-sizing: border-box; vertical-align: top; width: 81.8pt; border-width: 1pt; border-color: windowtext; border-image: initial; padding: 0in 5.4pt; height: 25.7pt;\" valign=\"top\" width=\"109\"><h1 style=\"box-sizing: border-box; margin: 0px 0px 14px; font-weight: 500; line-height: 44px; font-size: 36px; padding: 0px; text-align: center;\" align=\"center\"><span class=\"TitleChar\" style=\"box-sizing: border-box;\"><span style=\"box-sizing: border-box; font-size: 20pt; color: black;\">Length</span></span></h1></td><td style=\"box-sizing: border-box; vertical-align: top; width: 77.45pt; border-top-width: 1pt; border-top-color: windowtext; border-right-width: 1pt; border-right-color: windowtext; border-bottom-width: 1pt; border-bottom-color: windowtext; border-left: none; border-image: initial; padding: 0in 5.4pt; height: 25.7pt;\" valign=\"top\" width=\"103\"><h1 style=\"box-sizing: border-box; margin: 0px 0px 14px; font-weight: 500; line-height: 44px; font-size: 36px; padding: 0px; text-align: center;\" align=\"center\"><span class=\"TitleChar\" style=\"box-sizing: border-box;\"><span style=\"box-sizing: border-box; font-size: 20pt; color: black;\">Width</span></span></h1></td><td style=\"box-sizing: border-box; vertical-align: top; width: 84.25pt; border-top-width: 1pt; border-top-color: windowtext; border-right-width: 1pt; border-right-color: windowtext; border-bottom-width: 1pt; border-bottom-color: windowtext; border-left: none; border-image: initial; padding: 0in 5.4pt; height: 25.7pt;\" valign=\"top\" width=\"112\"><h1 style=\"box-sizing: border-box; margin: 0px 0px 14px; font-weight: 500; line-height: 44px; font-size: 36px; padding: 0px; text-align: center;\" align=\"center\"><span class=\"TitleChar\" style=\"box-sizing: border-box;\"><span style=\"box-sizing: border-box; font-size: 20pt; color: black;\">Height</span></span></h1></td><td style=\"box-sizing: border-box; vertical-align: top; width: 100.75pt; border-top-width: 1pt; border-top-color: windowtext; border-right-width: 1pt; border-right-color: windowtext; border-bottom-width: 1pt; border-bottom-color: windowtext; border-left: none; border-image: initial; padding: 0in 5.4pt; height: 25.7pt;\" valign=\"top\" width=\"134\"><h1 style=\"box-sizing: border-box; margin: 0px 0px 14px; font-weight: 500; line-height: 44px; font-size: 36px; padding: 0px; text-align: center;\" align=\"center\"><span class=\"TitleChar\" style=\"box-sizing: border-box;\"><span style=\"box-sizing: border-box; font-size: 20pt; color: black; letter-spacing: 0pt;\">Color</span></span></h1></td></tr><tr style=\"box-sizing: border-box; height: 25.7pt;\"><td style=\"box-sizing: border-box; vertical-align: top; width: 81.8pt; border-top: none; border-right-width: 1pt; border-right-color: windowtext; border-bottom-width: 1pt; border-bottom-color: windowtext; border-left-width: 1pt; border-left-color: windowtext; border-image: initial; padding: 0in 5.4pt; height: 25.7pt;\" valign=\"top\" width=\"109\"><h1 style=\"box-sizing: border-box; margin: 0px 0px 14px; font-weight: 500; line-height: 44px; font-size: 36px; padding: 0px; text-align: center;\" align=\"center\"><span class=\"TitleChar\" style=\"box-sizing: border-box;\"><span style=\"box-sizing: border-box; font-size: 16pt;\">14.5 Inches</span></span></h1></td><td style=\"box-sizing: border-box; vertical-align: top; width: 77.45pt; border-top: none; border-left: none; border-bottom-width: 1pt; border-bottom-color: windowtext; border-right-width: 1pt; border-right-color: windowtext; padding: 0in 5.4pt; height: 25.7pt;\" valign=\"top\" width=\"103\"><h1 style=\"box-sizing: border-box; margin: 0px 0px 14px; font-weight: 500; line-height: 44px; font-size: 36px; padding: 0px; text-align: center;\" align=\"center\"><span class=\"TitleChar\" style=\"box-sizing: border-box;\"><span style=\"box-sizing: border-box; font-size: 16pt;\">14.5 Inches</span></span></h1></td><td style=\"box-sizing: border-box; vertical-align: top; width: 84.25pt; border-top: none; border-left: none; border-bottom-width: 1pt; border-bottom-color: windowtext; border-right-width: 1pt; border-right-color: windowtext; padding: 0in 5.4pt; height: 25.7pt;\" valign=\"top\" width=\"112\"><h1 style=\"box-sizing: border-box; margin: 0px 0px 14px; font-weight: 500; line-height: 44px; font-size: 36px; padding: 0px; text-align: center;\" align=\"center\"><span class=\"TitleChar\" style=\"box-sizing: border-box;\"><span style=\"box-sizing: border-box; font-size: 16pt;\">1.75 Inches</span></span></h1></td><td style=\"box-sizing: border-box; vertical-align: top; width: 100.75pt; border-top: none; border-left: none; border-bottom-width: 1pt; border-bottom-color: windowtext; border-right-width: 1pt; border-right-color: windowtext; padding: 0in 5.4pt; height: 25.7pt;\" valign=\"top\" width=\"134\"><h1 style=\"box-sizing: border-box; margin: 0px 0px 14px; font-weight: 500; line-height: 44px; font-size: 36px; padding: 0px; text-align: center;\" align=\"center\"><span class=\"TitleChar\" style=\"box-sizing: border-box;\"><span style=\"box-sizing: border-box; font-size: 16pt;\">Brown</span></span></h1></td></tr></tbody></table><h1 style=\"box-sizing: border-box; margin: 0px 0px 14px; font-weight: 500; line-height: 44px; font-size: 36px; color: #191919; padding: 0px; font-family: Rubik, Arial, Helvetica, sans-serif; background-color: #ffffff;\"><span class=\"TitleChar\" style=\"box-sizing: border-box;\"><span style=\"box-sizing: border-box; font-size: 18pt;\">&nbsp;</span></span></h1><h1 style=\"box-sizing: border-box; margin: 0px 0px 14px; font-weight: 500; line-height: 44px; font-size: 36px; color: #191919; padding: 0px; font-family: Rubik, Arial, Helvetica, sans-serif; background-color: #ffffff;\"><span class=\"TitleChar\" style=\"box-sizing: border-box;\"><span style=\"box-sizing: border-box; font-size: 18pt;\">&nbsp;</span></span></h1><h1 style=\"box-sizing: border-box; margin: 0px 0px 14px; font-weight: 500; line-height: 44px; font-size: 36px; color: #191919; padding: 0px; font-family: Rubik, Arial, Helvetica, sans-serif; background-color: #ffffff;\"><span class=\"TitleChar\" style=\"box-sizing: border-box;\"><span style=\"box-sizing: border-box; font-size: 18pt;\">&nbsp;</span></span></h1><h1 style=\"box-sizing: border-box; margin: 0px 0px 14px; font-weight: 500; line-height: 44px; font-size: 36px; color: #191919; padding: 0px; font-family: Rubik, Arial, Helvetica, sans-serif; background-color: #ffffff;\">&nbsp;</h1><h1 style=\"box-sizing: border-box; margin: 0px 0px 14px; font-weight: 500; line-height: 44px; font-size: 36px; color: #191919; padding: 0px; font-family: Rubik, Arial, Helvetica, sans-serif; background-color: #ffffff;\"><span style=\"box-sizing: border-box; font-family: \'Calibri Light\', sans-serif; font-size: 18pt;\">Uses:-&nbsp;</span><span style=\"box-sizing: border-box; font-family: \'Calibri Light\', sans-serif; font-size: 18pt; color: black;\">Pizza packaging Box,</span></h1>',NULL),(113,124,'en','Burger Box (100 pc pack)','<h1 style=\"box-sizing: border-box; margin: 0px 0px 14px; font-weight: 500; line-height: 44px; font-size: 36px; color: #191919; padding: 0px; font-family: Rubik, Arial, Helvetica, sans-serif; background-color: #ffffff;\"><span style=\"box-sizing: border-box; font-family: Arial, sans-serif; font-size: 18pt;\">Burger Box.</span></h1><h1 style=\"box-sizing: border-box; margin: 0px 0px 14px; font-weight: 500; line-height: 44px; font-size: 36px; color: #191919; padding: 0px; font-family: Rubik, Arial, Helvetica, sans-serif; background-color: #ffffff;\"><span style=\"box-sizing: border-box; font-family: \'Calibri Light\', sans-serif; font-size: 18pt; letter-spacing: -0.5pt;\">With immense experience of the Burger king, we are manufacturing and supplying a wide range of&nbsp;white Kraft Paper Square Burger Box Plain and Customized Printing plane paper, Printed or Corrugated Boxes. These boxes are manufactured under the guidance of our expert professionals, who make use of high-grade raw material in the manufacturing process.</span></h1><table class=\"MsoTableGrid\" style=\"color: #191919; font-family: Rubik, Arial, Helvetica, sans-serif; font-size: 15px; background-color: #ffffff; width: 344.25pt; border: none; margin-left: 6.75pt; margin-right: 6.75pt;\" border=\"1\" width=\"0\" cellspacing=\"0\" cellpadding=\"0\" align=\"left\"><tbody style=\"box-sizing: border-box;\"><tr style=\"box-sizing: border-box; height: 25.7pt;\"><td style=\"box-sizing: border-box; vertical-align: top; width: 81.8pt; border-width: 1pt; border-color: windowtext; border-image: initial; padding: 0in 5.4pt; height: 25.7pt;\" valign=\"top\" width=\"109\"><h1 style=\"box-sizing: border-box; margin: 0px 0px 14px; font-weight: 500; line-height: 44px; font-size: 36px; padding: 0px; text-align: center;\" align=\"center\"><span class=\"TitleChar\" style=\"box-sizing: border-box;\"><span style=\"box-sizing: border-box; font-size: 20pt; color: black;\">Length</span></span></h1></td><td style=\"box-sizing: border-box; vertical-align: top; width: 77.45pt; border-top-width: 1pt; border-top-color: windowtext; border-right-width: 1pt; border-right-color: windowtext; border-bottom-width: 1pt; border-bottom-color: windowtext; border-left: none; border-image: initial; padding: 0in 5.4pt; height: 25.7pt;\" valign=\"top\" width=\"103\"><h1 style=\"box-sizing: border-box; margin: 0px 0px 14px; font-weight: 500; line-height: 44px; font-size: 36px; padding: 0px; text-align: center;\" align=\"center\"><span class=\"TitleChar\" style=\"box-sizing: border-box;\"><span style=\"box-sizing: border-box; font-size: 20pt; color: black;\">Width</span></span></h1></td><td style=\"box-sizing: border-box; vertical-align: top; width: 84.25pt; border-top-width: 1pt; border-top-color: windowtext; border-right-width: 1pt; border-right-color: windowtext; border-bottom-width: 1pt; border-bottom-color: windowtext; border-left: none; border-image: initial; padding: 0in 5.4pt; height: 25.7pt;\" valign=\"top\" width=\"112\"><h1 style=\"box-sizing: border-box; margin: 0px 0px 14px; font-weight: 500; line-height: 44px; font-size: 36px; padding: 0px; text-align: center;\" align=\"center\"><span class=\"TitleChar\" style=\"box-sizing: border-box;\"><span style=\"box-sizing: border-box; font-size: 20pt; color: black;\">Height</span></span></h1></td><td style=\"box-sizing: border-box; vertical-align: top; width: 100.75pt; border-top-width: 1pt; border-top-color: windowtext; border-right-width: 1pt; border-right-color: windowtext; border-bottom-width: 1pt; border-bottom-color: windowtext; border-left: none; border-image: initial; padding: 0in 5.4pt; height: 25.7pt;\" valign=\"top\" width=\"134\"><h1 style=\"box-sizing: border-box; margin: 0px 0px 14px; font-weight: 500; line-height: 44px; font-size: 36px; padding: 0px; text-align: center;\" align=\"center\"><span class=\"TitleChar\" style=\"box-sizing: border-box;\"><span style=\"box-sizing: border-box; font-size: 20pt; color: black; letter-spacing: 0pt;\">Color</span></span></h1></td></tr><tr style=\"box-sizing: border-box; height: 25.7pt;\"><td style=\"box-sizing: border-box; vertical-align: top; width: 81.8pt; border-top: none; border-right-width: 1pt; border-right-color: windowtext; border-bottom-width: 1pt; border-bottom-color: windowtext; border-left-width: 1pt; border-left-color: windowtext; border-image: initial; padding: 0in 5.4pt; height: 25.7pt;\" valign=\"top\" width=\"109\"><h1 style=\"box-sizing: border-box; margin: 0px 0px 14px; font-weight: 500; line-height: 44px; font-size: 36px; padding: 0px; text-align: center;\" align=\"center\"><span class=\"TitleChar\" style=\"box-sizing: border-box;\"><span style=\"box-sizing: border-box; font-size: 16pt;\">4.75 Inches</span></span></h1></td><td style=\"box-sizing: border-box; vertical-align: top; width: 77.45pt; border-top: none; border-left: none; border-bottom-width: 1pt; border-bottom-color: windowtext; border-right-width: 1pt; border-right-color: windowtext; padding: 0in 5.4pt; height: 25.7pt;\" valign=\"top\" width=\"103\"><h1 style=\"box-sizing: border-box; margin: 0px 0px 14px; font-weight: 500; line-height: 44px; font-size: 36px; padding: 0px; text-align: center;\" align=\"center\"><span class=\"TitleChar\" style=\"box-sizing: border-box;\"><span style=\"box-sizing: border-box; font-size: 16pt;\">4.75 Inches</span></span></h1></td><td style=\"box-sizing: border-box; vertical-align: top; width: 84.25pt; border-top: none; border-left: none; border-bottom-width: 1pt; border-bottom-color: windowtext; border-right-width: 1pt; border-right-color: windowtext; padding: 0in 5.4pt; height: 25.7pt;\" valign=\"top\" width=\"112\"><h1 style=\"box-sizing: border-box; margin: 0px 0px 14px; font-weight: 500; line-height: 44px; font-size: 36px; padding: 0px; text-align: center;\" align=\"center\"><span class=\"TitleChar\" style=\"box-sizing: border-box;\"><span style=\"box-sizing: border-box; font-size: 16pt;\">3.5 Inches</span></span></h1></td><td style=\"box-sizing: border-box; vertical-align: top; width: 100.75pt; border-top: none; border-left: none; border-bottom-width: 1pt; border-bottom-color: windowtext; border-right-width: 1pt; border-right-color: windowtext; padding: 0in 5.4pt; height: 25.7pt;\" valign=\"top\" width=\"134\"><h1 style=\"box-sizing: border-box; margin: 0px 0px 14px; font-weight: 500; line-height: 44px; font-size: 36px; padding: 0px; text-align: center;\" align=\"center\"><span class=\"TitleChar\" style=\"box-sizing: border-box;\"><span style=\"box-sizing: border-box; font-size: 16pt;\">Printed</span></span></h1></td></tr></tbody></table><h1 style=\"box-sizing: border-box; margin: 0px 0px 14px; font-weight: 500; line-height: 44px; font-size: 36px; color: #191919; padding: 0px; font-family: Rubik, Arial, Helvetica, sans-serif; background-color: #ffffff;\"><span class=\"TitleChar\" style=\"box-sizing: border-box;\"><span style=\"box-sizing: border-box; font-size: 18pt;\">&nbsp;</span></span></h1><h1 style=\"box-sizing: border-box; margin: 0px 0px 14px; font-weight: 500; line-height: 44px; font-size: 36px; color: #191919; padding: 0px; font-family: Rubik, Arial, Helvetica, sans-serif; background-color: #ffffff;\"><span class=\"TitleChar\" style=\"box-sizing: border-box;\"><span style=\"box-sizing: border-box; font-size: 18pt;\">&nbsp;</span></span></h1><h1 style=\"box-sizing: border-box; margin: 0px 0px 14px; font-weight: 500; line-height: 44px; font-size: 36px; color: #191919; padding: 0px; font-family: Rubik, Arial, Helvetica, sans-serif; background-color: #ffffff;\"><span class=\"TitleChar\" style=\"box-sizing: border-box;\"><span style=\"box-sizing: border-box; font-size: 18pt;\">&nbsp;</span></span></h1><h1 style=\"box-sizing: border-box; margin: 0px 0px 14px; font-weight: 500; line-height: 44px; font-size: 36px; color: #191919; padding: 0px; font-family: Rubik, Arial, Helvetica, sans-serif; background-color: #ffffff;\"><span style=\"box-sizing: border-box; font-family: \'Calibri Light\', sans-serif; font-size: 18pt;\">Uses:-&nbsp;</span><span style=\"box-sizing: border-box; font-family: \'Calibri Light\', sans-serif; font-size: 18pt; color: black;\">Burger packaging Box,</span></h1>',NULL),(114,125,'en','Glass Jar Transparent 350 ML (75 Pc Pack)','<h1 class=\"bo\" style=\"margin: 0px; padding: 0px; font-variant-numeric: normal; font-variant-east-asian: normal; font-stretch: normal; font-size: 22px; line-height: 24px; font-family: arial; background-color: #ffffff;\">Transparent 350 ML Glass Jar</h1><p>&nbsp;</p><table style=\"margin: 0px 0px 8px; padding: 0px; width: 532px; color: #333333; font-family: arial; font-size: 16px; background-color: #ffffff;\"><tbody style=\"margin: 0px; padding: 0px;\"><tr style=\"margin: 0px; padding: 0px;\"><td class=\"tdwdt\" style=\"margin: 0px; padding: 4px 5px; width: 202.797px; color: #848484; border-bottom: 1px solid #eaeaea; font-size: 15px; vertical-align: top; word-break: break-word;\">Material</td><td class=\"tdwdt1 color6\" style=\"margin: 0px; padding: 4px 5px; color: #000000; width: 309.203px; border-bottom: 1px solid #eaeaea; font-size: 15px; vertical-align: top; word-break: break-word;\">Glass</td></tr><tr style=\"margin: 0px; padding: 0px;\"><td class=\"tdwdt\" style=\"margin: 0px; padding: 4px 5px; width: 202.797px; color: #848484; border-bottom: 1px solid #eaeaea; font-size: 15px; vertical-align: top; word-break: break-word;\">Color</td><td class=\"tdwdt1 color6\" style=\"margin: 0px; padding: 4px 5px; color: #000000; width: 309.203px; border-bottom: 1px solid #eaeaea; font-size: 15px; vertical-align: top; word-break: break-word;\">Transparent</td></tr><tr style=\"margin: 0px; padding: 0px;\"><td class=\"tdwdt\" style=\"margin: 0px; padding: 4px 5px; width: 202.797px; color: #848484; border-bottom: 1px solid #eaeaea; font-size: 15px; vertical-align: top; word-break: break-word;\">Packaging Type</td><td class=\"tdwdt1 color6\" style=\"margin: 0px; padding: 4px 5px; color: #000000; width: 309.203px; border-bottom: 1px solid #eaeaea; font-size: 15px; vertical-align: top; word-break: break-word;\">Box</td></tr><tr style=\"margin: 0px; padding: 0px;\"><td class=\"tdwdt\" style=\"margin: 0px; padding: 4px 5px; width: 202.797px; color: #848484; border-bottom: 1px solid #eaeaea; font-size: 15px; vertical-align: top; word-break: break-word;\">Is It Reusable</td><td class=\"tdwdt1 color6\" style=\"margin: 0px; padding: 4px 5px; color: #000000; width: 309.203px; border-bottom: 1px solid #eaeaea; font-size: 15px; vertical-align: top; word-break: break-word;\">Reusable</td></tr><tr style=\"margin: 0px; padding: 0px;\"><td class=\"tdwdt\" style=\"margin: 0px; padding: 4px 5px; width: 202.797px; color: #848484; border-bottom: 1px solid #eaeaea; font-size: 15px; vertical-align: top; word-break: break-word;\">Freezer Safe</td><td class=\"tdwdt1 color6\" style=\"margin: 0px; padding: 4px 5px; color: #000000; width: 309.203px; border-bottom: 1px solid #eaeaea; font-size: 15px; vertical-align: top; word-break: break-word;\">Yes</td></tr></tbody></table>',NULL),(115,126,'en','Gift Pack Printed Box Size - 10*8*3 inch (10 pc pack)','<p><span style=\"background-color: #ffffff;\"><span style=\"color: #0f1111; font-family: Amazon Ember, Arial, sans-serif;\"><span style=\"font-size: 14px;\">Each decorative gift box is 10*8*3 inches. Each large box is pretty Printed.&nbsp;</span></span></span><span style=\"background-color: #ffffff; color: #0f1111; font-family: \'Amazon Ember\', Arial, sans-serif; font-size: 14px;\">These boxes are the perfect size to hold&nbsp;</span><span style=\"color: #0f1111; font-family: Amazon Ember, Arial, sans-serif;\"><span style=\"font-size: 14px;\">salsa jars, chocolates, dry cakes, sweets,&nbsp;</span></span><span style=\"background-color: #ffffff; color: #0f1111; font-family: \'Amazon Ember\', Arial, sans-serif; font-size: 14px;\">Perfect for baby showers, bridal showers, birthday gifts, girl birthday gifts, Mother&rsquo;s Day, bachelorette, anniversaries, weddings, graduation, and housewarming,</span><span style=\"font-size: 14px; color: #0f1111; font-family: \'Amazon Ember\', Arial, sans-serif;\"> etc.</span></p><ul class=\"a-unordered-list a-vertical a-spacing-mini\" style=\"box-sizing: border-box; margin: 0px 0px 0px 18px; color: #0f1111; padding: 0px; font-family: \'Amazon Ember\', Arial, sans-serif; font-size: 14px; background-color: #ffffff;\"><li style=\"box-sizing: border-box; list-style: disc; overflow-wrap: break-word; margin: 0px;\"><span class=\"a-list-item\" style=\"box-sizing: border-box;\">BEST LOOKING STORAGE SYSTEM- The beautiful box colors are trendy and act as a great space-saving box to hide clutter, photos, papers, and odds and ends. Great for organization and functional so they can be displayed stacked on open shelving in a nursery, bedroom, office, or any type of storage system.</span></li><li style=\"box-sizing: border-box; list-style: disc; overflow-wrap: break-word; margin: 0px;\">STRONG and DURABLE - These boxes are stronger than regular paper gift boxes on the market. Each box is made from natural cardboard and wrapped with quality paper. These boxes are similar to presentation gift boxes . Boxes are shipped flat and minor assembly required such as easy folding along guided creases.</li><li style=\"box-sizing: border-box; list-style: disc; overflow-wrap: break-word; margin: 0px;\">Elegant box is sure to make your gift stand out at holidays, birthdays, weddings, anniversaries, or any other gift-giving occasion.</li><li style=\"box-sizing: border-box; list-style: disc; overflow-wrap: break-word; margin: 0px;\">pop up extra large cube gift box complete with ribbon ties. Ideal as gift packaging for large sized gift items.<div id=\"featurebullets_feature_div\" class=\"celwidget\" style=\"box-sizing: border-box;\" data-feature-name=\"featurebullets\" data-csa-c-id=\"prrxaa-nazvmq-5njqh6-5sqmjq\" data-cel-widget=\"featurebullets_feature_div\"><div id=\"feature-bullets\" class=\"a-section a-spacing-medium a-spacing-top-small\" style=\"box-sizing: border-box; margin-top: 8px !important; margin-bottom: 0px;\"></div></div><div id=\"customerReviewsAttribute_feature_div\" class=\"celwidget\" style=\"box-sizing: border-box;\" data-feature-name=\"customerReviewsAttribute\" data-csa-c-id=\"vrzp5p-86zaq0-y2cteb-25uj0h\" data-cel-widget=\"customerReviewsAttribute_feature_div\"></div><div id=\"andonCord_feature_div\" class=\"celwidget\" style=\"box-sizing: border-box;\" data-feature-name=\"andonCord\" data-csa-c-id=\"x4s45y-9t6zbt-6b3xc7-g6qxi7\" data-cel-widget=\"andonCord_feature_div\"></div><div id=\"edpIngress_feature_div\" class=\"celwidget\" style=\"box-sizing: border-box;\" data-feature-name=\"edpIngress\" data-csa-c-id=\"c70s8h-7mr8k4-6aiixb-l1zdrm\" data-cel-widget=\"edpIngress_feature_div\"></div><div id=\"newerVersion_feature_div\" class=\"celwidget\" style=\"box-sizing: border-box;\" data-feature-name=\"newerVersion\" data-csa-c-id=\"svpml2-jxur07-l3mdyw-dflldj\" data-cel-widget=\"newerVersion_feature_div\"></div><div id=\"valuePick_feature_div\" class=\"celwidget\" style=\"box-sizing: border-box;\" data-feature-name=\"valuePick\" data-csa-c-id=\"5j3gta-kg1u52-2v64ip-h722nx\" data-cel-widget=\"valuePick_feature_div\"></div><div id=\"certifiedRefurbishedVersion_feature_div\" class=\"celwidget\" style=\"box-sizing: border-box;\" data-feature-name=\"certifiedRefurbishedVersion\" data-csa-c-id=\"stg8m8-888woi-92k8qy-wr93zf\" data-cel-widget=\"certifiedRefurbishedVersion_feature_div\"></div><div id=\"productAlert_feature_div\" class=\"celwidget\" style=\"box-sizing: border-box; display: table;\" data-feature-name=\"productAlert\" data-csa-c-id=\"uwceq5-r9w9vb-v39fcp-uhfq5\" data-cel-widget=\"productAlert_feature_div\"></div></li></ul><p>&nbsp;</p>',NULL),(116,127,'en','100 ml Round Container (200 pc pack)','<h2><strong>100 ml&nbsp;</strong><strong>Round Container&nbsp;</strong></h2><h2 style=\"box-sizing: border-box; width: 150.391px; margin-top: 0.1em; margin-bottom: 0.1em; text-rendering: optimizespeed; line-height: 1.3; font-family: Raleway, sans-serif; background-color: #ffffff; font-size: 17px !important;\">&nbsp;</h2><hr class=\"new1\" style=\"box-sizing: border-box; margin: 5px 0px; border-top-color: #666666; opacity: 0.1; font-family: Lato, sans-serif; font-size: 18.72px; background-color: #ffffff;\" /><div class=\"ullii\" style=\"box-sizing: border-box; font-family: Lato, sans-serif; font-size: 18.72px; background-color: #ffffff;\"><ul style=\"box-sizing: border-box; list-style: square; margin-top: 0px; padding: 0px; margin-bottom: 1.3em;\"><li style=\"box-sizing: border-box; margin-bottom: 3px; margin-left: 0px; font-size: 1em; line-height: 1.2; text-transform: capitalize;\">Food Grade Plastic</li><li style=\"box-sizing: border-box; margin-bottom: 3px; margin-left: 0px; font-size: 1em; line-height: 1.2; text-transform: capitalize;\">Microwave Safe</li><li style=\"box-sizing: border-box; margin-bottom: 3px; margin-left: 0px; font-size: 1em; line-height: 1.2; text-transform: capitalize;\">Freezer Safe</li><li style=\"box-sizing: border-box; margin-bottom: 3px; margin-left: 0px; font-size: 1em; line-height: 1.2; text-transform: capitalize;\">Easily Stackable</li><li style=\"box-sizing: border-box; margin-bottom: 3px; margin-left: 0px; font-size: 1em; line-height: 1.2; text-transform: capitalize;\">Dimensions: Top-79mm X Bottom-59mm X Height-35mm</li></ul></div><ul style=\"box-sizing: border-box; margin: 0px 0px 1.3em; padding: 0px; overflow: hidden; color: #191919; font-family: Lato, sans-serif; font-size: 18.72px; list-style: square;\"><li style=\"box-sizing: border-box; margin: 0px 0px 3px; padding: 0px; color: #6e6e6e; font-size: 1em; line-height: 1.2; text-transform: capitalize;\">&nbsp;</li></ul>',NULL),(117,128,'en','Pizza Saver Tripod Stool - White - Food Grade Plastic - Pack of 100','<ul class=\"a-unordered-list a-vertical a-spacing-mini\" style=\"box-sizing: border-box; margin: 0px 0px 0px 18px; color: #0f1111; padding: 0px; font-family: \'Amazon Ember\', Arial, sans-serif; font-size: 14px; background-color: #ffffff;\"><li>HIGH QUALITY: Made of high-quality plastic (Polypropylene). Will ensure that the pizza/cake box doesn&rsquo;t touch/damage the food inside</li><li style=\"box-sizing: border-box; list-style: disc; overflow-wrap: break-word; margin: 0px;\"><span class=\"a-list-item\" style=\"box-sizing: border-box;\">SIZE: The center of the stand is circular. The dimensions of the stand are 1.5 inches in height and 1.75 inches in width</span></li><li style=\"box-sizing: border-box; list-style: disc; overflow-wrap: break-word; margin: 0px;\"><span class=\"a-list-item\" style=\"box-sizing: border-box;\">QUANTITY: Pack of 500pcs</span></li><li style=\"box-sizing: border-box; list-style: disc; overflow-wrap: break-word; margin: 0px;\"><span class=\"a-list-item\" style=\"box-sizing: border-box;\">SAFE TO USE: Made of high-quality food-grade plastic which will not melt in high-temperature conditions and would keep your food safe</span></li></ul>',NULL),(118,129,'en','Modern Giftpack Boxes for  White color Size: 3.5x3.5x3.5 Inch (50 PC PACK)','<p><span style=\"color: #333333; font-family: \'Amazon Ember\', Arial, sans-serif; font-size: small; background-color: #ffffff;\">For the love of cupcakes and for the love of ensuring that your cupcake doesn\'t get smudged, we insist that you lay your hands on these cupcake boxes designed at schmancy. These boxes are made from a high-quality material that is strong, sturdy and helps keep your cupcakes from becoming moist. Time to carry your cupcakes in style.</span></p><ul class=\"a-unordered-list a-vertical a-spacing-mini\" style=\"box-sizing: border-box; margin: 0px 0px 0px 18px; color: #0f1111; padding: 0px; font-family: \'Amazon Ember\', Arial, sans-serif; font-size: 14px; background-color: #ffffff;\"><li style=\"box-sizing: border-box; list-style: disc; overflow-wrap: break-word; margin: 0px;\"><span class=\"a-list-item\" style=\"box-sizing: border-box;\">Material: Paper</span></li><li style=\"box-sizing: border-box; list-style: disc; overflow-wrap: break-word; margin: 0px;\"><span class=\"a-list-item\" style=\"box-sizing: border-box;\">Eye-catching and attractive designs High quality.</span></li><li style=\"box-sizing: border-box; list-style: disc; overflow-wrap: break-word; margin: 0px;\"><span class=\"a-list-item\" style=\"box-sizing: border-box;\">Perfect for any occasion - Diwali, Valentines, Special Occasion, Birthday, Anniversary Christmas, Weddings, Engagements, Anniversaries, Baby Showers, Home parties, etc.</span></li><li style=\"box-sizing: border-box; list-style: disc; overflow-wrap: break-word; margin: 0px;\"><span class=\"a-list-item\" style=\"box-sizing: border-box;\">Made of high-quality thick paper material, Very stylish, eye-catching, and attractive designs High quality.</span></li></ul>',NULL),(119,130,'en','L Shape Window cake box 2 KG (10 pc pack)','<h1 style=\"box-sizing: border-box; margin: 0px 0px 14px; font-weight: 500; line-height: 44px; font-size: 36px; color: #191919; padding: 0px; font-family: Rubik, Arial, Helvetica, sans-serif; background-color: #ffffff;\"><span style=\"box-sizing: border-box; font-family: Arial, sans-serif; font-size: 18pt;\">L Shape Window cake box 2 KG (10 pc pack)</span></h1><p style=\"box-sizing: border-box; margin: 0px; padding: 0px; font-family: Rubik, Arial, Helvetica, sans-serif; font-size: 15px; line-height: 23px; color: #6e6e6e; background-color: #ffffff;\">Made from food certified board.</p><p style=\"box-sizing: border-box; margin: 0px; padding: 0px; font-family: Rubik, Arial, Helvetica, sans-serif; font-size: 15px; line-height: 23px; color: #6e6e6e; background-color: #ffffff;\">The curated design adds personality to your products.</p><p style=\"box-sizing: border-box; margin: 0px; padding: 0px; font-family: Rubik, Arial, Helvetica, sans-serif; font-size: 15px; line-height: 23px; color: #6e6e6e; background-color: #ffffff;\">Given the specification we will customize and design the right box as per your requirement we can make logo printing for branding purposes.</p><p style=\"box-sizing: border-box; margin: 0px; padding: 0px; font-family: Rubik, Arial, Helvetica, sans-serif; font-size: 15px; line-height: 23px; color: #6e6e6e; background-color: #ffffff;\">Perfect for any occasion such as Birthdays, New year, Easter, Children\'s day and all kinds of celebrations.</p><p style=\"box-sizing: border-box; margin: 0px; padding: 0px; font-family: Rubik, Arial, Helvetica, sans-serif; font-size: 15px; line-height: 23px; color: #6e6e6e; background-color: #ffffff;\">These boxes are super sturdy, easy to open, and come with a window atop for you to peep into the box.</p><h1 style=\"box-sizing: border-box; margin: 0px 0px 14px; font-weight: 500; line-height: 44px; font-size: 36px; color: #191919; padding: 0px; font-family: Rubik, Arial, Helvetica, sans-serif; background-color: #ffffff;\">&nbsp;</h1><table class=\"MsoTableGrid\" style=\"color: #191919; font-family: Rubik, Arial, Helvetica, sans-serif; font-size: 15px; background-color: #ffffff; border: none; height: 135px;\" border=\"1\" width=\"669\" cellspacing=\"0\" cellpadding=\"0\"><tbody style=\"box-sizing: border-box;\"><tr style=\"box-sizing: border-box;\"><td style=\"box-sizing: border-box; vertical-align: top; width: 116.85pt; border-width: 1pt; border-color: windowtext; border-image: initial; padding: 0in 5.4pt;\" valign=\"top\" width=\"156\"><h1 style=\"box-sizing: border-box; margin: 0px 0px 14px; font-weight: 500; line-height: 44px; font-size: 36px; padding: 0px; text-align: center;\" align=\"center\"><span style=\"box-sizing: border-box; font-family: \'Calibri Light\', sans-serif; font-size: 16pt; letter-spacing: -0.5pt;\">Length</span></h1></td><td style=\"box-sizing: border-box; vertical-align: top; width: 116.85pt; border-top-width: 1pt; border-top-color: windowtext; border-right-width: 1pt; border-right-color: windowtext; border-bottom-width: 1pt; border-bottom-color: windowtext; border-left: none; border-image: initial; padding: 0in 5.4pt;\" valign=\"top\" width=\"156\"><h1 style=\"box-sizing: border-box; margin: 0px 0px 14px; font-weight: 500; line-height: 44px; font-size: 36px; padding: 0px; text-align: center;\" align=\"center\"><span style=\"box-sizing: border-box; font-family: \'Calibri Light\', sans-serif; font-size: 16pt; letter-spacing: -0.5pt;\">Width</span></h1></td><td style=\"box-sizing: border-box; vertical-align: top; width: 116.9pt; border-top-width: 1pt; border-top-color: windowtext; border-right-width: 1pt; border-right-color: windowtext; border-bottom-width: 1pt; border-bottom-color: windowtext; border-left: none; border-image: initial; padding: 0in 5.4pt;\" valign=\"top\" width=\"156\"><h1 style=\"box-sizing: border-box; margin: 0px 0px 14px; font-weight: 500; line-height: 44px; font-size: 36px; padding: 0px; text-align: center;\" align=\"center\"><span style=\"box-sizing: border-box; font-family: \'Calibri Light\', sans-serif; font-size: 16pt; letter-spacing: -0.5pt;\">Height</span></h1></td><td style=\"box-sizing: border-box; vertical-align: top; width: 116.9pt; border-top-width: 1pt; border-top-color: windowtext; border-right-width: 1pt; border-right-color: windowtext; border-bottom-width: 1pt; border-bottom-color: windowtext; border-left: none; border-image: initial; padding: 0in 5.4pt;\" valign=\"top\" width=\"156\"><h1 style=\"box-sizing: border-box; margin: 0px 0px 14px; font-weight: 500; line-height: 44px; font-size: 36px; padding: 0px; text-align: center;\" align=\"center\"><span style=\"box-sizing: border-box; font-family: \'Calibri Light\', sans-serif; font-size: 16pt; letter-spacing: -0.5pt;\">Color</span></h1></td></tr><tr style=\"box-sizing: border-box;\"><td style=\"box-sizing: border-box; vertical-align: top; width: 116.85pt; border-top: none; border-right-width: 1pt; border-right-color: windowtext; border-bottom-width: 1pt; border-bottom-color: windowtext; border-left-width: 1pt; border-left-color: windowtext; border-image: initial; padding: 0in 5.4pt;\" valign=\"top\" width=\"156\"><p class=\"MsoNormal\" style=\"box-sizing: border-box; margin: 0px 0px 0.0001pt; padding: 0px; line-height: normal; color: #6e6e6e; text-align: center;\" align=\"center\"><span style=\"box-sizing: border-box; font-size: 16pt;\">12 Inches</span></p></td><td style=\"box-sizing: border-box; vertical-align: top; width: 116.85pt; border-top: none; border-left: none; border-bottom-width: 1pt; border-bottom-color: windowtext; border-right-width: 1pt; border-right-color: windowtext; padding: 0in 5.4pt;\" valign=\"top\" width=\"156\"><p class=\"MsoNormal\" style=\"box-sizing: border-box; margin: 0px 0px 0.0001pt; padding: 0px; line-height: normal; color: #6e6e6e; text-align: center;\" align=\"center\"><span style=\"box-sizing: border-box; font-size: 16pt;\">12 Inches</span></p></td><td style=\"box-sizing: border-box; vertical-align: top; width: 116.9pt; border-top: none; border-left: none; border-bottom-width: 1pt; border-bottom-color: windowtext; border-right-width: 1pt; border-right-color: windowtext; padding: 0in 5.4pt;\" valign=\"top\" width=\"156\"><p class=\"MsoNormal\" style=\"box-sizing: border-box; margin: 0px 0px 0.0001pt; padding: 0px; line-height: normal; color: #6e6e6e; text-align: center;\" align=\"center\"><span style=\"box-sizing: border-box; font-size: 16pt;\">6 Inches</span></p></td><td style=\"box-sizing: border-box; vertical-align: top; width: 116.9pt; border-top: none; border-left: none; border-bottom-width: 1pt; border-bottom-color: windowtext; border-right-width: 1pt; border-right-color: windowtext; padding: 0in 5.4pt;\" valign=\"top\" width=\"156\"><p class=\"MsoNormal\" style=\"box-sizing: border-box; margin: 0px 0px 0.0001pt; padding: 0px; line-height: normal; color: #6e6e6e; text-align: center;\" align=\"center\"><span style=\"box-sizing: border-box; font-size: 21.3333px;\">White</span></p></td></tr></tbody></table><h1 style=\"box-sizing: border-box; margin: 0px 0px 14px; font-weight: 500; line-height: 44px; font-size: 36px; color: #191919; padding: 0px; font-family: Rubik, Arial, Helvetica, sans-serif; background-color: #ffffff;\"><span class=\"TitleChar\" style=\"box-sizing: border-box;\"><span style=\"box-sizing: border-box; font-size: 16pt;\">&nbsp;</span></span></h1><h1 style=\"box-sizing: border-box; margin: 0px 0px 14px 0.25in; font-weight: 500; line-height: 44px; font-size: 36px; color: #191919; padding: 0px; font-family: Rubik, Arial, Helvetica, sans-serif; background-color: #ffffff;\"><span style=\"box-sizing: border-box; font-family: \'Calibri Light\', sans-serif; font-size: 16pt;\">Uses:-&nbsp;</span><span style=\"box-sizing: border-box; font-family: \'Calibri Light\', sans-serif; font-size: 16pt;\">Perfect for cakes, pies, cookies, muffins, and more&hellip;..</span></h1>',NULL),(120,131,'en','White Plane Paper Brownie box size: 15x8x4.5 Inches (50 pc pack )','<p style=\"box-sizing: border-box; margin: 0px; padding: 0px; font-family: Rubik, Arial, Helvetica, sans-serif; font-size: 15px; line-height: 23px; color: #6e6e6e; background-color: #ffffff;\"><span style=\"box-sizing: border-box;\"><span style=\"box-sizing: border-box; font-family: \'Amazon Ember\', Arial, sans-serif; color: #0f1111;\"><span style=\"box-sizing: border-box; font-family: Rubik, Arial, Helvetica, sans-serif; font-size: 14px;\">Each decorative Brownie gift box is 15*8*4.5 inches. Each large box is White Plane Paper Boxes.</span></span></span></p><p style=\"box-sizing: border-box; margin: 0px; padding: 0px; font-family: Rubik, Arial, Helvetica, sans-serif; font-size: 15px; line-height: 23px; color: #6e6e6e; background-color: #ffffff;\"><span style=\"box-sizing: border-box; font-family: \'Amazon Ember\', Arial, sans-serif; color: #0f1111; font-size: 14px;\">These boxes are the perfect size to hold&nbsp;</span><span style=\"box-sizing: border-box; font-family: \'Amazon Ember\', Arial, sans-serif; color: #0f1111;\"><span style=\"box-sizing: border-box; font-family: Rubik, Arial, Helvetica, sans-serif; font-size: 14px;\">salsa jars, chocolates, dry cakes, sweets,&nbsp;</span></span><span style=\"box-sizing: border-box; font-family: \'Amazon Ember\', Arial, sans-serif; color: #0f1111; font-size: 14px;\">Perfect for baby showers, bridal showers, birthday gifts, girl birthday gifts, Mother&rsquo;s Day, bachelorette, anniversaries, weddings, graduation, and housewarming,</span><span style=\"box-sizing: border-box; font-family: \'Amazon Ember\', Arial, sans-serif; font-size: 14px; color: #0f1111;\">&nbsp;etc.</span></p><ul class=\"a-unordered-list a-vertical a-spacing-mini\" style=\"box-sizing: border-box; margin: 0px 0px 0px 18px; padding: 0px; overflow: hidden; color: #0f1111; font-family: \'Amazon Ember\', Arial, sans-serif; font-size: 14px; background-color: #ffffff;\"><li style=\"box-sizing: border-box; margin: 0px; padding: 0px; color: #6e6e6e; list-style: disc; overflow-wrap: break-word;\"><span class=\"a-list-item\" style=\"box-sizing: border-box; font-family: Rubik, Arial, Helvetica, sans-serif;\">BEST LOOKING STORAGE SYSTEM- The beautiful box colors are trendy and act as a great space-saving box to hide clutter, photos, papers, and odds and ends. Great for organization and function so they can be displayed stacked on open shelving in a nursery, bedroom, office, or any type of storage system.</span></li><li style=\"box-sizing: border-box; margin: 0px; padding: 0px; color: #6e6e6e; list-style: disc; overflow-wrap: break-word;\">STRONG and DURABLE - These boxes are stronger than regular paper gift boxes on the market. Each box is made from natural cardboard and wrapped with quality paper. These boxes are similar to presentation gift boxes. Boxes are shipped flat and minor assembly is required such as easy folding along guided creases.</li><li style=\"box-sizing: border-box; margin: 0px; padding: 0px; color: #6e6e6e; list-style: disc; overflow-wrap: break-word;\">Elegant box is sure to make your gift stand out at holidays, birthdays, weddings, anniversaries, or any other gift-giving occasion.</li><li style=\"box-sizing: border-box; margin: 0px; padding: 0px; color: #6e6e6e; list-style: disc; overflow-wrap: break-word;\">pop up extra-large cube gift box complete with ribbon ties. Ideal as gift packaging for large-sized gift items.</li></ul><p>Chocolate brownie box, Return Gift Box, Small Gift Pack, Chocolate Box, etc.</p><p>&nbsp;</p>',NULL),(121,132,'en','4 PC Cupcake Box Color Pink Blossom, size: 7x7x3.5 Inches (20 PC Pack)','<p><strong>The 4pc Cupcake Box is a modern yet simple box that is used mainly for cupcakes but can also be used for brownies, muffins, pastries, chocolates, etc.</strong></p><p><span style=\"color: #333333; font-family: Roboto, Arial, Tahoma, Verdana, sans-serif; font-size: 14px; letter-spacing: 0.28px; background-color: #ffffff;\">One Box. Many Uses Use these boxes for Cupcakes - Can hold up to 4 cupcakes Pastries - Can hold up to 4 pastries Mithai - Up to 1 kg of mithai Bread loaves - Up to 1 artisan bread...</span></p><p><span style=\"color: #333333; font-family: Roboto, Arial, Tahoma, Verdana, sans-serif; font-size: 14px; letter-spacing: 0.28px; background-color: #ffffff;\">Colour Accuracy: While we do our best to ensure that the product colors shown on our website are accurate, during production due to inks used, weather conditions, and paper textures there may be subtle color differences. Due to the fact that our products are made to order, and can\'t be returned, you should be sure that any slight color variations (if any) that are possible from our final printed products would be acceptable.</span></p>',NULL),(122,133,'en','35 ml Sauce Dip Cup (500 pc pack)','<p style=\"box-sizing: border-box; color: #6d6d6d; margin: 0px 0px 19.4444px; font-family: Muli, sans-serif; font-size: 16px; background-color: #ffffff;\" data-mce-fragment=\"1\"><span style=\"box-sizing: border-box;\">These 35ml sauce containers are great with your takeaways or catering needs. The hinged lid system enable quick and easy capping during busy times.&nbsp;&nbsp;</span></p><h2 style=\"box-sizing: border-box; margin: 55px 0px 27.5px; font-family: Muli, sans-serif; font-weight: 400; line-height: 1.2; overflow-wrap: break-word; font-size: 1.375em; text-transform: uppercase; letter-spacing: 0.1em; color: #6d6d6d; background-color: #ffffff;\" data-mce-fragment=\"1\">FEATURES&nbsp;</h2><ul style=\"box-sizing: border-box; margin: 0px 0px 17.5px 35px; padding: 0px; list-style-position: outside; list-style-image: initial; color: #6d6d6d; font-family: Muli, sans-serif; font-size: 16px; background-color: #ffffff;\" data-mce-fragment=\"1\"><li style=\"box-sizing: border-box; list-style: inherit; margin-bottom: 4px;\" data-mce-fragment=\"1\">Food Grade Material</li><li style=\"box-sizing: border-box; list-style: inherit; margin-bottom: 4px;\" data-mce-fragment=\"1\">Recyclable Material</li><li style=\"box-sizing: border-box; list-style: inherit; margin-bottom: 4px;\" data-mce-fragment=\"1\">Provides good seal</li><li style=\"box-sizing: border-box; list-style: inherit; margin-bottom: 4px;\" data-mce-fragment=\"1\">Can be washed and reuse</li><li style=\"box-sizing: border-box; list-style: inherit; margin-bottom: 4px;\" data-mce-fragment=\"1\">Stackable</li><li style=\"box-sizing: border-box; list-style: inherit; margin-bottom: 0px;\" data-mce-fragment=\"1\">Packed hygienically and ready to ship</li></ul><p>&nbsp;</p>',NULL),(123,134,'en','Tall 1 kg Cake Box 10x10x10 Inches (10 Pcs)','<p><strong style=\"box-sizing: border-box; font-family: \'Open Sans\'; font-size: 13px; background-color: #ffffff;\">JUMBO:&nbsp;</strong><span style=\"font-family: \'Open Sans\'; font-size: 13px; background-color: #ffffff;\">Not just your ordinary cake boxes our cake box has been designed with bigger bakes in mind. Large enough to easily store and transport 2 tier cake.</span></p><p><span style=\"font-family: \'Open Sans\'; font-size: 13px; background-color: #ffffff;\">Size - 10x10x10 inches</span></p><p>&nbsp;</p>',NULL),(124,135,'en','Tall 2 kg cake Boxes 12X12x10 (10 PC Pack)','<p><strong style=\"box-sizing: border-box; font-family: \'Open Sans\'; font-size: 13px; background-color: #ffffff;\">JUMBO:&nbsp;</strong><span style=\"font-family: \'Open Sans\'; font-size: 13px; background-color: #ffffff;\">Not just your ordinary cake boxes our cake box has been designed with bigger bakes in mind. Large enough to easily store and transport 2 tier cake.</span></p><p><span style=\"font-family: \'Open Sans\'; font-size: 13px; background-color: #ffffff;\">Size - 12x12x10 inches</span></p><p><span style=\"font-family: \'Open Sans\'; font-size: 13px; background-color: #ffffff;\">Color - Pink</span></p>',NULL);
/*!40000 ALTER TABLE `product_translations` ENABLE KEYS */;
UNLOCK TABLES;

--
-- Table structure for table `products`
--

DROP TABLE IF EXISTS `products`;
/*!40101 SET @saved_cs_client     = @@character_set_client */;
/*!40101 SET character_set_client = utf8 */;
CREATE TABLE `products` (
  `id` int(10) unsigned NOT NULL AUTO_INCREMENT,
  `brand_id` int(10) unsigned DEFAULT NULL,
  `tax_class_id` int(10) unsigned DEFAULT NULL,
  `slug` varchar(191) COLLATE utf8mb4_unicode_ci NOT NULL,
  `price` decimal(18,4) unsigned NOT NULL,
  `special_price` decimal(18,4) unsigned DEFAULT NULL,
  `special_price_type` varchar(191) COLLATE utf8mb4_unicode_ci DEFAULT NULL,
  `special_price_start` date DEFAULT NULL,
  `special_price_end` date DEFAULT NULL,
  `selling_price` decimal(18,4) unsigned DEFAULT NULL,
  `sku` varchar(191) COLLATE utf8mb4_unicode_ci DEFAULT NULL,
  `manage_stock` tinyint(1) NOT NULL,
  `qty` int(11) DEFAULT NULL,
  `in_stock` tinyint(1) NOT NULL,
  `viewed` int(10) unsigned NOT NULL DEFAULT 0,
  `is_active` tinyint(1) NOT NULL,
  `new_from` datetime DEFAULT NULL,
  `new_to` datetime DEFAULT NULL,
  `deleted_at` timestamp NULL DEFAULT NULL,
  `created_at` timestamp NULL DEFAULT NULL,
  `updated_at` timestamp NULL DEFAULT NULL,
  `weight` int(11) DEFAULT NULL,
  PRIMARY KEY (`id`),
  UNIQUE KEY `products_slug_unique` (`slug`),
  KEY `products_brand_id_foreign` (`brand_id`),
  CONSTRAINT `products_brand_id_foreign` FOREIGN KEY (`brand_id`) REFERENCES `brands` (`id`) ON DELETE SET NULL
) ENGINE=InnoDB AUTO_INCREMENT=136 DEFAULT CHARSET=utf8mb4 COLLATE=utf8mb4_unicode_ci;
/*!40101 SET character_set_client = @saved_cs_client */;

--
-- Dumping data for table `products`
--

LOCK TABLES `products` WRITE;
/*!40000 ALTER TABLE `products` DISABLE KEYS */;
INSERT INTO `products` VALUES (2,NULL,NULL,'pizza-box-75-inches',560.0000,NULL,'fixed',NULL,NULL,560.0000,NULL,0,NULL,1,289,1,NULL,NULL,NULL,'2020-07-31 00:47:44','2022-04-11 13:44:59',1000),(3,NULL,NULL,'pizza-box-10-inches',500.0000,NULL,'fixed',NULL,NULL,500.0000,NULL,0,NULL,1,293,1,NULL,NULL,NULL,'2020-07-31 01:15:47','2022-04-14 06:02:17',800),(4,NULL,NULL,'pizza-box-13-inches',708.0000,NULL,'fixed',NULL,NULL,708.0000,NULL,0,NULL,1,366,1,NULL,NULL,NULL,'2020-07-31 01:26:18','2022-04-13 10:43:33',600),(5,NULL,NULL,'burger-box',650.0000,NULL,'fixed',NULL,NULL,650.0000,NULL,0,NULL,1,140,1,NULL,NULL,NULL,'2020-07-31 01:35:34','2022-04-08 16:58:50',400),(6,NULL,NULL,'cake-box-1-pound-half-kg',750.0000,NULL,'fixed',NULL,NULL,750.0000,NULL,0,NULL,1,325,1,NULL,NULL,NULL,'2020-07-31 01:45:46','2022-04-14 03:13:36',700),(7,NULL,NULL,'cake-box-1pound-Half-kg',700.0000,NULL,'fixed',NULL,NULL,700.0000,NULL,0,NULL,1,232,1,NULL,NULL,NULL,'2020-07-31 01:55:59','2022-04-12 16:11:58',900),(8,NULL,NULL,'cake-box-2kgs',1180.0000,NULL,'fixed',NULL,NULL,1180.0000,NULL,0,NULL,1,126,1,NULL,NULL,NULL,'2020-07-31 02:06:47','2022-04-08 18:01:32',902),(9,NULL,NULL,'cake-box-3-kgs',875.0000,NULL,'fixed',NULL,NULL,875.0000,NULL,0,NULL,1,17,0,NULL,NULL,NULL,'2020-07-31 02:34:30','2021-10-30 23:25:05',800),(10,NULL,7,'cake-box-5-kgs',870.0000,NULL,'fixed',NULL,NULL,870.0000,NULL,0,NULL,0,14,0,NULL,NULL,NULL,'2020-07-31 02:40:53','2021-10-14 16:38:06',410),(11,NULL,7,'multi-story-doll-cake-box',370.0000,NULL,'fixed',NULL,NULL,370.0000,NULL,0,NULL,0,15,0,NULL,NULL,NULL,'2020-07-31 02:47:14','2021-10-14 16:38:32',550),(12,NULL,NULL,'5cp',800.0000,NULL,'fixed',NULL,NULL,800.0000,NULL,0,NULL,1,141,1,NULL,NULL,NULL,'2020-08-23 03:38:17','2022-04-13 13:00:23',530),(13,NULL,NULL,'6-pc-pastry-box',675.0000,NULL,'fixed',NULL,NULL,675.0000,NULL,0,NULL,1,238,1,NULL,NULL,NULL,'2020-08-23 03:40:17','2022-04-13 22:23:45',478),(14,1,NULL,'60-ml-round-container',600.0000,NULL,'fixed',NULL,NULL,600.0000,NULL,0,NULL,1,92,1,NULL,NULL,NULL,'2020-08-23 03:49:27','2022-04-11 16:57:59',750),(15,NULL,NULL,'100ml-round-container',800.0000,NULL,'fixed',NULL,NULL,800.0000,NULL,0,NULL,1,289,1,NULL,NULL,NULL,'2020-08-23 03:51:22','2022-04-13 17:02:03',750),(16,NULL,NULL,'300ml-round-container',650.0000,NULL,'fixed',NULL,NULL,650.0000,NULL,0,NULL,1,193,1,NULL,NULL,NULL,'2020-08-23 03:53:12','2022-04-11 11:02:17',642),(17,NULL,7,'1000ml-round-container',950.0000,NULL,'fixed',NULL,NULL,950.0000,NULL,0,NULL,1,666,1,NULL,NULL,NULL,'2020-08-23 03:56:21','2022-04-14 05:16:57',870),(18,NULL,7,'apple-box',1675.0000,NULL,'fixed',NULL,NULL,1675.0000,NULL,0,NULL,1,21,0,NULL,NULL,NULL,'2020-08-23 04:00:33','2021-10-14 16:41:25',1000),(19,NULL,NULL,'carry-bag',708.0000,NULL,'fixed',NULL,NULL,708.0000,NULL,0,NULL,1,181,1,NULL,NULL,NULL,'2020-08-23 04:36:37','2022-04-13 04:05:06',367),(20,NULL,NULL,'e-commerce-box3',775.0000,NULL,'fixed',NULL,NULL,775.0000,NULL,0,NULL,1,87,1,NULL,NULL,NULL,'2020-08-23 04:40:56','2022-04-12 06:46:31',614),(21,NULL,NULL,'e-commerce-box4',850.0000,NULL,'fixed',NULL,NULL,850.0000,NULL,0,NULL,1,57,1,NULL,NULL,NULL,'2020-08-23 04:43:09','2022-04-07 03:41:48',750),(22,NULL,NULL,'food-boat-tray',590.0000,NULL,'fixed',NULL,NULL,590.0000,NULL,0,NULL,1,103,1,NULL,NULL,NULL,'2020-08-23 04:53:53','2022-04-14 01:52:40',230),(23,NULL,NULL,'french-fries-pouch',540.0000,NULL,'fixed',NULL,NULL,540.0000,NULL,0,NULL,1,199,1,NULL,NULL,NULL,'2020-08-23 05:00:14','2022-04-14 03:50:41',376),(24,NULL,NULL,'snack-box-1',500.0000,NULL,'fixed',NULL,NULL,500.0000,NULL,0,NULL,1,674,1,NULL,NULL,NULL,'2020-08-23 05:04:33','2022-04-13 22:40:09',234),(25,NULL,NULL,'strawberry-box',940.0000,NULL,'fixed',NULL,NULL,940.0000,NULL,0,NULL,1,110,1,NULL,NULL,NULL,'2020-08-23 05:07:51','2022-04-11 10:24:34',1000),(26,NULL,NULL,'3-ply-mask',200.0000,NULL,'fixed',NULL,NULL,200.0000,NULL,0,NULL,1,11,1,NULL,NULL,'2021-05-25 19:06:47','2020-09-02 17:07:10','2021-05-25 19:06:47',500),(27,NULL,NULL,'n-95-mask-with-respirator',600.0000,NULL,'fixed',NULL,NULL,600.0000,NULL,0,NULL,1,25,1,NULL,NULL,'2021-05-25 19:06:47','2020-09-02 17:08:50','2021-05-25 19:06:47',1000),(28,NULL,NULL,'e-commerce-box1',450.0000,NULL,'fixed',NULL,NULL,450.0000,NULL,0,NULL,1,66,1,NULL,NULL,NULL,'2020-10-21 21:15:45','2022-04-01 18:29:52',790),(29,NULL,NULL,'e-commerce-box2',525.0000,NULL,'fixed',NULL,NULL,525.0000,NULL,0,NULL,1,64,1,NULL,NULL,NULL,'2020-10-21 21:23:42','2022-04-06 15:21:21',742),(30,NULL,NULL,'patti-flap-box-1-216x140x64',784.0000,NULL,'fixed',NULL,NULL,784.0000,NULL,0,NULL,1,8,1,NULL,NULL,'2021-07-03 12:48:13','2020-10-21 22:04:43','2021-07-03 12:48:13',4600),(31,NULL,6,'patti-flap-box-2',0.0000,0.0000,'fixed',NULL,NULL,0.0000,NULL,0,NULL,1,6,1,NULL,NULL,'2021-07-03 12:48:13','2020-10-21 22:23:33','2021-07-03 12:48:13',4600),(32,NULL,6,'patti-flap-box-3-127x89x41',896.0000,NULL,'fixed',NULL,NULL,896.0000,NULL,0,NULL,1,6,1,NULL,NULL,'2021-07-03 12:48:13','2020-10-21 23:53:21','2021-07-03 12:48:13',6700),(33,NULL,7,'patti-flap-box-4-180x92x42',560.0000,NULL,'fixed',NULL,NULL,560.0000,NULL,0,NULL,1,21,0,NULL,NULL,NULL,'2020-10-21 23:58:58','2021-10-14 16:46:53',600),(34,NULL,NULL,'patti-flap-box-5-228x76x76',672.0000,NULL,'fixed',NULL,NULL,672.0000,NULL,0,NULL,1,18,1,NULL,NULL,NULL,'2020-10-22 00:04:26','2022-02-28 16:00:59',500),(35,NULL,NULL,'patti-flap-box-5-228x76x76-8n7fSEDC',0.0000,NULL,'fixed',NULL,NULL,0.0000,NULL,0,NULL,1,4,1,NULL,NULL,'2021-02-09 23:36:19','2020-10-22 00:09:28','2021-02-09 23:36:19',NULL),(36,NULL,7,'bottle-200-ml',0.0000,NULL,'fixed',NULL,NULL,0.0000,NULL,0,NULL,1,9,0,NULL,NULL,NULL,'2020-10-22 00:35:25','2021-10-14 16:47:33',500),(37,NULL,NULL,'bottle-330-ml',728.0000,NULL,'fixed',NULL,NULL,728.0000,NULL,0,NULL,1,274,1,NULL,NULL,NULL,'2020-10-22 00:37:34','2022-04-13 12:27:11',980),(38,NULL,NULL,'butter-paper',500.0000,NULL,'fixed',NULL,NULL,500.0000,NULL,0,NULL,1,118,1,NULL,NULL,NULL,'2020-10-22 00:43:32','2022-04-10 22:33:45',602),(39,NULL,NULL,'garlic-bread-box',990.0000,NULL,'fixed',NULL,NULL,990.0000,NULL,0,NULL,1,136,1,NULL,NULL,NULL,'2020-10-22 00:51:17','2022-04-12 08:18:34',626),(40,NULL,NULL,'meal-box',708.0000,NULL,'fixed',NULL,NULL,708.0000,NULL,0,NULL,1,128,1,NULL,NULL,NULL,'2020-10-22 00:59:12','2022-04-11 09:58:10',568),(41,NULL,NULL,'1-pc-pastry-box',900.0000,NULL,'fixed',NULL,NULL,900.0000,NULL,0,NULL,1,393,1,NULL,NULL,NULL,'2020-10-22 01:24:31','2022-04-13 15:45:34',598),(42,NULL,NULL,'4-pc-pastry-box',575.0000,NULL,'fixed',NULL,NULL,575.0000,NULL,0,NULL,1,356,1,NULL,NULL,NULL,'2020-10-22 01:26:42','2022-04-11 15:22:21',360),(43,NULL,NULL,'500-ml-rectangle-container',900.0000,NULL,'fixed',NULL,NULL,900.0000,NULL,0,NULL,1,58,1,NULL,NULL,NULL,'2020-10-22 01:44:13','2022-04-14 03:23:32',660),(44,NULL,NULL,'650-ml-rectangle-container',940.0000,NULL,'fixed',NULL,NULL,940.0000,NULL,0,NULL,1,103,1,NULL,NULL,NULL,'2020-10-22 01:45:46','2022-04-07 03:39:31',718),(45,NULL,NULL,'750-ml-rectangle-container',1000.0000,NULL,'fixed',NULL,NULL,1000.0000,NULL,0,NULL,1,52,1,NULL,NULL,NULL,'2020-10-22 01:47:20','2022-03-27 23:56:04',830),(46,NULL,NULL,'1000-ml-rectangle-container',1085.0000,NULL,'fixed',NULL,NULL,1085.0000,NULL,0,4,1,276,1,NULL,NULL,NULL,'2020-10-22 01:48:58','2022-04-08 03:53:54',895),(47,NULL,6,'test-product',299.0000,NULL,'fixed',NULL,NULL,299.0000,NULL,0,NULL,1,1,1,NULL,NULL,'2021-02-24 16:20:43','2021-02-24 16:20:01','2021-02-24 16:20:43',200),(48,NULL,6,'test-75',200.0000,NULL,'fixed',NULL,NULL,200.0000,NULL,0,NULL,1,1,1,NULL,NULL,'2021-03-01 13:45:59','2021-03-01 13:35:43','2021-03-01 13:45:59',120),(49,NULL,6,'test-76',230.0000,NULL,'fixed',NULL,NULL,230.0000,NULL,0,NULL,1,1,1,NULL,NULL,'2021-03-01 13:56:28','2021-03-01 13:46:28','2021-03-01 13:56:28',120),(50,NULL,NULL,'test-77',120.0000,NULL,'fixed',NULL,NULL,120.0000,NULL,0,NULL,1,1,1,NULL,NULL,'2021-03-01 14:09:52','2021-03-01 14:00:24','2021-03-01 14:09:52',200),(51,NULL,6,'test-78',300.0000,NULL,'fixed',NULL,NULL,300.0000,NULL,0,NULL,1,1,1,NULL,NULL,'2021-03-01 14:12:15','2021-03-01 14:10:20','2021-03-01 14:12:15',200),(52,NULL,6,'test-79',300.0000,NULL,'fixed',NULL,NULL,300.0000,NULL,0,NULL,1,1,1,NULL,NULL,'2021-03-01 14:13:38','2021-03-01 14:12:47','2021-03-01 14:13:38',120),(53,NULL,6,'test-61',200.0000,NULL,'fixed',NULL,NULL,200.0000,NULL,0,NULL,1,1,1,NULL,NULL,'2021-03-01 14:24:40','2021-03-01 14:14:10','2021-03-01 14:24:40',400),(54,NULL,6,'test-62',333.0000,NULL,'fixed',NULL,NULL,333.0000,NULL,0,NULL,1,1,1,NULL,NULL,'2021-03-01 14:26:45','2021-03-01 14:25:09','2021-03-01 14:26:45',222),(55,NULL,6,'test-63',300.0000,NULL,'fixed',NULL,NULL,300.0000,NULL,0,NULL,1,1,1,NULL,NULL,'2021-03-01 14:34:58','2021-03-01 14:27:20','2021-03-01 14:34:58',200),(56,NULL,6,'test-65',120.0000,NULL,'fixed',NULL,NULL,120.0000,NULL,0,NULL,1,1,1,NULL,NULL,'2021-03-01 15:21:04','2021-03-01 14:35:34','2021-03-01 15:21:04',200),(57,NULL,6,'test-66',100.0000,NULL,'fixed',NULL,NULL,100.0000,NULL,0,NULL,1,1,1,NULL,NULL,'2021-03-01 15:22:06','2021-03-01 15:21:31','2021-03-01 15:22:06',100),(58,NULL,6,'test-31',234.0000,NULL,'fixed',NULL,NULL,234.0000,NULL,0,NULL,1,1,1,NULL,NULL,'2021-03-01 15:26:28','2021-03-01 15:23:42','2021-03-01 15:26:28',200),(59,NULL,6,'test-3-2',234.0000,NULL,'fixed',NULL,NULL,234.0000,NULL,0,NULL,1,4,1,NULL,NULL,'2021-03-05 23:26:39','2021-03-01 15:26:57','2021-03-05 23:26:39',245),(60,NULL,6,'test-7-3',300.0000,NULL,'fixed',NULL,NULL,300.0000,NULL,0,NULL,1,1,1,NULL,NULL,'2021-04-27 20:49:13','2021-04-27 20:47:37','2021-04-27 20:49:13',200),(61,NULL,NULL,'double-decker-burger-box(117x117-mm',708.0000,NULL,'fixed',NULL,NULL,708.0000,NULL,0,NULL,1,107,1,NULL,NULL,NULL,'2021-06-09 15:41:42','2022-04-13 03:04:49',788),(62,NULL,7,'white-apple-box-holding-capacity-(kg):-11---25-kg',1875.0000,NULL,'fixed',NULL,NULL,1875.0000,NULL,0,NULL,1,18,0,NULL,NULL,NULL,'2021-06-09 18:51:21','2021-10-14 16:51:58',950),(63,NULL,NULL,'jumbo-burger-box',600.0000,NULL,'fixed',NULL,NULL,600.0000,NULL,0,NULL,1,168,1,NULL,NULL,NULL,'2021-06-10 16:07:42','2022-04-12 21:49:15',520),(64,NULL,NULL,'meal-tray-2-compartments-size-:-210x167x40-(mm)-black',932.0000,NULL,'fixed',NULL,NULL,932.0000,NULL,0,NULL,1,47,1,NULL,NULL,NULL,'2021-06-10 18:40:47','2022-02-28 13:37:24',905),(65,NULL,NULL,'meal-tray-8-compartments-size-:-210x167x40-(mm)-black',1860.0000,NULL,'fixed',NULL,NULL,1860.0000,NULL,0,NULL,1,41,1,NULL,NULL,NULL,'2021-06-10 19:10:45','2022-04-07 08:49:15',864),(66,NULL,NULL,'meal-tray-3-compartments-size-:-220x175x40-(mm)-black',990.0000,NULL,'fixed',NULL,NULL,990.0000,NULL,0,NULL,1,89,1,NULL,NULL,NULL,'2021-06-10 19:28:27','2022-04-11 22:04:48',460),(67,NULL,NULL,'1200-ml-disposable-plastic-food-container',1156.0000,NULL,'fixed',NULL,NULL,1156.0000,NULL,0,NULL,1,615,1,NULL,NULL,NULL,'2021-06-14 18:53:05','2022-04-14 05:02:13',641),(68,NULL,NULL,'750-ml-round-container(100-pc-pack',826.0000,NULL,'fixed',NULL,NULL,826.0000,NULL,0,NULL,1,94,1,NULL,NULL,NULL,'2021-06-14 19:45:03','2022-04-11 23:47:03',740),(69,NULL,NULL,'500-ml-round-container-(100-pices',660.0000,NULL,'fixed',NULL,NULL,660.0000,NULL,0,NULL,1,81,1,NULL,NULL,NULL,'2021-06-14 19:47:35','2022-04-10 07:45:39',556),(70,NULL,NULL,'32-oz-plastic-hinged-round-box-(carton',1300.0000,NULL,'fixed',NULL,NULL,1300.0000,NULL,0,NULL,1,276,1,NULL,NULL,NULL,'2021-06-15 14:19:57','2022-04-14 04:17:52',690),(71,NULL,NULL,'24-oz-plastic-hinged-round-box',1097.0000,NULL,'fixed',NULL,NULL,1097.0000,NULL,0,NULL,1,188,1,NULL,NULL,NULL,'2021-06-15 14:27:39','2022-04-12 12:42:10',582),(72,NULL,NULL,'6-cup-cake-hinged-box',1132.0000,NULL,'fixed',NULL,NULL,1132.0000,NULL,0,NULL,1,176,1,NULL,NULL,NULL,'2021-06-15 15:40:48','2022-04-12 08:38:40',480),(73,NULL,NULL,'4-cupcake-hinged-box',908.0000,NULL,'fixed',NULL,NULL,908.0000,NULL,0,NULL,1,185,1,NULL,NULL,NULL,'2021-06-15 16:01:25','2022-04-14 00:55:01',640),(74,NULL,NULL,'500-ml-rectangle-hinge-container-(100-pices',660.0000,NULL,'fixed',NULL,NULL,660.0000,NULL,0,NULL,1,96,1,NULL,NULL,NULL,'2021-06-15 16:47:11','2022-04-11 10:42:59',570),(75,NULL,NULL,'375-ml-rectangle-hinge-container',590.0000,NULL,'fixed',NULL,NULL,590.0000,NULL,0,NULL,1,199,1,NULL,NULL,NULL,'2021-06-15 16:57:31','2022-04-14 00:43:40',460),(76,1,NULL,'big-bar-hinge-box',743.0000,NULL,'fixed',NULL,NULL,743.0000,NULL,0,NULL,1,217,1,NULL,NULL,NULL,'2021-06-15 17:45:57','2022-04-12 02:25:39',827),(77,NULL,NULL,'250-ml-rectangle-hinged-container-box',554.0000,NULL,'fixed',NULL,NULL,554.0000,NULL,0,NULL,1,85,1,NULL,NULL,NULL,'2021-06-15 18:02:49','2022-04-09 12:06:53',407),(78,1,NULL,'600-ml-transparent-plastic-hinged-container',767.0000,NULL,'fixed',NULL,NULL,767.0000,NULL,0,NULL,1,88,1,NULL,NULL,NULL,'2021-06-15 18:25:08','2022-04-08 16:24:46',780),(79,NULL,6,'6 Cup Cake Paper Box',1000.0000,999.0000,'fixed',NULL,NULL,999.0000,NULL,0,NULL,1,4,1,NULL,NULL,'2021-06-23 14:30:49','2021-06-22 14:43:36','2021-06-23 14:30:49',2100),(80,NULL,NULL,'3-cp',1000.0000,999.0000,'fixed',NULL,NULL,999.0000,NULL,0,NULL,1,0,1,NULL,NULL,'2021-06-22 17:01:06','2021-06-22 15:12:45','2021-06-22 17:01:06',2100),(81,NULL,NULL,'2-cp-meal-tray',1000.0000,999.0000,'fixed',NULL,NULL,999.0000,NULL,0,NULL,1,0,1,NULL,NULL,'2021-06-22 17:01:06','2021-06-22 16:59:06','2021-06-22 17:01:06',2100),(82,NULL,NULL,'6-cup-cake-boxes',1106.0000,NULL,'fixed',NULL,NULL,1106.0000,NULL,0,NULL,1,128,1,NULL,NULL,NULL,'2021-06-23 14:54:55','2022-04-12 07:07:55',623),(83,1,NULL,'750-ml-hinged-box-(100-minimum-quantity',875.0000,NULL,'fixed',NULL,NULL,875.0000,NULL,0,NULL,1,175,1,NULL,NULL,NULL,'2021-06-26 15:33:07','2022-04-11 07:47:35',660),(84,1,NULL,'1000-ml-hinged-box-(100-minimum-quantity',980.0000,NULL,'fixed',NULL,NULL,980.0000,NULL,0,NULL,1,171,1,NULL,NULL,NULL,'2021-06-26 17:40:34','2022-04-13 22:28:50',734),(85,NULL,NULL,'half-kg-window-cake-box-(50-minimum-order',1062.0000,NULL,'fixed',NULL,NULL,1062.0000,NULL,0,NULL,1,327,1,NULL,NULL,NULL,'2021-06-28 13:41:11','2022-04-11 10:39:50',1000),(86,NULL,NULL,'one-kg-window-cake-box',1180.0000,NULL,'fixed',NULL,NULL,1180.0000,NULL,0,NULL,1,254,1,NULL,NULL,NULL,'2021-06-28 13:58:27','2022-04-14 00:25:41',1000),(87,1,NULL,'2000-ml-plastic-hinged-box-(100-minimum-order',1628.0000,NULL,'fixed',NULL,NULL,1628.0000,NULL,0,NULL,1,99,1,NULL,NULL,NULL,'2021-06-30 15:08:42','2022-04-11 12:26:49',900),(88,1,NULL,'small-bar-hinged-box(100-minimum-order',620.0000,NULL,'fixed',NULL,NULL,620.0000,NULL,0,NULL,1,195,1,NULL,NULL,NULL,'2021-06-30 15:43:26','2022-04-11 10:27:58',500),(89,NULL,NULL,'carry-bag-9x2x12-inches-(500-pc-pack',530.0000,NULL,'fixed',NULL,NULL,530.0000,NULL,0,NULL,1,79,1,NULL,NULL,NULL,'2021-06-30 17:20:38','2022-04-12 10:59:13',600),(90,NULL,NULL,'brown-kraft-paper-carry-bags-17x4x14-inches-(500-minimum-order',600.0000,NULL,'fixed',NULL,NULL,600.0000,NULL,0,NULL,1,150,1,NULL,NULL,NULL,'2021-06-30 17:25:52','2022-04-14 04:13:55',1000),(91,NULL,NULL,'carry-bag-11x11x10-inches-(500-pc-pack',649.0000,NULL,'fixed',NULL,NULL,649.0000,NULL,0,NULL,1,127,1,NULL,NULL,NULL,'2021-06-30 17:28:51','2022-04-12 19:17:21',1000),(92,NULL,NULL,'e-commerce-brown-box-size:-9-5-x-3-5-x-3-inches',472.0000,NULL,'fixed',NULL,NULL,472.0000,NULL,0,NULL,1,46,1,NULL,NULL,NULL,'2021-06-30 19:39:23','2022-03-28 04:18:19',1000),(93,NULL,NULL,'e-commerce-size:-8-5x5-5x2-inches',412.0000,NULL,'fixed',NULL,NULL,412.0000,NULL,0,NULL,1,62,1,NULL,NULL,NULL,'2021-07-01 11:30:10','2022-03-29 23:08:50',1000),(105,NULL,7,'e-commerce',530.0000,NULL,'fixed',NULL,NULL,530.0000,NULL,0,NULL,1,182,1,NULL,NULL,NULL,'2021-07-01 17:30:11','2022-04-12 09:26:36',1000),(106,NULL,NULL,'e-commerce-size:-5x3-5x1-5-inches',300.0000,NULL,'fixed',NULL,NULL,300.0000,NULL,0,NULL,1,65,1,NULL,NULL,NULL,'2021-07-01 19:24:06','2022-03-29 17:46:19',750),(107,NULL,NULL,'carry-bag-9x7x7-inches-(50-pc-pack',472.0000,NULL,'fixed',NULL,NULL,472.0000,NULL,0,NULL,1,82,1,NULL,NULL,NULL,'2021-07-03 14:54:41','2022-04-13 08:57:45',750),(108,NULL,NULL,'carry-bag-8-5x8-5x9-inches-(50-pc-pack',530.0000,NULL,'fixed',NULL,NULL,530.0000,NULL,0,NULL,1,76,1,NULL,NULL,NULL,'2021-07-03 16:51:12','2022-04-08 19:26:28',1000),(109,NULL,6,'white-apple-box-with-4-trays-holding-capacity-10---15-kg-(-25-pc-pack',1300.0000,NULL,'fixed',NULL,NULL,1300.0000,NULL,0,NULL,1,25,0,NULL,NULL,NULL,'2021-07-07 16:01:27','2021-09-02 18:11:48',16500),(110,NULL,NULL,'brown-paper-packaging-bags(200-pc',1000.0000,NULL,'fixed',NULL,NULL,1000.0000,'brown paper bags',0,NULL,1,253,1,NULL,NULL,NULL,'2021-08-26 14:55:49','2022-04-12 01:44:38',500),(111,NULL,NULL,'brown-paper-packaging-bags-size:-7-x-4-2-x-9-44-inches-(200-pc',700.0000,NULL,'fixed',NULL,NULL,700.0000,'Brown paper bag',0,NULL,1,77,1,NULL,NULL,NULL,'2021-08-26 16:47:43','2022-04-11 13:20:54',500),(112,NULL,NULL,'brown-paper-packaging-bags-size:-5-7-x-3-7-x-9-84-inches-(200-pc',590.0000,NULL,'fixed',NULL,NULL,590.0000,'brown paper bag Kraft paper bags',0,NULL,1,97,1,NULL,NULL,NULL,'2021-08-26 16:57:35','2022-04-12 03:57:05',500),(113,NULL,NULL,'shrink-wrap-for-packing-size-12-inches(height)-x-380-meters-(length',708.0000,NULL,'fixed',NULL,NULL,708.0000,'Film Shrink wrap',0,NULL,1,44,1,NULL,NULL,NULL,'2021-08-28 15:45:45','2022-04-10 00:37:29',3350),(114,NULL,NULL,'bubble-wrap-packing-material-size',944.0000,NULL,'fixed',NULL,NULL,944.0000,NULL,0,NULL,1,37,1,NULL,NULL,NULL,'2021-08-28 17:56:04','2022-04-08 23:00:06',800),(115,NULL,NULL,'brown-tape-2-inch/-48mm-x-65metres---pack-of-6',360.0000,NULL,'fixed',NULL,NULL,360.0000,NULL,0,NULL,1,0,1,NULL,NULL,NULL,'2021-08-28 18:21:54','2021-10-28 23:51:57',500),(116,NULL,NULL,'poly-bags-packing-material-courier-bag-size:-10x12-inches-(one-kg',260.0000,NULL,'fixed',NULL,NULL,260.0000,'Poly packading',0,NULL,1,52,1,NULL,NULL,NULL,'2021-08-28 19:11:14','2022-04-12 07:51:21',500),(117,NULL,NULL,'poly-bags-packing-material-courier-bag-size:-12x16-inches-(one-kg',260.0000,NULL,'fixed',NULL,NULL,260.0000,'Poly_12x16',0,NULL,1,59,1,NULL,NULL,NULL,'2021-08-28 19:16:25','2022-04-14 03:22:23',500),(118,NULL,NULL,'poly-bags-packing-material-courier-bag-size:-8x10-inches-(one-kg',260.0000,NULL,'fixed',NULL,NULL,260.0000,'poly_8x10',0,NULL,1,58,1,NULL,NULL,NULL,'2021-08-28 19:19:50','2022-04-12 19:17:07',500),(119,NULL,NULL,'poly-bags-packing-material-courier-bag-size:-6x8-inches-(one-kg',260.0000,NULL,'fixed',NULL,NULL,260.0000,'poly6x8',0,NULL,1,64,1,NULL,NULL,NULL,'2021-08-28 19:22:48','2022-04-12 11:16:58',500),(120,NULL,NULL,'pizza-box-9-inches-(50-pc-pack',425.0000,NULL,'fixed',NULL,NULL,425.0000,NULL,0,NULL,1,105,1,NULL,NULL,NULL,'2021-09-14 11:39:22','2022-04-11 09:42:02',500),(121,NULL,NULL,'pizza-box-11-inches-(50-pc-pack',600.0000,NULL,'fixed',NULL,NULL,600.0000,NULL,0,NULL,1,102,1,NULL,NULL,NULL,'2021-09-14 11:58:23','2022-04-12 19:17:08',1000),(122,NULL,NULL,'pizza-box-12-inches-(50-pc-pack',650.0000,NULL,'fixed',NULL,NULL,650.0000,NULL,0,NULL,1,77,1,NULL,NULL,NULL,'2021-09-14 12:12:56','2022-04-12 19:18:11',500),(123,NULL,NULL,'pizza-box-14-5-inches-(50-pc-pack',750.0000,NULL,'fixed',NULL,NULL,750.0000,NULL,0,NULL,1,113,1,NULL,NULL,NULL,'2021-09-14 12:28:05','2022-04-13 03:08:37',500),(124,NULL,NULL,'burger-box-(100-pc-pack',472.0000,NULL,'fixed',NULL,NULL,472.0000,NULL,0,NULL,1,496,1,NULL,NULL,NULL,'2021-09-17 21:00:21','2022-04-14 06:33:53',500),(125,NULL,7,'glass-jar-transparent-350-ml-(75-pc-pack',0.0000,NULL,'fixed',NULL,NULL,0.0000,NULL,0,NULL,1,0,0,NULL,NULL,NULL,'2021-09-17 21:18:26','2021-10-14 17:07:14',600),(126,NULL,NULL,'gift-pack-printed-box-size---10*8*3-inch-(25',600.0000,NULL,'fixed',NULL,NULL,600.0000,NULL,0,NULL,1,84,1,NULL,NULL,NULL,'2021-10-29 14:42:04','2022-04-13 08:30:50',650),(127,2,NULL,'100-ml-round-container-(200-pc-pack',800.0000,NULL,'fixed',NULL,NULL,800.0000,NULL,0,NULL,1,62,1,NULL,NULL,NULL,'2021-10-30 23:51:56','2022-04-11 10:12:41',800),(128,NULL,NULL,'pizza-saver-tripod-stool---white---food-grade-plastic---pack-of-100',300.0000,NULL,'fixed',NULL,NULL,300.0000,NULL,0,NULL,1,60,1,NULL,NULL,NULL,'2021-11-18 15:58:30','2022-04-13 03:01:51',500),(129,NULL,NULL,'modern-giftpack-boxes-for-white-color-size:-3-5x3-5x3-5-inch-(50-pc-pack',550.0000,NULL,'fixed',NULL,NULL,550.0000,NULL,0,NULL,1,74,1,NULL,NULL,NULL,'2021-11-18 16:36:09','2022-04-11 17:20:51',500),(130,NULL,NULL,'l-shape-window-cake-box-2-kg-(50-pc-pack',500.0000,NULL,'fixed',NULL,NULL,500.0000,NULL,0,NULL,1,68,1,NULL,NULL,NULL,'2021-11-21 21:13:02','2022-04-13 11:41:14',500),(131,NULL,NULL,'white-plane-paper-brownie-box-size:-15x8x4-5-inches-(50-pc-pack',450.0000,NULL,'fixed',NULL,NULL,450.0000,NULL,0,NULL,1,102,1,NULL,NULL,NULL,'2021-11-21 22:52:57','2022-04-14 04:23:30',600),(132,NULL,NULL,'4-pc-cupcake-box-pink-blossom-size:-7x7x3-5-inches-(50-pc-pack',450.0000,NULL,'fixed',NULL,NULL,450.0000,NULL,0,NULL,1,36,1,NULL,NULL,NULL,'2021-11-24 15:55:01','2022-04-11 10:46:54',550),(133,1,NULL,'35-ml-sauce-dip-cup-(500-pc-pack',700.0000,NULL,'fixed',NULL,NULL,700.0000,NULL,0,NULL,1,66,1,NULL,NULL,NULL,'2021-12-26 21:25:33','2022-04-13 12:37:38',800),(134,NULL,NULL,'jumbo-cake-box-10x10-inches-(10-pcs',480.0000,NULL,'fixed',NULL,NULL,480.0000,NULL,0,NULL,1,27,1,NULL,NULL,NULL,'2022-01-19 22:32:21','2022-04-11 08:21:10',400),(135,NULL,NULL,'jumbo-cake-boxes-12x12-(10-pc-pack',520.0000,NULL,'fixed',NULL,NULL,520.0000,NULL,0,NULL,1,43,1,NULL,NULL,NULL,'2022-01-19 22:37:22','2022-04-11 17:51:16',500);
/*!40000 ALTER TABLE `products` ENABLE KEYS */;
UNLOCK TABLES;

--
-- Table structure for table `related_products`
--

DROP TABLE IF EXISTS `related_products`;
/*!40101 SET @saved_cs_client     = @@character_set_client */;
/*!40101 SET character_set_client = utf8 */;
CREATE TABLE `related_products` (
  `product_id` int(10) unsigned NOT NULL,
  `related_product_id` int(10) unsigned NOT NULL,
  PRIMARY KEY (`product_id`,`related_product_id`),
  KEY `related_products_related_product_id_foreign` (`related_product_id`),
  CONSTRAINT `related_products_product_id_foreign` FOREIGN KEY (`product_id`) REFERENCES `products` (`id`) ON DELETE CASCADE,
  CONSTRAINT `related_products_related_product_id_foreign` FOREIGN KEY (`related_product_id`) REFERENCES `products` (`id`) ON DELETE CASCADE
) ENGINE=InnoDB DEFAULT CHARSET=utf8mb4 COLLATE=utf8mb4_unicode_ci;
/*!40101 SET character_set_client = @saved_cs_client */;

--
-- Dumping data for table `related_products`
--

LOCK TABLES `related_products` WRITE;
/*!40000 ALTER TABLE `related_products` DISABLE KEYS */;
INSERT INTO `related_products` VALUES (27,26);
/*!40000 ALTER TABLE `related_products` ENABLE KEYS */;
UNLOCK TABLES;

--
-- Table structure for table `reminders`
--

DROP TABLE IF EXISTS `reminders`;
/*!40101 SET @saved_cs_client     = @@character_set_client */;
/*!40101 SET character_set_client = utf8 */;
CREATE TABLE `reminders` (
  `id` int(10) unsigned NOT NULL AUTO_INCREMENT,
  `user_id` int(10) unsigned NOT NULL,
  `code` varchar(191) COLLATE utf8mb4_unicode_ci NOT NULL,
  `completed` tinyint(1) NOT NULL DEFAULT 0,
  `completed_at` datetime DEFAULT NULL,
  `created_at` timestamp NULL DEFAULT NULL,
  `updated_at` timestamp NULL DEFAULT NULL,
  PRIMARY KEY (`id`),
  KEY `reminders_user_id_foreign` (`user_id`),
  CONSTRAINT `reminders_user_id_foreign` FOREIGN KEY (`user_id`) REFERENCES `users` (`id`) ON DELETE CASCADE
) ENGINE=InnoDB AUTO_INCREMENT=12 DEFAULT CHARSET=utf8mb4 COLLATE=utf8mb4_unicode_ci;
/*!40101 SET character_set_client = @saved_cs_client */;

--
-- Dumping data for table `reminders`
--

LOCK TABLES `reminders` WRITE;
/*!40000 ALTER TABLE `reminders` DISABLE KEYS */;
INSERT INTO `reminders` VALUES (5,177,'8meLjEP58sgv8OXtllVNtKg8RFGeWy9f',1,'2021-07-19 16:53:03','2021-07-19 16:51:53','2021-07-19 16:53:03'),(6,177,'HTeAuFFsvJRs47ZmD5Q37W7KV4DVjHgo',1,'2021-07-19 16:58:05','2021-07-19 16:56:59','2021-07-19 16:58:05');
/*!40000 ALTER TABLE `reminders` ENABLE KEYS */;
UNLOCK TABLES;

--
-- Table structure for table `reviews`
--

DROP TABLE IF EXISTS `reviews`;
/*!40101 SET @saved_cs_client     = @@character_set_client */;
/*!40101 SET character_set_client = utf8 */;
CREATE TABLE `reviews` (
  `id` int(10) unsigned NOT NULL AUTO_INCREMENT,
  `reviewer_id` int(10) unsigned DEFAULT NULL,
  `product_id` int(10) unsigned NOT NULL,
  `rating` int(11) NOT NULL,
  `reviewer_name` varchar(191) COLLATE utf8mb4_unicode_ci NOT NULL,
  `comment` text COLLATE utf8mb4_unicode_ci NOT NULL,
  `is_approved` tinyint(1) NOT NULL,
  `created_at` timestamp NULL DEFAULT NULL,
  `updated_at` timestamp NULL DEFAULT NULL,
  PRIMARY KEY (`id`),
  KEY `reviews_reviewer_id_index` (`reviewer_id`),
  KEY `reviews_product_id_index` (`product_id`),
  CONSTRAINT `reviews_product_id_foreign` FOREIGN KEY (`product_id`) REFERENCES `products` (`id`) ON DELETE CASCADE
) ENGINE=InnoDB AUTO_INCREMENT=3 DEFAULT CHARSET=utf8mb4 COLLATE=utf8mb4_unicode_ci;
/*!40101 SET character_set_client = @saved_cs_client */;

--
-- Dumping data for table `reviews`
--

LOCK TABLES `reviews` WRITE;
/*!40000 ALTER TABLE `reviews` DISABLE KEYS */;
INSERT INTO `reviews` VALUES (1,NULL,86,4,'Nitin','Good quality products',1,'2021-06-29 21:53:37','2021-06-29 21:53:37'),(2,212,3,5,'Rajdeep','Value for money buy',1,'2021-12-26 20:55:12','2021-12-26 20:55:12');
/*!40000 ALTER TABLE `reviews` ENABLE KEYS */;
UNLOCK TABLES;

--
-- Table structure for table `role_translations`
--

DROP TABLE IF EXISTS `role_translations`;
/*!40101 SET @saved_cs_client     = @@character_set_client */;
/*!40101 SET character_set_client = utf8 */;
CREATE TABLE `role_translations` (
  `id` int(10) unsigned NOT NULL AUTO_INCREMENT,
  `role_id` int(10) unsigned NOT NULL,
  `locale` varchar(191) COLLATE utf8mb4_unicode_ci NOT NULL,
  `name` varchar(191) COLLATE utf8mb4_unicode_ci NOT NULL,
  PRIMARY KEY (`id`),
  UNIQUE KEY `role_translations_role_id_locale_unique` (`role_id`,`locale`),
  CONSTRAINT `role_translations_role_id_foreign` FOREIGN KEY (`role_id`) REFERENCES `roles` (`id`) ON DELETE CASCADE
) ENGINE=InnoDB AUTO_INCREMENT=4 DEFAULT CHARSET=utf8mb4 COLLATE=utf8mb4_unicode_ci;
/*!40101 SET character_set_client = @saved_cs_client */;

--
-- Dumping data for table `role_translations`
--

LOCK TABLES `role_translations` WRITE;
/*!40000 ALTER TABLE `role_translations` DISABLE KEYS */;
INSERT INTO `role_translations` VALUES (1,1,'en','Admin'),(2,2,'en','Customer'),(3,3,'en','Manager');
/*!40000 ALTER TABLE `role_translations` ENABLE KEYS */;
UNLOCK TABLES;

--
-- Table structure for table `roles`
--

DROP TABLE IF EXISTS `roles`;
/*!40101 SET @saved_cs_client     = @@character_set_client */;
/*!40101 SET character_set_client = utf8 */;
CREATE TABLE `roles` (
  `id` int(10) unsigned NOT NULL AUTO_INCREMENT,
  `permissions` text COLLATE utf8mb4_unicode_ci DEFAULT NULL,
  `created_at` timestamp NULL DEFAULT NULL,
  `updated_at` timestamp NULL DEFAULT NULL,
  PRIMARY KEY (`id`)
) ENGINE=InnoDB AUTO_INCREMENT=4 DEFAULT CHARSET=utf8mb4 COLLATE=utf8mb4_unicode_ci;
/*!40101 SET character_set_client = @saved_cs_client */;

--
-- Dumping data for table `roles`
--

LOCK TABLES `roles` WRITE;
/*!40000 ALTER TABLE `roles` DISABLE KEYS */;
INSERT INTO `roles` VALUES (1,'{\"admin.users.index\":true,\"admin.users.create\":true,\"admin.users.edit\":true,\"admin.users.destroy\":true,\"admin.roles.index\":true,\"admin.roles.create\":true,\"admin.roles.edit\":true,\"admin.roles.destroy\":true,\"admin.products.index\":true,\"admin.products.create\":true,\"admin.products.edit\":true,\"admin.products.destroy\":true,\"admin.brands.index\":true,\"admin.brands.create\":true,\"admin.brands.edit\":true,\"admin.brands.destroy\":true,\"admin.attributes.index\":true,\"admin.attributes.create\":true,\"admin.attributes.edit\":true,\"admin.attributes.destroy\":true,\"admin.attribute_sets.index\":true,\"admin.attribute_sets.create\":true,\"admin.attribute_sets.edit\":true,\"admin.attribute_sets.destroy\":true,\"admin.options.index\":true,\"admin.options.create\":true,\"admin.options.edit\":true,\"admin.options.destroy\":true,\"admin.filters.index\":true,\"admin.filters.create\":true,\"admin.filters.edit\":true,\"admin.filters.destroy\":true,\"admin.reviews.index\":true,\"admin.reviews.create\":true,\"admin.reviews.edit\":true,\"admin.reviews.destroy\":true,\"admin.categories.index\":true,\"admin.categories.create\":true,\"admin.categories.edit\":true,\"admin.categories.destroy\":true,\"admin.tags.index\":true,\"admin.tags.create\":true,\"admin.tags.edit\":true,\"admin.tags.destroy\":true,\"admin.orders.index\":true,\"admin.orders.show\":true,\"admin.orders.edit\":true,\"admin.flash_sales.index\":true,\"admin.flash_sales.create\":true,\"admin.flash_sales.edit\":true,\"admin.flash_sales.destroy\":true,\"admin.transactions.index\":true,\"admin.coupons.index\":true,\"admin.coupons.create\":true,\"admin.coupons.edit\":true,\"admin.coupons.destroy\":true,\"admin.menus.index\":true,\"admin.menus.create\":true,\"admin.menus.edit\":true,\"admin.menus.destroy\":true,\"admin.menu_items.index\":true,\"admin.menu_items.create\":true,\"admin.menu_items.edit\":true,\"admin.menu_items.destroy\":true,\"admin.media.index\":true,\"admin.media.create\":true,\"admin.media.destroy\":true,\"admin.pages.index\":true,\"admin.pages.create\":true,\"admin.pages.edit\":true,\"admin.pages.destroy\":true,\"admin.currency_rates.index\":true,\"admin.currency_rates.edit\":true,\"admin.taxes.index\":true,\"admin.taxes.create\":true,\"admin.taxes.edit\":true,\"admin.taxes.destroy\":true,\"admin.translations.index\":true,\"admin.translations.edit\":true,\"admin.sliders.index\":true,\"admin.sliders.create\":true,\"admin.sliders.edit\":true,\"admin.sliders.destroy\":true,\"admin.reports.index\":true,\"admin.settings.edit\":true,\"admin.storefront.edit\":true}','2020-06-30 09:42:46','2020-06-30 09:42:46'),(2,NULL,'2020-06-30 09:42:46','2020-06-30 09:42:46'),(3,'[]','2020-11-03 22:58:58','2020-11-03 22:58:58');
/*!40000 ALTER TABLE `roles` ENABLE KEYS */;
UNLOCK TABLES;

--
-- Table structure for table `search_terms`
--

DROP TABLE IF EXISTS `search_terms`;
/*!40101 SET @saved_cs_client     = @@character_set_client */;
/*!40101 SET character_set_client = utf8 */;
CREATE TABLE `search_terms` (
  `id` int(10) unsigned NOT NULL AUTO_INCREMENT,
  `term` varchar(191) COLLATE utf8mb4_unicode_ci NOT NULL,
  `results` int(10) unsigned NOT NULL,
  `hits` int(10) unsigned NOT NULL DEFAULT 0,
  `created_at` timestamp NULL DEFAULT NULL,
  `updated_at` timestamp NULL DEFAULT NULL,
  PRIMARY KEY (`id`),
  UNIQUE KEY `search_terms_term_unique` (`term`)
) ENGINE=InnoDB AUTO_INCREMENT=191 DEFAULT CHARSET=utf8mb4 COLLATE=utf8mb4_unicode_ci;
/*!40101 SET character_set_client = @saved_cs_client */;

--
-- Dumping data for table `search_terms`
--

LOCK TABLES `search_terms` WRITE;
/*!40000 ALTER TABLE `search_terms` DISABLE KEYS */;
INSERT INTO `search_terms` VALUES (1,'p',30,55,'2020-07-30 02:22:46','2022-04-02 08:05:27'),(2,'h',1,1,'2020-08-23 16:11:42','2020-08-23 16:11:42'),(3,'5CP',1,8,'2020-08-24 23:46:00','2021-05-18 19:50:08'),(4,'E-COMMERCE',0,25,'2020-08-24 23:46:22','2022-03-17 23:48:09'),(5,'pizza',8,15,'2020-12-19 18:39:59','2022-01-06 13:49:57'),(6,'cake',6,1,'2020-12-27 11:01:11','2020-12-27 11:01:12'),(7,'covid 19',0,1,'2020-12-27 11:01:39','2020-12-27 11:01:39'),(8,'covid19',0,1,'2020-12-27 11:01:47','2020-12-27 11:01:47'),(9,'covid-19',0,1,'2020-12-27 11:01:52','2020-12-27 11:01:52'),(10,'Covid',0,1,'2021-01-21 08:16:03','2021-01-21 08:16:03'),(11,'Best',0,2,'2021-01-21 08:16:27','2021-02-08 14:26:50'),(12,'test',0,7,'2021-02-24 16:20:19','2021-05-17 18:25:25'),(13,'3 Ply',0,1,'2021-02-25 11:50:43','2021-02-25 11:50:43'),(14,'Pizza boxes',8,8,'2021-03-07 14:36:32','2022-03-07 04:16:23'),(15,'plastic round food containers',0,1,'2021-04-01 21:09:03','2021-04-01 21:09:03'),(16,'plastic food containers',0,1,'2021-04-01 21:09:15','2021-04-01 21:09:15'),(17,'Fruit box',0,1,'2021-04-03 16:13:21','2021-04-03 16:13:28'),(18,'Fruit',0,1,'2021-04-03 16:14:26','2021-04-03 16:14:26'),(19,'100ml',0,1,'2021-04-21 13:21:35','2021-04-21 13:21:35'),(20,'1000 ml',3,4,'2021-04-21 13:21:39','2021-07-26 13:24:16'),(21,'5 cp',0,4,'2021-05-17 18:46:52','2021-05-21 16:56:01'),(22,'5 compartment',0,2,'2021-05-17 18:47:07','2021-05-18 19:50:04'),(23,'bakery',0,8,'2021-05-18 19:19:55','2021-06-16 17:37:59'),(24,'fast food box',0,1,'2021-05-18 19:50:55','2021-05-18 19:50:55'),(25,'pack of 100',30,1,'2021-05-18 19:51:42','2021-05-18 19:51:42'),(26,'pizza box',8,15,'2021-05-19 12:07:12','2022-03-18 07:44:20'),(27,'tray',5,3,'2021-05-19 12:07:47','2022-03-28 09:57:30'),(28,'8 CP',0,9,'2021-05-21 17:21:30','2021-08-02 18:09:18'),(29,'8CP',0,1,'2021-05-21 17:21:35','2021-05-21 17:21:35'),(30,'Burger Box',4,9,'2021-05-21 18:26:10','2022-04-09 00:35:43'),(31,'4 Pc Pastry Box (100 PC PACK)',0,2,'2021-05-22 13:15:24','2021-06-09 12:30:33'),(32,'4 Pc Pastry Box',0,1,'2021-05-22 13:15:30','2021-05-22 13:15:30'),(33,'4 Pc',0,2,'2021-05-22 13:15:36','2021-06-09 12:30:28'),(34,'4Pc',0,1,'2021-05-22 13:15:41','2021-05-22 13:15:41'),(35,'E-commerce shipping box4 (100 pc Pack)',0,1,'2021-06-10 17:15:50','2021-06-10 17:15:50'),(36,'E-commerce shipping box4(100 pc Pack)',0,1,'2021-06-10 17:15:56','2021-06-10 17:15:56'),(37,'E-commerce shipping box4',0,1,'2021-06-10 17:16:04','2021-06-10 17:16:04'),(38,'E-commerce shipping box4 (50 PC PACK)',0,8,'2021-06-10 17:16:49','2021-07-01 11:34:32'),(39,'2 cp',0,17,'2021-06-10 18:57:38','2021-10-17 22:43:59'),(40,'pastry',3,2,'2021-06-11 11:32:47','2021-06-16 17:37:42'),(41,'2 pc pastry',0,3,'2021-06-11 11:33:02','2021-06-16 17:37:55'),(42,'hinged box',10,6,'2021-06-22 11:53:12','2022-04-02 04:46:30'),(43,'l',0,1,'2021-06-22 11:53:21','2021-06-22 11:53:21'),(44,'600 ml',1,3,'2021-06-22 11:53:29','2021-07-08 16:15:37'),(45,'250',1,1,'2021-06-23 16:37:51','2021-06-23 16:37:51'),(46,'big bar',1,3,'2021-06-23 17:22:24','2021-09-13 15:11:57'),(47,'375 ml',1,1,'2021-06-23 17:37:00','2021-06-23 17:37:00'),(48,'500 Ml Rectangle Hinge Container (100 pices)',2,1,'2021-06-23 17:43:41','2021-06-23 17:43:41'),(49,'500 Ml Rectangle Hinge Container',3,1,'2021-06-23 17:44:02','2021-06-23 17:44:02'),(50,'4 cup cake',0,1,'2021-06-23 17:54:45','2021-06-23 17:54:45'),(51,'4 cupcake',0,1,'2021-06-23 17:54:54','2021-06-23 17:54:54'),(52,'4',1,1,'2021-06-23 17:55:03','2021-06-23 17:55:03'),(53,'32',0,1,'2021-06-23 18:10:16','2021-06-23 18:10:16'),(54,'500 Ml Round  Container',4,15,'2021-06-23 18:14:35','2022-04-14 03:23:29'),(55,'75 ml',0,2,'2021-06-23 18:24:18','2021-06-24 04:34:02'),(56,'8 c',0,2,'2021-06-23 18:53:49','2021-06-24 04:58:51'),(57,'oracle',0,4,'2021-06-24 19:57:28','2021-07-09 11:04:20'),(58,'6+ cup',0,1,'2021-06-25 12:14:10','2021-06-25 12:14:10'),(59,'apple',0,27,'2021-06-28 16:16:45','2022-04-09 22:36:48'),(60,'300',2,55,'2021-06-28 17:53:41','2022-04-13 11:54:15'),(61,'500ml box',0,2,'2021-06-28 18:15:16','2021-07-08 07:49:14'),(62,'500ml plastic box',0,2,'2021-06-28 18:15:49','2021-06-28 18:44:41'),(63,'tea packaging',0,11,'2021-06-29 19:30:38','2022-04-07 21:07:15'),(64,'login',0,10,'2021-06-30 13:23:40','2022-03-24 04:37:40'),(65,'Glass',1,3,'2021-06-30 14:49:59','2021-07-08 16:15:43'),(66,'Cupcake box',1,6,'2021-07-05 12:42:14','2021-12-24 13:28:23'),(67,'thermocol',0,1,'2021-07-10 14:58:05','2021-07-10 14:58:05'),(68,'Photo frame',0,2,'2021-07-15 05:19:03','2021-07-15 05:19:16'),(69,'Frame',0,2,'2021-07-15 05:19:28','2021-11-06 22:44:30'),(70,'rectangle plastic container',7,2,'2021-07-16 12:32:47','2021-07-23 11:26:39'),(71,'base',0,7,'2021-07-22 01:26:53','2021-11-14 12:48:31'),(72,'Malik',0,2,'2021-07-24 22:57:48','2021-07-27 16:14:52'),(73,'Brand',0,8,'2021-07-29 17:59:27','2022-04-02 04:27:53'),(74,'Chocolate box',0,5,'2021-08-13 06:33:44','2022-03-23 02:08:34'),(75,'Mithai box',0,1,'2021-08-18 12:35:59','2021-08-18 12:35:59'),(76,'cake base',10,9,'2021-08-19 14:20:40','2022-04-13 12:44:37'),(77,'Pizz',3,2,'2021-08-19 15:21:47','2021-08-19 15:25:30'),(78,'Tissue paper',0,11,'2021-08-19 15:26:08','2022-04-08 23:48:54'),(79,'gravy box',0,1,'2021-08-20 15:59:20','2021-08-20 15:59:20'),(80,'butter chicken',1,1,'2021-08-20 15:59:30','2021-08-20 15:59:30'),(81,'roll',0,10,'2021-08-20 16:00:36','2022-03-24 15:04:26'),(82,'Pastry box',3,10,'2021-08-26 13:21:01','2022-03-21 16:52:44'),(83,'TUBES',0,10,'2021-08-27 13:27:53','2022-04-06 23:27:20'),(84,'Chocolate boxes',0,14,'2021-08-28 15:42:10','2022-04-07 02:22:31'),(85,'Shake bottles',0,11,'2021-08-29 19:24:13','2022-03-23 02:09:56'),(86,'bottles',1,13,'2021-08-29 19:24:22','2022-03-23 17:20:51'),(87,'mono',0,4,'2021-09-07 17:09:14','2021-11-15 11:47:00'),(88,'Footlong',0,1,'2021-09-13 16:09:58','2021-09-13 16:09:58'),(89,'triangle pastry packing',0,2,'2021-09-16 12:57:29','2021-09-16 13:47:47'),(90,'pastry packing',3,3,'2021-09-16 12:57:40','2021-09-16 14:24:17'),(91,'sandwich packing',0,2,'2021-09-16 14:24:10','2021-09-16 15:38:54'),(92,'cake box',10,52,'2021-09-16 14:26:11','2022-04-13 09:23:41'),(93,'dips',0,3,'2021-09-17 14:39:39','2021-09-17 15:17:59'),(94,'dip',0,4,'2021-09-17 14:39:44','2021-09-22 06:58:12'),(95,'rectangle container',7,2,'2021-09-19 20:16:53','2021-09-19 21:36:44'),(96,'round',8,1,'2021-09-19 20:17:08','2021-09-19 20:17:08'),(97,'hinge',13,2,'2021-09-19 20:17:20','2021-09-19 21:39:22'),(98,'sandwich box',0,9,'2021-09-21 17:37:00','2022-04-09 00:34:32'),(99,'Tall cake box',0,2,'2021-09-23 13:08:45','2021-09-23 13:26:57'),(100,'Transparent cake box',2,5,'2021-09-23 13:09:04','2022-01-19 09:11:14'),(101,'Dry cake box',0,2,'2021-09-23 13:09:23','2021-09-23 13:27:07'),(102,'burger box plastic',4,13,'2021-09-23 13:18:09','2022-04-09 03:02:57'),(103,'Coffee',0,10,'2021-09-24 15:12:20','2022-04-08 05:11:33'),(104,'candle box',0,3,'2021-09-30 15:50:43','2021-11-14 10:00:34'),(105,'carry bag',6,7,'2021-10-01 13:48:44','2022-04-08 16:01:23'),(106,'pouch',1,25,'2021-10-01 13:48:53','2022-04-08 16:05:06'),(107,'Hamper',0,3,'2021-10-05 08:21:10','2021-11-17 14:17:11'),(108,'Hamper box',0,2,'2021-10-05 08:21:21','2021-10-13 00:48:48'),(109,'Window',0,1,'2021-10-05 08:22:15','2021-10-05 08:22:15'),(110,'Popcorn Boxes',0,4,'2021-10-25 18:21:36','2021-10-31 14:38:55'),(111,'5 ply',0,3,'2021-10-31 00:17:06','2021-11-02 19:23:32'),(112,'30 ml dip container',0,2,'2021-11-15 12:01:38','2021-11-15 12:40:11'),(113,'30 ml  oval shape containers',0,1,'2021-11-15 12:02:00','2021-11-15 12:02:00'),(114,'30 ml  plastic containers with lid',0,2,'2021-11-15 12:02:33','2021-11-15 12:39:53'),(115,'Sandwich boxes',0,4,'2021-11-18 17:00:24','2021-11-22 02:47:36'),(116,'Window box',3,10,'2021-11-20 11:43:42','2022-03-21 03:03:12'),(117,'Tea',0,7,'2021-11-20 17:41:49','2022-03-21 16:52:32'),(118,'Cup',5,38,'2021-11-21 09:10:17','2022-04-02 21:37:19'),(119,'BURGER',4,12,'2021-11-27 22:17:25','2022-04-02 08:08:00'),(120,'Cofee',0,14,'2021-12-05 18:53:52','2022-03-06 07:44:31'),(121,'box',30,15,'2021-12-05 20:28:30','2022-03-06 23:55:53'),(122,'Aluminium',0,6,'2021-12-05 22:33:06','2022-03-06 23:55:54'),(123,'Dry cake',0,7,'2021-12-12 13:30:05','2022-04-11 23:08:49'),(124,'Cake base board',10,5,'2021-12-16 21:36:14','2022-03-17 12:54:57'),(125,'Sauce dip',1,3,'2021-12-20 10:30:33','2022-02-19 18:08:19'),(126,'30 ml',0,3,'2021-12-20 10:33:06','2022-03-21 16:48:30'),(127,'Oval',0,11,'2021-12-20 10:33:42','2022-04-12 14:07:51'),(128,'cupcake',2,6,'2021-12-24 13:28:40','2022-04-01 03:06:52'),(129,'cup cake box',3,4,'2021-12-24 13:29:55','2022-02-24 08:59:49'),(130,'Coffee cups',0,5,'2021-12-28 18:41:24','2022-03-31 01:14:24'),(131,'Sauce',1,7,'2021-12-29 07:45:27','2022-03-31 01:12:23'),(132,'Container',16,7,'2021-12-29 07:45:46','2022-03-31 01:12:50'),(133,'1000 ml Hinged Box',3,8,'2022-01-01 17:07:28','2022-04-02 04:33:56'),(134,'7.5 inc pizza',0,9,'2022-01-01 17:27:49','2022-04-02 04:24:24'),(135,'7.5 inc pizza box',0,7,'2022-01-01 17:27:55','2022-04-02 04:48:38'),(136,'01PI3ZA',0,5,'2022-01-01 17:29:11','2022-04-02 04:36:10'),(137,'Facemask',0,1,'2022-01-04 17:02:12','2022-01-04 17:02:12'),(138,'Mask',0,2,'2022-01-04 17:02:19','2022-01-04 18:54:05'),(139,'7.5',0,3,'2022-01-04 18:31:23','2022-01-06 13:47:41'),(140,'9 inc pzza',0,1,'2022-01-06 13:48:25','2022-01-06 13:48:25'),(141,'9 inc pizza',0,1,'2022-01-06 13:48:28','2022-01-06 13:48:28'),(142,'9 pizza',0,1,'2022-01-06 13:48:33','2022-01-06 13:48:33'),(143,'0x0x0 inch',0,1,'2022-01-06 13:54:21','2022-01-06 13:54:21'),(144,'300ml',1,1,'2022-01-06 13:56:09','2022-01-06 13:56:09'),(145,'Meal box',0,1,'2022-01-06 14:08:02','2022-01-06 14:08:02'),(146,'Five kg cake boc',0,1,'2022-01-06 14:16:53','2022-01-06 14:16:53'),(147,'Five kg cake box',0,1,'2022-01-06 14:16:57','2022-01-06 14:16:57'),(148,'L Shape Window cake box',0,2,'2022-01-06 14:35:37','2022-01-06 14:35:46'),(149,'Microwavable White\\ Round Container 250ml',0,1,'2022-01-12 15:14:37','2022-01-12 15:14:37'),(150,'Microwavable White Round Container 250ml',0,5,'2022-01-12 15:14:40','2022-04-13 05:26:26'),(151,'White Round Container 250ml',4,4,'2022-01-12 15:15:08','2022-04-13 11:05:34'),(152,'White Round Container 8oz',4,5,'2022-01-12 15:15:16','2022-04-13 10:27:55'),(153,'Microwavable Black Round Container 400ml with Clear Lid',0,4,'2022-01-12 15:34:51','2022-03-14 03:59:44'),(154,'Plastic bottles',9,1,'2022-01-16 20:32:46','2022-01-16 20:32:46'),(155,'14 inches',0,7,'2022-01-17 22:04:18','2022-03-19 02:10:02'),(156,'Kraft',1,5,'2022-01-19 18:13:21','2022-03-21 16:53:07'),(157,'lid',1,2,'2022-01-20 15:56:26','2022-02-20 14:23:12'),(158,'straws',0,4,'2022-01-30 07:50:37','2022-04-01 11:02:08'),(159,'straw',1,4,'2022-01-30 07:50:45','2022-04-01 10:10:41'),(160,'1 Pc Pastry Box',0,3,'2022-02-08 13:08:57','2022-04-10 00:35:18'),(161,'2 Pc Pastry Box',0,4,'2022-02-08 13:09:04','2022-04-10 00:53:37'),(162,'3 Pc Pastry Box',0,3,'2022-02-08 13:09:11','2022-04-10 00:38:57'),(163,'sweets box',0,7,'2022-02-08 13:36:12','2022-04-10 00:55:00'),(164,'Bor for Jewellery',0,3,'2022-02-13 16:19:11','2022-03-17 02:20:00'),(165,'Buger box',0,3,'2022-02-15 22:40:14','2022-03-18 07:45:37'),(166,'Cups',0,3,'2022-02-26 14:32:31','2022-03-29 03:26:32'),(167,'Acrylic',0,2,'2022-03-04 23:35:06','2022-03-05 08:19:03'),(168,'Brownie',1,2,'2022-03-06 09:41:01','2022-03-06 23:57:02'),(169,'burger packing',4,4,'2022-03-08 12:43:47','2022-04-08 02:30:27'),(170,'sandwitch box',0,4,'2022-03-09 12:39:18','2022-04-09 00:30:17'),(171,'sandwich packing bozx',0,3,'2022-03-09 12:39:43','2022-04-09 00:29:55'),(172,'Bubble wrap',1,2,'2022-03-14 13:41:23','2022-03-15 21:24:12'),(173,'Tape',1,3,'2022-03-14 13:41:56','2022-03-16 01:08:30'),(174,'chutiya',0,4,'2022-03-15 21:24:39','2022-03-16 01:10:13'),(175,'bhenchod',0,3,'2022-03-15 21:24:52','2022-03-16 01:08:36'),(176,'bakwas',0,3,'2022-03-15 21:25:03','2022-03-16 01:08:05'),(177,'gand me lelo',0,4,'2022-03-15 21:25:17','2022-03-16 01:10:09'),(178,'jewellary box',0,2,'2022-03-17 23:42:45','2022-03-17 23:42:48'),(179,'ecommerce box',0,2,'2022-03-17 23:42:55','2022-03-17 23:43:05'),(180,'e commerce box',0,1,'2022-03-17 23:42:58','2022-03-17 23:42:58'),(181,'ecommerce',1,3,'2022-03-17 23:44:56','2022-03-17 23:48:15'),(182,'online',0,1,'2022-03-17 23:45:36','2022-03-17 23:45:36'),(183,'courierbox',0,1,'2022-03-17 23:46:31','2022-03-17 23:46:31'),(184,'courier',5,1,'2022-03-17 23:47:15','2022-03-17 23:47:15'),(185,'fast',0,1,'2022-03-17 23:48:25','2022-03-17 23:48:25'),(186,'cake board',10,2,'2022-03-18 09:27:17','2022-03-18 09:32:03'),(187,'Restaurant packing box',0,3,'2022-03-21 23:48:22','2022-03-22 01:52:06'),(188,'Cary bag',0,2,'2022-03-21 23:51:13','2022-03-22 01:52:38'),(189,'Corrugated box',1,3,'2022-03-24 20:57:18','2022-03-28 14:52:20'),(190,'Disposable carry bags',2,2,'2022-04-01 18:30:23','2022-04-01 22:28:25');
/*!40000 ALTER TABLE `search_terms` ENABLE KEYS */;
UNLOCK TABLES;

--
-- Table structure for table `setting_translations`
--

DROP TABLE IF EXISTS `setting_translations`;
/*!40101 SET @saved_cs_client     = @@character_set_client */;
/*!40101 SET character_set_client = utf8 */;
CREATE TABLE `setting_translations` (
  `id` int(10) unsigned NOT NULL AUTO_INCREMENT,
  `setting_id` int(10) unsigned NOT NULL,
  `locale` varchar(191) COLLATE utf8mb4_unicode_ci NOT NULL,
  `value` longtext COLLATE utf8mb4_unicode_ci DEFAULT NULL,
  PRIMARY KEY (`id`),
  UNIQUE KEY `setting_translations_setting_id_locale_unique` (`setting_id`,`locale`),
  CONSTRAINT `setting_translations_setting_id_foreign` FOREIGN KEY (`setting_id`) REFERENCES `settings` (`id`) ON DELETE CASCADE
) ENGINE=InnoDB AUTO_INCREMENT=67 DEFAULT CHARSET=utf8mb4 COLLATE=utf8mb4_unicode_ci;
/*!40101 SET character_set_client = @saved_cs_client */;

--
-- Dumping data for table `setting_translations`
--

LOCK TABLES `setting_translations` WRITE;
/*!40000 ALTER TABLE `setting_translations` DISABLE KEYS */;
INSERT INTO `setting_translations` VALUES (1,1,'en','s:16:\"Modern Packagers\";'),(2,22,'en','s:13:\"Free Shipping\";'),(3,23,'en','s:12:\"Local Pickup\";'),(4,24,'en','s:9:\"Flat Rate\";'),(5,25,'en','s:6:\"PayPal\";'),(6,26,'en','s:28:\"Pay via your PayPal account.\";'),(7,27,'en','s:6:\"Stripe\";'),(8,28,'en','s:29:\"Pay via credit or debit card.\";'),(9,29,'en','s:9:\"Instamojo\";'),(10,30,'en','s:16:\"CC/DB/NB/Wallets\";'),(11,31,'en','s:16:\"Cash On Delivery\";'),(12,32,'en','s:28:\"Pay with cash upon delivery.\";'),(13,33,'en','s:13:\"Bank Transfer\";'),(14,34,'en','s:100:\"Make your payment directly into our bank account. Please use your Order ID as the payment reference.\";'),(15,35,'en','s:19:\"Check / Money Order\";'),(16,36,'en','s:33:\"Please send a check to our store.\";'),(17,38,'en','s:27:\"Welcome to Modern Packagers\";'),(18,39,'en','s:75:\"Branch Address-Plot No 3136, Industrial Area, Phase-II, Chandigarh - 160002\";'),(19,40,'en','N;'),(20,41,'en','N;'),(21,42,'en','s:18:\"All ALL CATEGORIES\";'),(22,37,'en','s:194:\"Copyright  <a href=\"{{ store_url }}\">{{ store_name }}</a> {{ year }}.Developed by <a href=\"https://www.excelohunt.com/\" target=\"_blank\">Excelohunt.</a> All rights reserved by Modern Packagers.\";'),(23,43,'en','s:12:\"Fast Deivery\";'),(24,44,'en','s:38:\"Superfast 24/7 working delivery system\";'),(25,45,'en','s:10:\"Best Price\";'),(26,46,'en','s:43:\"Lower prices than other online marketstores\";'),(27,47,'en','s:12:\"High Quality\";'),(28,48,'en','s:55:\"Our engineers know how to build a long lasting product.\";'),(29,49,'en','s:15:\"Online support.\";'),(30,50,'en','s:31:\"We are available, when you are.\";'),(31,51,'en','s:15:\"Value for money\";'),(32,52,'en','s:25:\"You get what you pay for.\";'),(33,53,'en','s:3:\"453\";'),(34,54,'en','s:3:\"519\";'),(35,55,'en','s:3:\"520\";'),(36,56,'en','s:3:\"648\";'),(37,57,'en','s:3:\"454\";'),(38,58,'en','s:3:\"454\";'),(39,59,'en','s:14:\"All Categories\";'),(40,60,'en','s:107:\"Last Month upto 1500+ Products Sales From this catagory. You can choose a product from here and save money.\";'),(41,61,'en','s:19:\"Fast Food Packaging\";'),(42,62,'en','s:10:\"Bakery Box\";'),(43,63,'en','s:19:\"Fruit Box Packaging\";'),(44,64,'en','s:28:\"Restaurant Plastic Packaging\";'),(45,65,'en','s:3:\"647\";'),(46,66,'en','s:3:\"649\";'),(47,67,'en','s:16:\"Round Containers\";'),(48,68,'en','s:10:\"Burger Box\";'),(49,69,'en','s:16:\"Garlic Bread Box\";'),(50,70,'en','s:8:\"Meal Box\";'),(51,71,'en','s:3:\"663\";'),(52,72,'en','s:3:\"662\";'),(53,73,'en','s:3:\"664\";'),(54,74,'en','s:16:\"Hot Best Sellers\";'),(55,75,'en','s:15:\"Latest Products\";'),(56,76,'en','s:15:\"Recently Viewed\";'),(57,77,'en','s:7:\"On Sale\";'),(58,78,'en','s:11:\"Top Selling\";'),(59,79,'en','s:3:\"453\";'),(60,224,'en','s:3:\"759\";'),(61,231,'en','s:29:\"Packing Everything Since 1990\";'),(62,232,'en','s:263:\"Please Make payment to following bank account and mail bank receipt to Acc.modernpackagers@gmail.com \r\n\r\nModern Packagers\r\nBank Name: IDBI BANK\r\nA/C No - 1799102000000028\r\nIFSC Code - IBKL0001799\r\nBranch Address - Plot No 149, Industrial Area, Phase-I, Chandigarh\";'),(63,233,'en','N;'),(64,289,'en','s:8:\"RAZORPAY\";'),(65,290,'en','s:43:\"Modern Packager\'s Razor Pay Payment gateway\";'),(66,294,'en','s:1:\"2\";');
/*!40000 ALTER TABLE `setting_translations` ENABLE KEYS */;
UNLOCK TABLES;

--
-- Table structure for table `settings`
--

DROP TABLE IF EXISTS `settings`;
/*!40101 SET @saved_cs_client     = @@character_set_client */;
/*!40101 SET character_set_client = utf8 */;
CREATE TABLE `settings` (
  `id` int(10) unsigned NOT NULL AUTO_INCREMENT,
  `key` varchar(191) COLLATE utf8mb4_unicode_ci NOT NULL,
  `is_translatable` tinyint(1) NOT NULL DEFAULT 0,
  `plain_value` text COLLATE utf8mb4_unicode_ci DEFAULT NULL,
  `created_at` timestamp NULL DEFAULT NULL,
  `updated_at` timestamp NULL DEFAULT NULL,
  PRIMARY KEY (`id`),
  UNIQUE KEY `settings_key_unique` (`key`)
) ENGINE=InnoDB AUTO_INCREMENT=297 DEFAULT CHARSET=utf8mb4 COLLATE=utf8mb4_unicode_ci;
/*!40101 SET character_set_client = @saved_cs_client */;

--
-- Dumping data for table `settings`
--

LOCK TABLES `settings` WRITE;
/*!40000 ALTER TABLE `settings` DISABLE KEYS */;
INSERT INTO `settings` VALUES (1,'store_name',1,NULL,'2020-06-30 09:42:46','2020-06-30 09:42:46'),(2,'store_email',0,'s:25:\"orders@modernpackagers.in\";','2020-06-30 09:42:46','2021-05-08 20:07:56'),(3,'search_engine',0,'s:5:\"mysql\";','2020-06-30 09:42:46','2020-06-30 09:42:46'),(4,'algolia_app_id',0,'N;','2020-06-30 09:42:46','2020-06-30 09:42:46'),(5,'algolia_secret',0,'N;','2020-06-30 09:42:46','2020-06-30 09:42:46'),(6,'active_theme',0,'s:10:\"Storefront\";','2020-06-30 09:42:46','2020-06-30 09:42:46'),(7,'supported_countries',0,'a:1:{i:0;s:2:\"IN\";}','2020-06-30 09:42:46','2020-07-31 03:08:33'),(8,'default_country',0,'s:2:\"IN\";','2020-06-30 09:42:46','2020-07-31 03:08:34'),(9,'supported_locales',0,'a:1:{i:0;s:2:\"en\";}','2020-06-30 09:42:46','2020-06-30 09:42:46'),(10,'default_locale',0,'s:2:\"en\";','2020-06-30 09:42:46','2020-06-30 09:42:46'),(11,'default_timezone',0,'s:12:\"Asia/Kolkata\";','2020-06-30 09:42:46','2020-07-31 03:08:34'),(12,'customer_role',0,'s:1:\"2\";','2020-06-30 09:42:46','2020-07-31 03:08:34'),(13,'reviews_enabled',0,'s:1:\"1\";','2020-06-30 09:42:46','2020-07-31 03:08:34'),(14,'auto_approve_reviews',0,'s:1:\"1\";','2020-06-30 09:42:46','2020-07-31 03:08:34'),(15,'cookie_bar_enabled',0,'s:1:\"1\";','2020-06-30 09:42:46','2020-07-31 03:08:34'),(16,'supported_currencies',0,'a:1:{i:0;s:3:\"INR\";}','2020-06-30 09:42:46','2020-07-31 03:08:34'),(17,'default_currency',0,'s:3:\"INR\";','2020-06-30 09:42:46','2020-07-31 03:08:34'),(18,'send_order_invoice_email',0,'b:0;','2020-06-30 09:42:47','2020-06-30 09:42:47'),(19,'newsletter_enabled',0,'s:1:\"0\";','2020-06-30 09:42:47','2021-07-18 13:54:43'),(20,'local_pickup_cost',0,'s:2:\"12\";','2020-06-30 09:42:47','2020-11-26 00:00:04'),(21,'flat_rate_cost',0,'s:3:\"213\";','2020-06-30 09:42:47','2020-11-26 00:00:19'),(22,'free_shipping_label',1,NULL,'2020-06-30 09:42:47','2020-06-30 09:42:47'),(23,'local_pickup_label',1,NULL,'2020-06-30 09:42:47','2020-06-30 09:42:47'),(24,'flat_rate_label',1,NULL,'2020-06-30 09:42:47','2020-06-30 09:42:47'),(25,'paypal_label',1,NULL,'2020-06-30 09:42:47','2020-06-30 09:42:47'),(26,'paypal_description',1,NULL,'2020-06-30 09:42:47','2020-06-30 09:42:47'),(27,'stripe_label',1,NULL,'2020-06-30 09:42:47','2020-06-30 09:42:47'),(28,'stripe_description',1,NULL,'2020-06-30 09:42:47','2020-06-30 09:42:47'),(29,'instamojo_label',1,NULL,'2020-06-30 09:42:47','2020-06-30 09:42:47'),(30,'instamojo_description',1,NULL,'2020-06-30 09:42:47','2020-06-30 09:42:47'),(31,'cod_label',1,NULL,'2020-06-30 09:42:47','2020-06-30 09:42:47'),(32,'cod_description',1,NULL,'2020-06-30 09:42:47','2020-06-30 09:42:47'),(33,'bank_transfer_label',1,NULL,'2020-06-30 09:42:47','2020-06-30 09:42:47'),(34,'bank_transfer_description',1,NULL,'2020-06-30 09:42:47','2020-06-30 09:42:47'),(35,'check_payment_label',1,NULL,'2020-06-30 09:42:47','2020-06-30 09:42:47'),(36,'check_payment_description',1,NULL,'2020-06-30 09:42:47','2020-06-30 09:42:47'),(37,'storefront_copyright_text',1,'s:92:\"Copyright  <a href=\"{{ store_url }}\">{{ store_name }}</a> {{ year }}. All rights reserved.\";','2020-06-30 09:42:47','2020-06-30 15:43:58'),(38,'storefront_welcome_text',1,NULL,'2020-06-30 15:43:58','2020-06-30 15:43:58'),(39,'storefront_address',1,NULL,'2020-06-30 15:43:58','2020-06-30 15:43:58'),(40,'storefront_navbar_text',1,NULL,'2020-06-30 15:43:58','2020-06-30 15:43:58'),(41,'storefront_footer_menu_one_title',1,NULL,'2020-06-30 15:43:58','2020-06-30 15:43:58'),(42,'storefront_footer_menu_two_title',1,NULL,'2020-06-30 15:43:58','2020-06-30 15:43:58'),(43,'storefront_feature_1_title',1,NULL,'2020-06-30 15:43:58','2020-06-30 15:43:58'),(44,'storefront_feature_1_subtitle',1,NULL,'2020-06-30 15:43:58','2020-06-30 15:43:58'),(45,'storefront_feature_2_title',1,NULL,'2020-06-30 15:43:58','2020-06-30 15:43:58'),(46,'storefront_feature_2_subtitle',1,NULL,'2020-06-30 15:43:58','2020-06-30 15:43:58'),(47,'storefront_feature_3_title',1,NULL,'2020-06-30 15:43:58','2020-06-30 15:43:58'),(48,'storefront_feature_3_subtitle',1,NULL,'2020-06-30 15:43:58','2020-06-30 15:43:58'),(49,'storefront_feature_4_title',1,NULL,'2020-06-30 15:43:58','2020-06-30 15:43:58'),(50,'storefront_feature_4_subtitle',1,NULL,'2020-06-30 15:43:58','2020-06-30 15:43:58'),(51,'storefront_feature_5_title',1,NULL,'2020-06-30 15:43:58','2020-06-30 15:43:58'),(52,'storefront_feature_5_subtitle',1,NULL,'2020-06-30 15:43:58','2020-06-30 15:43:58'),(53,'storefront_product_page_banner_file_id',1,NULL,'2020-06-30 15:43:58','2020-06-30 15:43:58'),(54,'storefront_slider_banner_1_file_id',1,NULL,'2020-06-30 15:43:58','2020-06-30 15:43:58'),(55,'storefront_slider_banner_2_file_id',1,NULL,'2020-06-30 15:43:58','2020-06-30 15:43:58'),(56,'storefront_three_column_full_width_banners_1_file_id',1,NULL,'2020-06-30 15:43:58','2020-06-30 15:43:58'),(57,'storefront_three_column_full_width_banners_2_file_id',1,NULL,'2020-06-30 15:43:58','2020-06-30 15:43:58'),(58,'storefront_three_column_full_width_banners_3_file_id',1,NULL,'2020-06-30 15:43:58','2020-06-30 15:43:58'),(59,'storefront_featured_categories_section_title',1,NULL,'2020-06-30 15:43:58','2020-06-30 15:43:58'),(60,'storefront_featured_categories_section_subtitle',1,NULL,'2020-06-30 15:43:58','2020-06-30 15:43:58'),(61,'storefront_product_tabs_1_section_tab_1_title',1,NULL,'2020-06-30 15:43:58','2020-06-30 15:43:58'),(62,'storefront_product_tabs_1_section_tab_2_title',1,NULL,'2020-06-30 15:43:58','2020-06-30 15:43:58'),(63,'storefront_product_tabs_1_section_tab_3_title',1,NULL,'2020-06-30 15:43:58','2020-06-30 15:43:58'),(64,'storefront_product_tabs_1_section_tab_4_title',1,NULL,'2020-06-30 15:43:58','2020-06-30 15:43:58'),(65,'storefront_two_column_banners_1_file_id',1,NULL,'2020-06-30 15:43:58','2020-06-30 15:43:58'),(66,'storefront_two_column_banners_2_file_id',1,NULL,'2020-06-30 15:43:58','2020-06-30 15:43:58'),(67,'storefront_product_grid_section_tab_1_title',1,NULL,'2020-06-30 15:43:58','2020-06-30 15:43:58'),(68,'storefront_product_grid_section_tab_2_title',1,NULL,'2020-06-30 15:43:59','2020-06-30 15:43:59'),(69,'storefront_product_grid_section_tab_3_title',1,NULL,'2020-06-30 15:43:59','2020-06-30 15:43:59'),(70,'storefront_product_grid_section_tab_4_title',1,NULL,'2020-06-30 15:43:59','2020-06-30 15:43:59'),(71,'storefront_three_column_banners_1_file_id',1,NULL,'2020-06-30 15:43:59','2020-06-30 15:43:59'),(72,'storefront_three_column_banners_2_file_id',1,NULL,'2020-06-30 15:43:59','2020-06-30 15:43:59'),(73,'storefront_three_column_banners_3_file_id',1,NULL,'2020-06-30 15:43:59','2020-06-30 15:43:59'),(74,'storefront_product_tabs_2_section_title',1,NULL,'2020-06-30 15:43:59','2020-06-30 15:43:59'),(75,'storefront_product_tabs_2_section_tab_1_title',1,NULL,'2020-06-30 15:43:59','2020-06-30 15:43:59'),(76,'storefront_product_tabs_2_section_tab_2_title',1,NULL,'2020-06-30 15:43:59','2020-06-30 15:43:59'),(77,'storefront_product_tabs_2_section_tab_3_title',1,NULL,'2020-06-30 15:43:59','2020-06-30 15:43:59'),(78,'storefront_product_tabs_2_section_tab_4_title',1,NULL,'2020-06-30 15:43:59','2020-06-30 15:43:59'),(79,'storefront_one_column_banner_file_id',1,NULL,'2020-06-30 15:43:59','2020-06-30 15:43:59'),(80,'storefront_theme',0,'s:11:\"theme-black\";','2020-06-30 15:43:59','2020-06-30 15:43:59'),(81,'storefront_mail_theme',0,'s:10:\"theme-blue\";','2020-06-30 15:43:59','2020-06-30 15:43:59'),(82,'storefront_slider',0,'s:1:\"2\";','2020-06-30 15:43:59','2021-06-05 11:27:57'),(83,'storefront_terms_page',0,'s:1:\"5\";','2020-06-30 15:43:59','2021-06-03 18:56:41'),(84,'storefront_privacy_page',0,'s:1:\"6\";','2020-06-30 15:43:59','2020-12-27 22:43:06'),(85,'storefront_primary_menu',0,'s:1:\"3\";','2020-06-30 15:43:59','2021-06-04 11:49:02'),(86,'storefront_category_menu',0,'s:1:\"2\";','2020-06-30 15:43:59','2021-06-04 16:27:39'),(87,'storefront_footer_menu_one',0,'N;','2020-06-30 15:43:59','2021-06-04 14:28:25'),(88,'storefront_footer_menu_two',0,'s:1:\"2\";','2020-06-30 15:43:59','2021-06-04 14:28:25'),(89,'storefront_features_section_enabled',0,'s:1:\"1\";','2020-06-30 15:43:59','2020-11-28 02:59:32'),(90,'storefront_feature_1_icon',0,'s:11:\"fa fa-truck\";','2020-06-30 15:43:59','2020-11-28 02:59:32'),(91,'storefront_feature_2_icon',0,'s:9:\"fa fa-usd\";','2020-06-30 15:43:59','2020-11-28 02:59:32'),(92,'storefront_feature_3_icon',0,'s:11:\"fa fa-heart\";','2020-06-30 15:43:59','2020-11-28 02:59:32'),(93,'storefront_feature_4_icon',0,'s:16:\"fa fa-headphones\";','2020-06-30 15:43:59','2020-11-28 02:59:32'),(94,'storefront_feature_5_icon',0,'s:11:\"fa fa-money\";','2020-06-30 15:43:59','2020-11-28 02:59:32'),(95,'storefront_product_page_banner_call_to_action_url',0,'N;','2020-06-30 15:43:59','2020-11-28 03:21:48'),(96,'storefront_product_page_banner_open_in_new_window',0,'s:1:\"0\";','2020-06-30 15:43:59','2020-06-30 15:43:59'),(97,'storefront_facebook_link',0,'s:41:\"https://www.facebook.com/Modernpackagers/\";','2020-06-30 15:43:59','2020-12-16 20:24:13'),(98,'storefront_twitter_link',0,'N;','2020-06-30 15:43:59','2020-06-30 15:43:59'),(99,'storefront_instagram_link',0,'s:42:\"https://www.instagram.com/modernpackagers/\";','2020-06-30 15:43:59','2020-12-16 20:24:13'),(100,'storefront_youtube_link',0,'N;','2020-06-30 15:43:59','2020-06-30 15:43:59'),(101,'storefront_slider_banner_1_call_to_action_url',0,'N;','2020-06-30 15:43:59','2020-11-28 03:21:49'),(102,'storefront_slider_banner_1_open_in_new_window',0,'s:1:\"0\";','2020-06-30 15:43:59','2020-11-28 03:21:49'),(103,'storefront_slider_banner_2_call_to_action_url',0,'N;','2020-06-30 15:43:59','2020-11-28 03:21:49'),(104,'storefront_slider_banner_2_open_in_new_window',0,'s:1:\"0\";','2020-06-30 15:43:59','2020-11-28 03:21:49'),(105,'storefront_three_column_full_width_banners_enabled',0,'s:1:\"0\";','2020-06-30 15:43:59','2021-06-04 12:50:19'),(106,'storefront_three_column_full_width_banners_1_call_to_action_url',0,'N;','2020-06-30 15:43:59','2020-11-28 03:21:49'),(107,'storefront_three_column_full_width_banners_1_open_in_new_window',0,'s:1:\"0\";','2020-06-30 15:43:59','2020-11-28 03:21:49'),(108,'storefront_three_column_full_width_banners_2_call_to_action_url',0,'N;','2020-06-30 15:43:59','2020-11-28 03:21:49'),(109,'storefront_three_column_full_width_banners_2_open_in_new_window',0,'s:1:\"0\";','2020-06-30 15:43:59','2020-11-28 03:21:49'),(110,'storefront_three_column_full_width_banners_3_call_to_action_url',0,'N;','2020-06-30 15:43:59','2020-11-28 03:21:49'),(111,'storefront_three_column_full_width_banners_3_open_in_new_window',0,'s:1:\"0\";','2020-06-30 15:43:59','2020-11-28 03:21:49'),(112,'storefront_featured_categories_section_enabled',0,'s:1:\"1\";','2020-06-30 15:43:59','2020-11-28 03:14:14'),(113,'storefront_featured_categories_section_category_1_category_id',0,'s:1:\"2\";','2020-06-30 15:43:59','2020-11-28 03:18:31'),(114,'storefront_featured_categories_section_category_1_product_type',0,'s:17:\"category_products\";','2020-06-30 15:43:59','2021-06-10 13:28:37'),(115,'storefront_featured_categories_section_category_1_products_limit',0,'N;','2020-06-30 15:43:59','2020-06-30 15:43:59'),(116,'storefront_featured_categories_section_category_2_category_id',0,'s:2:\"36\";','2020-06-30 15:43:59','2021-06-10 12:01:10'),(117,'storefront_featured_categories_section_category_2_product_type',0,'s:17:\"category_products\";','2020-06-30 15:43:59','2020-11-28 03:18:31'),(118,'storefront_featured_categories_section_category_2_products_limit',0,'N;','2020-06-30 15:43:59','2020-06-30 15:43:59'),(119,'storefront_featured_categories_section_category_3_category_id',0,'s:2:\"19\";','2020-06-30 15:43:59','2020-11-28 03:18:31'),(120,'storefront_featured_categories_section_category_3_product_type',0,'s:17:\"category_products\";','2020-06-30 15:43:59','2020-11-28 03:18:31'),(121,'storefront_featured_categories_section_category_3_products_limit',0,'N;','2020-06-30 15:43:59','2020-06-30 15:43:59'),(122,'storefront_featured_categories_section_category_4_category_id',0,'s:2:\"22\";','2020-06-30 15:43:59','2020-11-28 03:18:31'),(123,'storefront_featured_categories_section_category_4_product_type',0,'s:17:\"category_products\";','2020-06-30 15:43:59','2020-11-28 03:18:31'),(124,'storefront_featured_categories_section_category_4_products_limit',0,'N;','2020-06-30 15:43:59','2020-06-30 15:43:59'),(125,'storefront_featured_categories_section_category_5_category_id',0,'s:2:\"15\";','2020-06-30 15:43:59','2021-06-03 19:12:08'),(126,'storefront_featured_categories_section_category_5_product_type',0,'s:17:\"category_products\";','2020-06-30 15:43:59','2020-11-28 03:18:31'),(127,'storefront_featured_categories_section_category_5_products_limit',0,'N;','2020-06-30 15:43:59','2020-06-30 15:43:59'),(128,'storefront_featured_categories_section_category_6_category_id',0,'s:2:\"16\";','2020-06-30 15:43:59','2020-11-28 03:18:31'),(129,'storefront_featured_categories_section_category_6_product_type',0,'s:17:\"category_products\";','2020-06-30 15:43:59','2020-11-28 03:18:31'),(130,'storefront_featured_categories_section_category_6_products_limit',0,'N;','2020-06-30 15:43:59','2020-06-30 15:43:59'),(131,'storefront_product_tabs_1_section_enabled',0,'s:1:\"1\";','2020-06-30 15:43:59','2020-11-28 03:20:47'),(132,'storefront_product_tabs_1_section_tab_1_product_type',0,'s:17:\"category_products\";','2020-06-30 15:43:59','2021-06-03 20:01:45'),(133,'storefront_product_tabs_1_section_tab_1_category_id',0,'s:1:\"2\";','2020-06-30 15:43:59','2020-11-28 03:20:47'),(134,'storefront_product_tabs_1_section_tab_1_products_limit',0,'s:2:\"50\";','2020-06-30 15:43:59','2021-06-03 19:56:03'),(135,'storefront_product_tabs_1_section_tab_2_product_type',0,'s:17:\"category_products\";','2020-06-30 15:43:59','2020-11-28 03:20:47'),(136,'storefront_product_tabs_1_section_tab_2_category_id',0,'s:2:\"36\";','2020-06-30 15:43:59','2021-06-10 11:58:33'),(137,'storefront_product_tabs_1_section_tab_2_products_limit',0,'N;','2020-06-30 15:43:59','2020-06-30 15:43:59'),(138,'storefront_product_tabs_1_section_tab_3_product_type',0,'s:17:\"category_products\";','2020-06-30 15:43:59','2020-11-28 03:20:48'),(139,'storefront_product_tabs_1_section_tab_3_category_id',0,'s:2:\"19\";','2020-06-30 15:43:59','2020-11-28 03:20:48'),(140,'storefront_product_tabs_1_section_tab_3_products_limit',0,'N;','2020-06-30 15:43:59','2020-06-30 15:43:59'),(141,'storefront_product_tabs_1_section_tab_4_product_type',0,'s:17:\"category_products\";','2020-06-30 15:43:59','2020-11-28 03:20:48'),(142,'storefront_product_tabs_1_section_tab_4_category_id',0,'s:2:\"22\";','2020-06-30 15:43:59','2020-11-28 03:20:48'),(143,'storefront_product_tabs_1_section_tab_4_products_limit',0,'N;','2020-06-30 15:43:59','2020-06-30 15:43:59'),(144,'storefront_top_brands_section_enabled',0,'s:1:\"0\";','2020-06-30 15:43:59','2021-06-09 15:48:05'),(145,'storefront_flash_sale_and_vertical_products_section_enabled',0,'s:1:\"1\";','2020-06-30 15:43:59','2020-11-28 03:22:50'),(146,'storefront_flash_sale_title',0,'s:17:\"Best <b>Deals</b>\";','2020-06-30 15:43:59','2020-11-28 03:22:50'),(147,'storefront_active_flash_sale_campaign',0,'s:1:\"1\";','2020-06-30 15:43:59','2020-11-28 03:22:50'),(148,'storefront_vertical_products_1_title',0,'s:15:\"Universal Boxes\";','2020-06-30 15:43:59','2020-11-28 03:22:50'),(149,'storefront_vertical_products_1_product_type',0,'s:17:\"category_products\";','2020-06-30 15:43:59','2020-11-28 03:22:50'),(150,'storefront_vertical_products_1_category_id',0,'N;','2020-06-30 15:43:59','2021-06-18 13:51:21'),(151,'storefront_vertical_products_1_products_limit',0,'N;','2020-06-30 15:43:59','2020-06-30 15:43:59'),(152,'storefront_vertical_products_2_title',0,'s:10:\"Bakery Box\";','2020-06-30 15:43:59','2021-06-10 13:33:02'),(153,'storefront_vertical_products_2_product_type',0,'s:17:\"category_products\";','2020-06-30 15:43:59','2020-11-28 03:22:50'),(154,'storefront_vertical_products_2_category_id',0,'s:2:\"36\";','2020-06-30 15:43:59','2021-06-10 13:33:02'),(155,'storefront_vertical_products_2_products_limit',0,'N;','2020-06-30 15:44:00','2020-06-30 15:44:00'),(156,'storefront_vertical_products_3_title',0,'s:10:\"Carry Bags\";','2020-06-30 15:44:00','2021-06-03 20:04:24'),(157,'storefront_vertical_products_3_product_type',0,'s:17:\"category_products\";','2020-06-30 15:44:00','2020-11-28 03:22:50'),(158,'storefront_vertical_products_3_category_id',0,'s:2:\"15\";','2020-06-30 15:44:00','2021-06-03 20:04:24'),(159,'storefront_vertical_products_3_products_limit',0,'N;','2020-06-30 15:44:00','2020-06-30 15:44:00'),(160,'storefront_two_column_banners_enabled',0,'s:1:\"1\";','2020-06-30 15:44:00','2020-11-28 04:12:29'),(161,'storefront_two_column_banners_1_call_to_action_url',0,'N;','2020-06-30 15:44:00','2020-11-28 03:21:49'),(162,'storefront_two_column_banners_1_open_in_new_window',0,'s:1:\"0\";','2020-06-30 15:44:00','2020-11-28 03:21:49'),(163,'storefront_two_column_banners_2_call_to_action_url',0,'s:43:\"https://www.youtube.com/watch?v=zkNOAgsV160\";','2020-06-30 15:44:00','2021-06-22 12:40:02'),(164,'storefront_two_column_banners_2_open_in_new_window',0,'s:1:\"0\";','2020-06-30 15:44:00','2020-11-28 03:21:49'),(165,'storefront_product_grid_section_enabled',0,'s:1:\"1\";','2020-06-30 15:44:00','2020-10-23 17:24:09'),(166,'storefront_product_grid_section_tab_1_product_type',0,'s:17:\"category_products\";','2020-06-30 15:44:00','2020-10-23 17:23:57'),(167,'storefront_product_grid_section_tab_1_category_id',0,'s:2:\"26\";','2020-06-30 15:44:00','2020-11-28 03:25:29'),(168,'storefront_product_grid_section_tab_1_products_limit',0,'N;','2020-06-30 15:44:00','2020-06-30 15:44:00'),(169,'storefront_product_grid_section_tab_2_product_type',0,'s:17:\"category_products\";','2020-06-30 15:44:00','2020-11-28 03:25:29'),(170,'storefront_product_grid_section_tab_2_category_id',0,'s:2:\"41\";','2020-06-30 15:44:00','2021-06-10 15:55:44'),(171,'storefront_product_grid_section_tab_2_products_limit',0,'N;','2020-06-30 15:44:00','2020-06-30 15:44:00'),(172,'storefront_product_grid_section_tab_3_product_type',0,'s:17:\"category_products\";','2020-06-30 15:44:00','2020-11-28 03:25:29'),(173,'storefront_product_grid_section_tab_3_category_id',0,'s:2:\"11\";','2020-06-30 15:44:00','2020-11-28 03:25:29'),(174,'storefront_product_grid_section_tab_3_products_limit',0,'N;','2020-06-30 15:44:00','2020-06-30 15:44:00'),(175,'storefront_product_grid_section_tab_4_product_type',0,'s:17:\"category_products\";','2020-06-30 15:44:00','2020-11-28 03:25:29'),(176,'storefront_product_grid_section_tab_4_category_id',0,'s:2:\"12\";','2020-06-30 15:44:00','2020-11-28 03:25:29'),(177,'storefront_product_grid_section_tab_4_products_limit',0,'N;','2020-06-30 15:44:00','2020-06-30 15:44:00'),(178,'storefront_three_column_banners_enabled',0,'s:1:\"1\";','2020-06-30 15:44:00','2020-11-28 04:13:43'),(179,'storefront_three_column_banners_1_call_to_action_url',0,'N;','2020-06-30 15:44:00','2020-06-30 15:44:00'),(180,'storefront_three_column_banners_1_open_in_new_window',0,'s:1:\"0\";','2020-06-30 15:44:00','2020-06-30 15:44:00'),(181,'storefront_three_column_banners_2_call_to_action_url',0,'N;','2020-06-30 15:44:00','2020-11-28 03:21:50'),(182,'storefront_three_column_banners_2_open_in_new_window',0,'s:1:\"0\";','2020-06-30 15:44:00','2020-11-28 03:21:50'),(183,'storefront_three_column_banners_3_call_to_action_url',0,'N;','2020-06-30 15:44:00','2020-11-28 03:21:50'),(184,'storefront_three_column_banners_3_open_in_new_window',0,'s:1:\"0\";','2020-06-30 15:44:00','2020-11-28 03:21:50'),(185,'storefront_product_tabs_2_section_enabled',0,'s:1:\"1\";','2020-06-30 15:44:00','2020-11-28 03:27:44'),(186,'storefront_product_tabs_2_section_tab_1_product_type',0,'s:15:\"latest_products\";','2020-06-30 15:44:00','2020-11-28 03:27:44'),(187,'storefront_product_tabs_2_section_tab_1_category_id',0,'N;','2020-06-30 15:44:00','2020-06-30 15:44:00'),(188,'storefront_product_tabs_2_section_tab_1_products_limit',0,'s:2:\"20\";','2020-06-30 15:44:00','2021-06-03 20:05:49'),(189,'storefront_product_tabs_2_section_tab_2_product_type',0,'s:24:\"recently_viewed_products\";','2020-06-30 15:44:00','2020-11-28 03:27:44'),(190,'storefront_product_tabs_2_section_tab_2_category_id',0,'N;','2020-06-30 15:44:00','2020-06-30 15:44:00'),(191,'storefront_product_tabs_2_section_tab_2_products_limit',0,'s:2:\"20\";','2020-06-30 15:44:00','2021-06-03 20:05:49'),(192,'storefront_product_tabs_2_section_tab_3_product_type',0,'s:17:\"category_products\";','2020-06-30 15:44:00','2020-11-28 03:27:44'),(193,'storefront_product_tabs_2_section_tab_3_category_id',0,'N;','2020-06-30 15:44:00','2021-06-10 11:58:33'),(194,'storefront_product_tabs_2_section_tab_3_products_limit',0,'N;','2020-06-30 15:44:00','2020-06-30 15:44:00'),(195,'storefront_product_tabs_2_section_tab_4_product_type',0,'s:17:\"category_products\";','2020-06-30 15:44:00','2020-11-28 03:27:44'),(196,'storefront_product_tabs_2_section_tab_4_category_id',0,'s:2:\"14\";','2020-06-30 15:44:00','2020-11-28 03:27:44'),(197,'storefront_product_tabs_2_section_tab_4_products_limit',0,'N;','2020-06-30 15:44:00','2020-06-30 15:44:00'),(198,'storefront_one_column_banner_enabled',0,'s:1:\"1\";','2020-06-30 15:44:00','2020-11-28 04:14:35'),(199,'storefront_one_column_banner_call_to_action_url',0,'N;','2020-06-30 15:44:00','2020-11-28 03:21:50'),(200,'storefront_one_column_banner_open_in_new_window',0,'s:1:\"0\";','2020-06-30 15:44:00','2020-11-28 03:21:50'),(201,'storefront_footer_tags',0,'N;','2020-06-30 15:44:00','2020-06-30 15:44:00'),(202,'storefront_featured_categories_section_category_1_products',0,'N;','2020-06-30 15:44:00','2021-06-10 13:28:37'),(203,'storefront_featured_categories_section_category_2_products',0,'N;','2020-06-30 15:44:00','2020-06-30 15:44:00'),(204,'storefront_featured_categories_section_category_3_products',0,'N;','2020-06-30 15:44:00','2020-06-30 15:44:00'),(205,'storefront_featured_categories_section_category_4_products',0,'N;','2020-06-30 15:44:00','2020-06-30 15:44:00'),(206,'storefront_featured_categories_section_category_5_products',0,'N;','2020-06-30 15:44:00','2020-06-30 15:44:00'),(207,'storefront_featured_categories_section_category_6_products',0,'N;','2020-06-30 15:44:00','2020-06-30 15:44:00'),(208,'storefront_product_tabs_1_section_tab_1_products',0,'N;','2020-06-30 15:44:00','2020-06-30 15:44:00'),(209,'storefront_product_tabs_1_section_tab_2_products',0,'N;','2020-06-30 15:44:00','2020-06-30 15:44:00'),(210,'storefront_product_tabs_1_section_tab_3_products',0,'N;','2020-06-30 15:44:00','2020-06-30 15:44:00'),(211,'storefront_product_tabs_1_section_tab_4_products',0,'N;','2020-06-30 15:44:00','2020-06-30 15:44:00'),(212,'storefront_top_brands',0,'N;','2020-06-30 15:44:00','2020-06-30 15:44:00'),(213,'storefront_vertical_products_1_products',0,'N;','2020-06-30 15:44:00','2020-06-30 15:44:00'),(214,'storefront_vertical_products_2_products',0,'N;','2020-06-30 15:44:00','2020-06-30 15:44:00'),(215,'storefront_vertical_products_3_products',0,'N;','2020-06-30 15:44:00','2020-06-30 15:44:00'),(216,'storefront_product_grid_section_tab_1_products',0,'N;','2020-06-30 15:44:00','2020-06-30 15:44:00'),(217,'storefront_product_grid_section_tab_2_products',0,'N;','2020-06-30 15:44:00','2020-06-30 15:44:00'),(218,'storefront_product_grid_section_tab_3_products',0,'N;','2020-06-30 15:44:00','2020-06-30 15:44:00'),(219,'storefront_product_grid_section_tab_4_products',0,'N;','2020-06-30 15:44:00','2020-06-30 15:44:00'),(220,'storefront_product_tabs_2_section_tab_1_products',0,'N;','2020-06-30 15:44:00','2020-06-30 15:44:00'),(221,'storefront_product_tabs_2_section_tab_2_products',0,'N;','2020-06-30 15:44:00','2020-06-30 15:44:00'),(222,'storefront_product_tabs_2_section_tab_3_products',0,'N;','2020-06-30 15:44:00','2020-06-30 15:44:00'),(223,'storefront_product_tabs_2_section_tab_4_products',0,'N;','2020-06-30 15:44:00','2020-06-30 15:44:00'),(224,'storefront_header_logo',1,NULL,'2020-06-30 15:44:45','2020-06-30 15:44:45'),(225,'welcome_email',0,'s:1:\"1\";','2020-07-31 03:08:34','2020-09-30 13:31:11'),(226,'admin_order_email',0,'s:1:\"1\";','2020-07-31 03:08:34','2020-09-30 13:31:11'),(227,'order_status_email',0,'s:1:\"1\";','2020-07-31 03:08:34','2020-09-30 13:31:11'),(228,'invoice_email',0,'s:1:\"1\";','2020-07-31 03:08:34','2020-09-30 13:31:11'),(229,'maintenance_mode',0,'s:1:\"0\";','2020-07-31 03:08:34','2020-07-31 03:08:34'),(230,'allowed_ips',0,'N;','2020-07-31 03:08:34','2020-07-31 03:08:34'),(231,'store_tagline',1,NULL,'2020-07-31 03:08:34','2020-07-31 03:08:34'),(232,'bank_transfer_instructions',1,NULL,'2020-07-31 03:08:34','2020-07-31 03:08:34'),(233,'check_payment_instructions',1,NULL,'2020-07-31 03:08:34','2020-07-31 03:08:34'),(234,'store_phone',0,'s:14:\"+91 9877599764\";','2020-07-31 03:08:34','2021-06-30 00:55:31'),(235,'store_address_1',0,'s:12:\"Plot no 3136\";','2020-07-31 03:08:34','2020-09-30 13:55:36'),(236,'store_address_2',0,'s:24:\"Phase 2, Industrial Area\";','2020-07-31 03:08:34','2020-09-30 13:55:36'),(237,'store_city',0,'s:10:\"Chandigarh\";','2020-07-31 03:08:34','2020-09-30 13:55:36'),(238,'store_country',0,'s:2:\"IN\";','2020-07-31 03:08:34','2020-07-31 02:39:25'),(239,'store_state',0,'s:2:\"CH\";','2020-07-31 03:08:34','2020-09-30 13:55:36'),(240,'store_zip',0,'s:6:\"160002\";','2020-07-31 03:08:34','2020-09-30 13:55:36'),(241,'currency_rate_exchange_service',0,'N;','2020-07-31 03:08:34','2020-07-31 03:08:34'),(242,'fixer_access_key',0,'s:10:\"Passit123@\";','2020-07-31 03:08:34','2021-05-17 18:37:19'),(243,'forge_api_key',0,'N;','2020-07-31 03:08:34','2020-07-31 03:08:34'),(244,'currency_data_feed_api_key',0,'N;','2020-07-31 03:08:34','2020-07-31 03:08:34'),(245,'auto_refresh_currency_rates',0,'s:1:\"0\";','2020-07-31 03:08:34','2020-07-31 03:08:34'),(246,'auto_refresh_currency_rate_frequency',0,'s:5:\"daily\";','2020-07-31 03:08:34','2020-07-31 03:08:34'),(247,'mail_from_address',0,'s:25:\"orders@modernpackagers.in\";','2020-07-31 03:08:34','2021-05-08 18:56:03'),(248,'mail_from_name',0,'s:15:\"ModernPackagers\";','2020-07-31 03:08:34','2020-10-13 03:20:49'),(249,'mail_host',0,'s:24:\"smtpout.secureserver.net\";','2020-07-31 03:08:34','2021-12-12 17:08:20'),(250,'mail_port',0,'s:3:\"465\";','2020-07-31 03:08:34','2021-06-07 16:46:19'),(251,'mail_username',0,'s:25:\"orders@modernpackagers.in\";','2020-07-31 03:08:35','2021-05-08 18:56:03'),(252,'mail_password',0,'s:11:\"Modern@1956\";','2020-07-31 03:08:35','2021-12-12 17:08:20'),(253,'mail_encryption',0,'s:3:\"ssl\";','2020-07-31 03:08:35','2021-06-07 16:46:19'),(254,'mailchimp_api_key',0,'s:36:\"ca1d4c16b713b3ca57e03c01a727e7b8-us1\";','2020-07-31 03:08:35','2021-05-08 20:03:29'),(255,'mailchimp_list_id',0,'s:10:\"e2deb9d520\";','2020-07-31 03:08:35','2021-05-08 20:03:29'),(256,'custom_header_assets',0,'s:917:\"<link href=\"https://maxcdn.bootstrapcdn.com/font-awesome/4.1.0/css/font-awesome.min.css\" rel=\"stylesheet\">\r\n\r\n\r\n<style>\r\n\r\n.home-slider.slick-initialized .slide .slide-content .btn-slider{\r\nbackground: #000;\r\n/*margin-top: -2em;*/\r\n}\r\n\r\n\r\n.custom-page-content p {\r\n    color: #000;\r\n}\r\n\r\ndiv#company-profile {\r\n    width: 80%;\r\n    margin: auto;\r\n    padding: 0 0 0 9em;\r\n}\r\n\r\nh2.mgt-profile {\r\n    text-align: center;\r\n}\r\n\r\n.profile-lists li{\r\ncolor: #000 !important;\r\nfont-weight: 400;\r\n}\r\n\r\np.custom-page-head {\r\n    font-size: 1.5em;\r\n    margin-bottom: 10px;\r\n    margin-top: 10px;\r\n}\r\n\r\n.custom-page-inner {\r\n    margin: 15px 0px;\r\n}\r\n\r\n.contact-form-left{\r\npadding-left: 20px !important;\r\npadding-right: 20px !important;\r\n}\r\n\r\n@media(max-width:768px){\r\ndiv#company-profile{\r\npadding: 0px;\r\n}\r\n}\r\n\r\n@media (min-width: 992px){\r\n.footer-top .row .col-lg-5 {\r\n    flex: 0 0 25.777778% !important;\r\n}\r\n}\r\n\r\n</style>\";','2020-07-31 03:08:35','2020-12-22 19:16:47'),(257,'custom_footer_assets',0,'N;','2020-07-31 03:08:35','2020-07-31 03:08:35'),(258,'facebook_login_enabled',0,'s:1:\"1\";','2020-07-31 03:08:35','2020-12-19 15:30:09'),(259,'facebook_login_app_id',0,'s:15:\"153797566690290\";','2020-07-31 03:08:35','2021-05-02 16:32:44'),(260,'facebook_login_app_secret',0,'s:32:\"2e4633092f8c90174186cd97fed4e028\";','2020-07-31 03:08:35','2021-05-02 16:32:44'),(261,'google_login_enabled',0,'s:1:\"1\";','2020-07-31 03:08:35','2020-12-19 15:20:07'),(262,'google_login_client_id',0,'s:72:\"304320610242-1d6jtbp8vkjrfbted4932qt3j6srrg8v.apps.googleusercontent.com\";','2020-07-31 03:08:35','2021-05-02 15:52:29'),(263,'google_login_client_secret',0,'s:24:\"HSZDNlpFMVzVoRLvH06kLsXr\";','2020-07-31 03:08:35','2021-05-02 15:52:30'),(264,'free_shipping_enabled',0,'s:1:\"1\";','2020-07-31 03:08:35','2020-10-12 17:06:35'),(265,'free_shipping_min_amount',0,'s:4:\"2000\";','2020-07-31 03:08:35','2021-10-31 00:21:19'),(266,'local_pickup_enabled',0,'s:1:\"1\";','2020-07-31 03:08:35','2021-03-23 15:06:26'),(267,'flat_rate_enabled',0,'s:1:\"1\";','2020-07-31 03:08:35','2021-03-23 15:06:15'),(268,'paypal_enabled',0,'s:1:\"0\";','2020-07-31 03:08:35','2020-07-31 03:08:35'),(269,'paypal_test_mode',0,'s:1:\"0\";','2020-07-31 03:08:35','2020-07-31 03:08:35'),(270,'paypal_client_id',0,'N;','2020-07-31 03:08:35','2020-07-31 03:08:35'),(271,'paypal_secret',0,'N;','2020-07-31 03:08:35','2020-07-31 03:08:35'),(272,'stripe_enabled',0,'s:1:\"0\";','2020-07-31 03:08:35','2020-07-31 03:08:35'),(273,'stripe_publishable_key',0,'N;','2020-07-31 03:08:35','2020-07-31 03:08:35'),(274,'stripe_secret_key',0,'N;','2020-07-31 03:08:35','2020-07-31 03:08:35'),(275,'instamojo_enabled',0,'s:1:\"0\";','2020-07-31 03:08:35','2021-01-22 12:52:15'),(276,'instamojo_test_mode',0,'s:1:\"1\";','2020-07-31 03:08:35','2020-09-30 13:30:46'),(277,'instamojo_api_key',0,'s:32:\"test_59f12d0515f10b5a9e2dc61a114\";','2020-07-31 03:08:35','2020-10-12 17:16:07'),(278,'instamojo_auth_token',0,'s:32:\"test_3c03d43ac6c986dfa048685d2a4\";','2020-07-31 03:08:35','2020-10-12 17:16:07'),(279,'cod_enabled',0,'s:1:\"1\";','2020-07-31 03:08:35','2021-12-05 14:32:22'),(280,'bank_transfer_enabled',0,'s:1:\"1\";','2020-07-31 03:08:35','2020-09-30 14:01:21'),(281,'check_payment_enabled',0,'s:1:\"0\";','2020-07-31 03:08:35','2020-07-31 03:08:35'),(282,'undefined',0,'N;','2020-08-24 04:47:51','2020-08-24 04:47:51'),(283,'storefront_three_column_full_width_banners_background_file_id',0,'N;','2020-08-24 04:49:41','2021-06-04 12:51:46'),(284,'storefront_accepted_payment_methods_image',0,'s:3:\"444\";','2020-09-30 14:06:25','2021-06-03 18:40:23'),(285,'storefront_theme_color',0,'s:3:\"red\";','2020-11-28 03:21:48','2021-06-03 18:14:05'),(286,'storefront_custom_theme_color',0,'s:7:\"#000000\";','2020-11-28 03:21:48','2020-11-28 03:21:48'),(287,'storefront_mail_theme_color',0,'s:3:\"red\";','2020-11-28 03:21:48','2021-06-03 18:14:05'),(288,'storefront_custom_mail_theme_color',0,'s:7:\"#000000\";','2020-11-28 03:21:48','2020-11-28 03:21:48'),(289,'razorpay_label',1,NULL,'2020-12-19 01:14:27','2020-12-19 01:14:27'),(290,'razorpay_description',1,NULL,'2020-12-19 01:14:27','2020-12-19 01:14:27'),(291,'razorpay_enabled',0,'s:1:\"1\";','2020-12-19 01:14:28','2021-01-12 19:01:21'),(292,'razorpay_key_id',0,'s:23:\"rzp_live_Te4gYrRj4pMHsi\";','2020-12-19 01:14:28','2021-01-12 19:01:21'),(293,'razorpay_key_secret',0,'s:24:\"uaDpZkVWXuhQsob1ShCYIa8B\";','2020-12-19 01:14:28','2021-01-12 19:01:21'),(294,'storefront_mail_logo',1,NULL,'2021-06-03 18:06:09','2021-06-03 18:06:09'),(295,'storefront_favicon',0,'s:3:\"485\";','2021-06-03 18:06:09','2021-06-08 11:05:27'),(296,'storefront_newsletter_bg_image',0,'s:3:\"452\";','2021-06-04 11:28:30','2021-06-04 11:47:09');
/*!40000 ALTER TABLE `settings` ENABLE KEYS */;
UNLOCK TABLES;

--
-- Table structure for table `slider_slide_translations`
--

DROP TABLE IF EXISTS `slider_slide_translations`;
/*!40101 SET @saved_cs_client     = @@character_set_client */;
/*!40101 SET character_set_client = utf8 */;
CREATE TABLE `slider_slide_translations` (
  `id` int(10) unsigned NOT NULL AUTO_INCREMENT,
  `slider_slide_id` int(10) unsigned NOT NULL,
  `locale` varchar(191) COLLATE utf8mb4_unicode_ci NOT NULL,
  `file_id` int(10) unsigned DEFAULT NULL,
  `caption_1` varchar(191) COLLATE utf8mb4_unicode_ci DEFAULT NULL,
  `caption_2` varchar(191) COLLATE utf8mb4_unicode_ci DEFAULT NULL,
  `call_to_action_text` varchar(191) COLLATE utf8mb4_unicode_ci DEFAULT NULL,
  `direction` varchar(191) COLLATE utf8mb4_unicode_ci DEFAULT NULL,
  PRIMARY KEY (`id`),
  UNIQUE KEY `slider_slide_translations_slider_slide_id_locale_unique` (`slider_slide_id`,`locale`),
  CONSTRAINT `slider_slide_translations_slider_slide_id_foreign` FOREIGN KEY (`slider_slide_id`) REFERENCES `slider_slides` (`id`) ON DELETE CASCADE
) ENGINE=InnoDB AUTO_INCREMENT=9 DEFAULT CHARSET=utf8mb4 COLLATE=utf8mb4_unicode_ci;
/*!40101 SET character_set_client = @saved_cs_client */;

--
-- Dumping data for table `slider_slide_translations`
--

LOCK TABLES `slider_slide_translations` WRITE;
/*!40000 ALTER TABLE `slider_slide_translations` DISABLE KEYS */;
INSERT INTO `slider_slide_translations` VALUES (4,4,'en',491,NULL,NULL,'Buy Now','right'),(6,6,'en',NULL,NULL,NULL,NULL,'left'),(7,7,'en',498,NULL,NULL,'Get Quote','right'),(8,8,'en',474,NULL,NULL,'Contact Us','left');
/*!40000 ALTER TABLE `slider_slide_translations` ENABLE KEYS */;
UNLOCK TABLES;

--
-- Table structure for table `slider_slides`
--

DROP TABLE IF EXISTS `slider_slides`;
/*!40101 SET @saved_cs_client     = @@character_set_client */;
/*!40101 SET character_set_client = utf8 */;
CREATE TABLE `slider_slides` (
  `id` int(10) unsigned NOT NULL AUTO_INCREMENT,
  `slider_id` int(10) unsigned NOT NULL,
  `options` text COLLATE utf8mb4_unicode_ci DEFAULT NULL,
  `call_to_action_url` varchar(191) COLLATE utf8mb4_unicode_ci DEFAULT NULL,
  `open_in_new_window` tinyint(1) DEFAULT NULL,
  `position` int(11) DEFAULT NULL,
  `created_at` timestamp NULL DEFAULT NULL,
  `updated_at` timestamp NULL DEFAULT NULL,
  PRIMARY KEY (`id`),
  KEY `slider_slides_slider_id_foreign` (`slider_id`),
  CONSTRAINT `slider_slides_slider_id_foreign` FOREIGN KEY (`slider_id`) REFERENCES `sliders` (`id`) ON DELETE CASCADE
) ENGINE=InnoDB AUTO_INCREMENT=9 DEFAULT CHARSET=utf8mb4 COLLATE=utf8mb4_unicode_ci;
/*!40101 SET character_set_client = @saved_cs_client */;

--
-- Dumping data for table `slider_slides`
--

LOCK TABLES `slider_slides` WRITE;
/*!40000 ALTER TABLE `slider_slides` DISABLE KEYS */;
INSERT INTO `slider_slides` VALUES (4,2,'{\"caption_1\":{\"delay\":null,\"effect\":\"fadeInUp\"},\"caption_2\":{\"delay\":null,\"effect\":\"fadeInUp\"},\"call_to_action\":{\"delay\":null,\"effect\":\"fadeInUp\"}}','https://modernpackagers.in/categories',0,0,'2021-06-04 12:19:44','2021-06-10 12:09:05'),(6,3,'{\"caption_1\":{\"delay\":null,\"effect\":\"fadeInUp\"},\"caption_2\":{\"delay\":null,\"effect\":\"fadeInUp\"},\"call_to_action\":{\"delay\":null,\"effect\":\"fadeInUp\"}}',NULL,1,0,'2021-06-04 12:29:38','2021-06-04 12:29:38'),(7,2,'{\"caption_1\":{\"delay\":null,\"effect\":\"fadeInUp\"},\"caption_2\":{\"delay\":null,\"effect\":\"fadeInUp\"},\"call_to_action\":{\"delay\":null,\"effect\":\"fadeInUp\"}}','https://docs.google.com/forms/d/e/1FAIpQLSfaFL2JoErF0KUlY_k3yZ3zOLlmM5n_VEAH_DmD7s4m2fHAkw/viewform?usp=sf_link',1,1,'2021-06-07 15:15:05','2021-06-21 20:26:45'),(8,2,'{\"caption_1\":{\"delay\":null,\"effect\":\"fadeInUp\"},\"caption_2\":{\"delay\":null,\"effect\":\"fadeInUp\"},\"call_to_action\":{\"delay\":null,\"effect\":\"fadeInUp\"}}','https://docs.google.com/forms/d/e/1FAIpQLSeGD9_WfyX0BsvUJtlM-8jlXVASG60jUiOaFDSotjmBzr-aZA/viewform?usp=sf_link',1,2,'2021-06-08 16:27:01','2021-06-21 20:26:45');
/*!40000 ALTER TABLE `slider_slides` ENABLE KEYS */;
UNLOCK TABLES;

--
-- Table structure for table `slider_translations`
--

DROP TABLE IF EXISTS `slider_translations`;
/*!40101 SET @saved_cs_client     = @@character_set_client */;
/*!40101 SET character_set_client = utf8 */;
CREATE TABLE `slider_translations` (
  `id` int(10) unsigned NOT NULL AUTO_INCREMENT,
  `slider_id` int(10) unsigned NOT NULL,
  `locale` varchar(191) COLLATE utf8mb4_unicode_ci NOT NULL,
  `name` varchar(191) COLLATE utf8mb4_unicode_ci NOT NULL,
  PRIMARY KEY (`id`),
  UNIQUE KEY `slider_translations_slider_id_locale_unique` (`slider_id`,`locale`),
  CONSTRAINT `slider_translations_slider_id_foreign` FOREIGN KEY (`slider_id`) REFERENCES `sliders` (`id`) ON DELETE CASCADE
) ENGINE=InnoDB AUTO_INCREMENT=4 DEFAULT CHARSET=utf8mb4 COLLATE=utf8mb4_unicode_ci;
/*!40101 SET character_set_client = @saved_cs_client */;

--
-- Dumping data for table `slider_translations`
--

LOCK TABLES `slider_translations` WRITE;
/*!40000 ALTER TABLE `slider_translations` DISABLE KEYS */;
INSERT INTO `slider_translations` VALUES (2,2,'en','Hader'),(3,3,'en','Right side');
/*!40000 ALTER TABLE `slider_translations` ENABLE KEYS */;
UNLOCK TABLES;

--
-- Table structure for table `sliders`
--

DROP TABLE IF EXISTS `sliders`;
/*!40101 SET @saved_cs_client     = @@character_set_client */;
/*!40101 SET character_set_client = utf8 */;
CREATE TABLE `sliders` (
  `id` int(10) unsigned NOT NULL AUTO_INCREMENT,
  `speed` int(11) DEFAULT NULL,
  `autoplay` tinyint(1) DEFAULT NULL,
  `autoplay_speed` int(11) DEFAULT NULL,
  `fade` tinyint(1) NOT NULL DEFAULT 0,
  `dots` tinyint(1) DEFAULT NULL,
  `arrows` tinyint(1) DEFAULT NULL,
  `created_at` timestamp NULL DEFAULT NULL,
  `updated_at` timestamp NULL DEFAULT NULL,
  PRIMARY KEY (`id`)
) ENGINE=InnoDB AUTO_INCREMENT=4 DEFAULT CHARSET=utf8mb4 COLLATE=utf8mb4_unicode_ci;
/*!40101 SET character_set_client = @saved_cs_client */;

--
-- Dumping data for table `sliders`
--

LOCK TABLES `sliders` WRITE;
/*!40000 ALTER TABLE `sliders` DISABLE KEYS */;
INSERT INTO `sliders` VALUES (2,200,1,6000,1,1,1,'2021-06-04 12:19:44','2021-06-08 17:34:28'),(3,NULL,1,3000,1,1,1,'2021-06-04 12:29:38','2021-06-04 12:29:38');
/*!40000 ALTER TABLE `sliders` ENABLE KEYS */;
UNLOCK TABLES;

--
-- Table structure for table `tag_translations`
--

DROP TABLE IF EXISTS `tag_translations`;
/*!40101 SET @saved_cs_client     = @@character_set_client */;
/*!40101 SET character_set_client = utf8 */;
CREATE TABLE `tag_translations` (
  `id` int(10) unsigned NOT NULL AUTO_INCREMENT,
  `tag_id` int(10) unsigned NOT NULL,
  `locale` varchar(191) COLLATE utf8mb4_unicode_ci NOT NULL,
  `name` varchar(191) COLLATE utf8mb4_unicode_ci NOT NULL,
  PRIMARY KEY (`id`),
  UNIQUE KEY `tag_translations_tag_id_locale_unique` (`tag_id`,`locale`),
  CONSTRAINT `tag_translations_tag_id_foreign` FOREIGN KEY (`tag_id`) REFERENCES `tags` (`id`) ON DELETE CASCADE
) ENGINE=InnoDB AUTO_INCREMENT=3 DEFAULT CHARSET=utf8mb4 COLLATE=utf8mb4_unicode_ci;
/*!40101 SET character_set_client = @saved_cs_client */;

--
-- Dumping data for table `tag_translations`
--

LOCK TABLES `tag_translations` WRITE;
/*!40000 ALTER TABLE `tag_translations` DISABLE KEYS */;
INSERT INTO `tag_translations` VALUES (2,2,'en','Online Boxes');
/*!40000 ALTER TABLE `tag_translations` ENABLE KEYS */;
UNLOCK TABLES;

--
-- Table structure for table `tags`
--

DROP TABLE IF EXISTS `tags`;
/*!40101 SET @saved_cs_client     = @@character_set_client */;
/*!40101 SET character_set_client = utf8 */;
CREATE TABLE `tags` (
  `id` int(10) unsigned NOT NULL AUTO_INCREMENT,
  `slug` varchar(191) COLLATE utf8mb4_unicode_ci NOT NULL,
  `created_at` timestamp NULL DEFAULT NULL,
  `updated_at` timestamp NULL DEFAULT NULL,
  PRIMARY KEY (`id`),
  UNIQUE KEY `tags_slug_unique` (`slug`)
) ENGINE=InnoDB AUTO_INCREMENT=3 DEFAULT CHARSET=utf8mb4 COLLATE=utf8mb4_unicode_ci;
/*!40101 SET character_set_client = @saved_cs_client */;

--
-- Dumping data for table `tags`
--

LOCK TABLES `tags` WRITE;
/*!40000 ALTER TABLE `tags` DISABLE KEYS */;
INSERT INTO `tags` VALUES (2,'online-boxes','2021-07-27 22:37:33','2021-07-27 22:37:33');
/*!40000 ALTER TABLE `tags` ENABLE KEYS */;
UNLOCK TABLES;

--
-- Table structure for table `tax_class_translations`
--

DROP TABLE IF EXISTS `tax_class_translations`;
/*!40101 SET @saved_cs_client     = @@character_set_client */;
/*!40101 SET character_set_client = utf8 */;
CREATE TABLE `tax_class_translations` (
  `id` int(10) unsigned NOT NULL AUTO_INCREMENT,
  `tax_class_id` int(10) unsigned NOT NULL,
  `locale` varchar(191) COLLATE utf8mb4_unicode_ci NOT NULL,
  `label` varchar(191) COLLATE utf8mb4_unicode_ci NOT NULL,
  PRIMARY KEY (`id`),
  UNIQUE KEY `tax_class_translations_tax_class_id_locale_unique` (`tax_class_id`,`locale`),
  CONSTRAINT `tax_class_translations_tax_class_id_foreign` FOREIGN KEY (`tax_class_id`) REFERENCES `tax_classes` (`id`) ON DELETE CASCADE
) ENGINE=InnoDB AUTO_INCREMENT=8 DEFAULT CHARSET=utf8mb4 COLLATE=utf8mb4_unicode_ci;
/*!40101 SET character_set_client = @saved_cs_client */;

--
-- Dumping data for table `tax_class_translations`
--

LOCK TABLES `tax_class_translations` WRITE;
/*!40000 ALTER TABLE `tax_class_translations` DISABLE KEYS */;
INSERT INTO `tax_class_translations` VALUES (1,1,'en','Test Class'),(2,2,'en','Mid'),(3,3,'en','Big'),(4,4,'en','GST-1'),(5,5,'en','GST'),(6,6,'en','GST-12'),(7,7,'en','GST-18');
/*!40000 ALTER TABLE `tax_class_translations` ENABLE KEYS */;
UNLOCK TABLES;

--
-- Table structure for table `tax_classes`
--

DROP TABLE IF EXISTS `tax_classes`;
/*!40101 SET @saved_cs_client     = @@character_set_client */;
/*!40101 SET character_set_client = utf8 */;
CREATE TABLE `tax_classes` (
  `id` int(10) unsigned NOT NULL AUTO_INCREMENT,
  `based_on` varchar(191) COLLATE utf8mb4_unicode_ci NOT NULL,
  `deleted_at` timestamp NULL DEFAULT NULL,
  `created_at` timestamp NULL DEFAULT NULL,
  `updated_at` timestamp NULL DEFAULT NULL,
  PRIMARY KEY (`id`)
) ENGINE=InnoDB AUTO_INCREMENT=8 DEFAULT CHARSET=utf8mb4 COLLATE=utf8mb4_unicode_ci;
/*!40101 SET character_set_client = @saved_cs_client */;

--
-- Dumping data for table `tax_classes`
--

LOCK TABLES `tax_classes` WRITE;
/*!40000 ALTER TABLE `tax_classes` DISABLE KEYS */;
INSERT INTO `tax_classes` VALUES (1,'shipping_address','2020-09-24 16:37:49','2020-09-24 15:50:04','2020-09-24 16:37:49'),(2,'shipping_address','2020-11-30 16:27:28','2020-09-24 16:41:14','2020-11-30 16:27:28'),(3,'shipping_address','2020-11-30 16:27:28','2020-09-24 16:41:50','2020-11-30 16:27:28'),(4,'billing_address','2020-11-30 16:27:28','2020-11-03 23:00:34','2020-11-30 16:27:28'),(5,'billing_address','2020-11-30 19:07:03','2020-11-30 16:28:39','2020-11-30 19:07:03'),(6,'billing_address',NULL,'2020-11-30 19:07:26','2020-11-30 19:07:26'),(7,'billing_address',NULL,'2021-03-22 23:59:53','2021-03-22 23:59:53');
/*!40000 ALTER TABLE `tax_classes` ENABLE KEYS */;
UNLOCK TABLES;

--
-- Table structure for table `tax_rate_translations`
--

DROP TABLE IF EXISTS `tax_rate_translations`;
/*!40101 SET @saved_cs_client     = @@character_set_client */;
/*!40101 SET character_set_client = utf8 */;
CREATE TABLE `tax_rate_translations` (
  `id` int(10) unsigned NOT NULL AUTO_INCREMENT,
  `tax_rate_id` int(10) unsigned NOT NULL,
  `locale` varchar(191) COLLATE utf8mb4_unicode_ci NOT NULL,
  `name` varchar(191) COLLATE utf8mb4_unicode_ci NOT NULL,
  PRIMARY KEY (`id`),
  UNIQUE KEY `tax_rate_translations_tax_rate_id_locale_unique` (`tax_rate_id`,`locale`),
  CONSTRAINT `tax_rate_translations_tax_rate_id_foreign` FOREIGN KEY (`tax_rate_id`) REFERENCES `tax_rates` (`id`) ON DELETE CASCADE
) ENGINE=InnoDB AUTO_INCREMENT=9 DEFAULT CHARSET=utf8mb4 COLLATE=utf8mb4_unicode_ci;
/*!40101 SET character_set_client = @saved_cs_client */;

--
-- Dumping data for table `tax_rate_translations`
--

LOCK TABLES `tax_rate_translations` WRITE;
/*!40000 ALTER TABLE `tax_rate_translations` DISABLE KEYS */;
INSERT INTO `tax_rate_translations` VALUES (1,1,'en','Test'),(2,2,'en','Mid'),(3,3,'en','Big'),(4,4,'en','GST12'),(5,5,'en','GST'),(6,6,'en','GST 12%'),(7,7,'en','GST2'),(8,8,'en','GST 18%');
/*!40000 ALTER TABLE `tax_rate_translations` ENABLE KEYS */;
UNLOCK TABLES;

--
-- Table structure for table `tax_rates`
--

DROP TABLE IF EXISTS `tax_rates`;
/*!40101 SET @saved_cs_client     = @@character_set_client */;
/*!40101 SET character_set_client = utf8 */;
CREATE TABLE `tax_rates` (
  `id` int(10) unsigned NOT NULL AUTO_INCREMENT,
  `tax_class_id` int(10) unsigned NOT NULL,
  `country` varchar(191) COLLATE utf8mb4_unicode_ci NOT NULL,
  `state` varchar(191) COLLATE utf8mb4_unicode_ci NOT NULL,
  `city` varchar(191) COLLATE utf8mb4_unicode_ci NOT NULL,
  `zip` varchar(191) COLLATE utf8mb4_unicode_ci NOT NULL,
  `rate` decimal(8,4) unsigned NOT NULL,
  `position` int(10) unsigned NOT NULL,
  `deleted_at` timestamp NULL DEFAULT NULL,
  `created_at` timestamp NULL DEFAULT NULL,
  `updated_at` timestamp NULL DEFAULT NULL,
  PRIMARY KEY (`id`),
  KEY `tax_rates_tax_class_id_index` (`tax_class_id`),
  CONSTRAINT `tax_rates_tax_class_id_foreign` FOREIGN KEY (`tax_class_id`) REFERENCES `tax_classes` (`id`) ON DELETE CASCADE
) ENGINE=InnoDB AUTO_INCREMENT=9 DEFAULT CHARSET=utf8mb4 COLLATE=utf8mb4_unicode_ci;
/*!40101 SET character_set_client = @saved_cs_client */;

--
-- Dumping data for table `tax_rates`
--

LOCK TABLES `tax_rates` WRITE;
/*!40000 ALTER TABLE `tax_rates` DISABLE KEYS */;
INSERT INTO `tax_rates` VALUES (1,1,'IN','*','*','*',10.0000,0,NULL,'2020-09-24 15:50:04','2020-09-24 15:50:04'),(2,2,'IN','*','*','*',12.0000,0,NULL,'2020-09-24 16:41:14','2020-09-24 16:41:14'),(3,3,'IN','*','*','*',18.0000,0,NULL,'2020-09-24 16:41:50','2020-09-24 16:42:00'),(4,4,'IN','*','*','*',12.0000,0,NULL,'2020-11-28 22:44:07','2020-11-28 22:44:07'),(5,5,'IN','*','*','*',10.0000,0,NULL,'2020-11-30 16:28:40','2020-11-30 16:28:40'),(6,6,'IN','*','*','*',12.0000,0,NULL,'2020-11-30 19:07:26','2021-03-22 23:58:12'),(7,6,'IN','*','*','*',18.0000,1,'2021-03-22 23:59:16','2021-03-22 23:58:12','2021-03-22 23:59:16'),(8,7,'IN','*','*','*',18.0000,0,NULL,'2021-03-22 23:59:53','2021-03-22 23:59:53');
/*!40000 ALTER TABLE `tax_rates` ENABLE KEYS */;
UNLOCK TABLES;

--
-- Table structure for table `throttle`
--

DROP TABLE IF EXISTS `throttle`;
/*!40101 SET @saved_cs_client     = @@character_set_client */;
/*!40101 SET character_set_client = utf8 */;
CREATE TABLE `throttle` (
  `id` int(10) unsigned NOT NULL AUTO_INCREMENT,
  `user_id` int(10) unsigned DEFAULT NULL,
  `type` varchar(191) COLLATE utf8mb4_unicode_ci NOT NULL,
  `ip` varchar(191) COLLATE utf8mb4_unicode_ci DEFAULT NULL,
  `created_at` timestamp NULL DEFAULT NULL,
  `updated_at` timestamp NULL DEFAULT NULL,
  PRIMARY KEY (`id`),
  KEY `throttle_user_id_foreign` (`user_id`),
  CONSTRAINT `throttle_user_id_foreign` FOREIGN KEY (`user_id`) REFERENCES `users` (`id`) ON DELETE CASCADE
) ENGINE=InnoDB AUTO_INCREMENT=305 DEFAULT CHARSET=utf8mb4 COLLATE=utf8mb4_unicode_ci;
/*!40101 SET character_set_client = @saved_cs_client */;

--
-- Dumping data for table `throttle`
--

LOCK TABLES `throttle` WRITE;
/*!40000 ALTER TABLE `throttle` DISABLE KEYS */;
INSERT INTO `throttle` VALUES (1,NULL,'global',NULL,'2020-07-29 21:42:12','2020-07-29 21:42:12'),(2,NULL,'ip','59.92.72.128','2020-07-29 21:42:12','2020-07-29 21:42:12'),(3,NULL,'global',NULL,'2020-08-22 12:05:00','2020-08-22 12:05:00'),(4,NULL,'ip','157.39.42.159','2020-08-22 12:05:00','2020-08-22 12:05:00'),(5,NULL,'global',NULL,'2020-08-22 12:07:32','2020-08-22 12:07:32'),(6,NULL,'ip','157.39.42.159','2020-08-22 12:07:32','2020-08-22 12:07:32'),(7,NULL,'global',NULL,'2020-08-22 12:07:48','2020-08-22 12:07:48'),(8,NULL,'ip','157.39.42.159','2020-08-22 12:07:48','2020-08-22 12:07:48'),(9,NULL,'global',NULL,'2020-08-23 16:04:07','2020-08-23 16:04:07'),(10,NULL,'ip','157.39.139.191','2020-08-23 16:04:07','2020-08-23 16:04:07'),(11,NULL,'global',NULL,'2020-08-24 19:32:52','2020-08-24 19:32:52'),(12,NULL,'ip','117.217.62.206','2020-08-24 19:32:52','2020-08-24 19:32:52'),(13,NULL,'global',NULL,'2020-09-09 06:25:37','2020-09-09 06:25:37'),(14,NULL,'ip','208.102.51.6','2020-09-09 06:25:37','2020-09-09 06:25:37'),(15,NULL,'global',NULL,'2020-09-09 06:26:00','2020-09-09 06:26:00'),(16,NULL,'ip','208.102.51.6','2020-09-09 06:26:00','2020-09-09 06:26:00'),(17,NULL,'global',NULL,'2020-09-16 15:37:29','2020-09-16 15:37:29'),(18,NULL,'ip','95.24.139.108','2020-09-16 15:37:29','2020-09-16 15:37:29'),(19,NULL,'global',NULL,'2020-09-16 15:37:31','2020-09-16 15:37:31'),(20,NULL,'ip','95.24.139.108','2020-09-16 15:37:31','2020-09-16 15:37:31'),(21,NULL,'global',NULL,'2020-09-24 09:04:36','2020-09-24 09:04:36'),(22,NULL,'ip','72.221.164.35','2020-09-24 09:04:36','2020-09-24 09:04:36'),(23,NULL,'global',NULL,'2020-09-24 09:04:56','2020-09-24 09:04:56'),(24,NULL,'ip','72.221.164.35','2020-09-24 09:04:56','2020-09-24 09:04:56'),(25,NULL,'global',NULL,'2020-09-27 14:31:38','2020-09-27 14:31:38'),(26,NULL,'ip','132.154.162.181','2020-09-27 14:31:38','2020-09-27 14:31:38'),(27,NULL,'global',NULL,'2020-09-27 14:32:18','2020-09-27 14:32:18'),(28,NULL,'ip','132.154.162.181','2020-09-27 14:32:18','2020-09-27 14:32:18'),(30,NULL,'global',NULL,'2020-10-21 21:58:05','2020-10-21 21:58:05'),(31,NULL,'ip','79.111.214.250','2020-10-21 21:58:05','2020-10-21 21:58:05'),(32,NULL,'global',NULL,'2020-10-21 21:58:08','2020-10-21 21:58:08'),(33,NULL,'ip','79.111.214.250','2020-10-21 21:58:08','2020-10-21 21:58:08'),(34,NULL,'global',NULL,'2020-10-23 12:36:30','2020-10-23 12:36:30'),(35,NULL,'ip','117.211.75.161','2020-10-23 12:36:30','2020-10-23 12:36:30'),(36,NULL,'global',NULL,'2020-11-07 21:53:28','2020-11-07 21:53:28'),(37,NULL,'ip','92.38.13.187','2020-11-07 21:53:28','2020-11-07 21:53:28'),(38,NULL,'global',NULL,'2020-11-07 21:53:31','2020-11-07 21:53:31'),(39,NULL,'ip','92.38.13.187','2020-11-07 21:53:31','2020-11-07 21:53:31'),(40,NULL,'global',NULL,'2020-11-17 20:13:02','2020-11-17 20:13:02'),(41,NULL,'ip','93.124.45.86','2020-11-17 20:13:02','2020-11-17 20:13:02'),(42,NULL,'global',NULL,'2020-11-17 20:13:04','2020-11-17 20:13:04'),(43,NULL,'ip','93.124.45.86','2020-11-17 20:13:04','2020-11-17 20:13:04'),(44,NULL,'global',NULL,'2020-12-03 19:52:58','2020-12-03 19:52:58'),(45,NULL,'ip','103.58.16.185','2020-12-03 19:52:58','2020-12-03 19:52:58'),(46,NULL,'global',NULL,'2020-12-03 19:53:18','2020-12-03 19:53:18'),(47,NULL,'ip','185.13.199.162','2020-12-03 19:53:19','2020-12-03 19:53:19'),(48,NULL,'global',NULL,'2020-12-03 19:55:00','2020-12-03 19:55:00'),(49,NULL,'ip','182.48.83.170','2020-12-03 19:55:00','2020-12-03 19:55:00'),(50,NULL,'global',NULL,'2020-12-09 18:34:59','2020-12-09 18:34:59'),(51,NULL,'ip','176.194.59.131','2020-12-09 18:34:59','2020-12-09 18:34:59'),(52,NULL,'global',NULL,'2020-12-09 18:35:01','2020-12-09 18:35:01'),(53,NULL,'ip','176.194.59.131','2020-12-09 18:35:01','2020-12-09 18:35:01'),(54,NULL,'global',NULL,'2020-12-12 18:04:05','2020-12-12 18:04:05'),(55,NULL,'ip','94.158.190.9','2020-12-12 18:04:05','2020-12-12 18:04:05'),(56,NULL,'global',NULL,'2020-12-12 18:04:07','2020-12-12 18:04:07'),(57,NULL,'ip','94.158.190.9','2020-12-12 18:04:07','2020-12-12 18:04:07'),(58,NULL,'global',NULL,'2020-12-19 18:57:24','2020-12-19 18:57:24'),(59,NULL,'ip','117.211.75.161','2020-12-19 18:57:24','2020-12-19 18:57:24'),(60,NULL,'global',NULL,'2020-12-19 18:57:33','2020-12-19 18:57:33'),(61,NULL,'ip','117.211.75.161','2020-12-19 18:57:33','2020-12-19 18:57:33'),(62,NULL,'global',NULL,'2020-12-30 23:53:31','2020-12-30 23:53:31'),(63,NULL,'ip','106.211.91.180','2020-12-30 23:53:31','2020-12-30 23:53:31'),(65,NULL,'global',NULL,'2021-02-02 19:43:05','2021-02-02 19:43:05'),(66,NULL,'ip','157.41.40.231','2021-02-02 19:43:05','2021-02-02 19:43:05'),(67,NULL,'global',NULL,'2021-02-02 19:43:37','2021-02-02 19:43:37'),(68,NULL,'ip','157.41.40.231','2021-02-02 19:43:37','2021-02-02 19:43:37'),(69,NULL,'global',NULL,'2021-02-02 19:44:44','2021-02-02 19:44:44'),(70,NULL,'ip','157.41.40.231','2021-02-02 19:44:44','2021-02-02 19:44:44'),(71,NULL,'global',NULL,'2021-02-02 19:50:59','2021-02-02 19:50:59'),(72,NULL,'ip','157.41.40.231','2021-02-02 19:50:59','2021-02-02 19:50:59'),(74,NULL,'global',NULL,'2021-02-02 20:00:18','2021-02-02 20:00:18'),(75,NULL,'ip','157.41.40.231','2021-02-02 20:00:18','2021-02-02 20:00:18'),(76,NULL,'global',NULL,'2021-02-02 20:03:16','2021-02-02 20:03:16'),(77,NULL,'ip','132.154.133.182','2021-02-02 20:03:16','2021-02-02 20:03:16'),(78,NULL,'global',NULL,'2021-02-21 11:20:26','2021-02-21 11:20:26'),(79,NULL,'ip','117.211.75.161','2021-02-21 11:20:26','2021-02-21 11:20:26'),(80,NULL,'global',NULL,'2021-02-21 11:20:36','2021-02-21 11:20:36'),(81,NULL,'ip','117.211.75.161','2021-02-21 11:20:36','2021-02-21 11:20:36'),(82,NULL,'global',NULL,'2021-03-05 22:03:02','2021-03-05 22:03:02'),(83,NULL,'ip','106.204.195.251','2021-03-05 22:03:02','2021-03-05 22:03:02'),(85,NULL,'global',NULL,'2021-03-22 23:45:07','2021-03-22 23:45:07'),(86,NULL,'ip','106.192.17.15','2021-03-22 23:45:07','2021-03-22 23:45:07'),(87,NULL,'global',NULL,'2021-03-23 14:59:02','2021-03-23 14:59:02'),(88,NULL,'ip','183.83.213.117','2021-03-23 14:59:02','2021-03-23 14:59:02'),(89,NULL,'global',NULL,'2021-03-28 14:37:54','2021-03-28 14:37:54'),(90,NULL,'ip','117.211.75.161','2021-03-28 14:37:54','2021-03-28 14:37:54'),(91,NULL,'global',NULL,'2021-03-29 15:10:11','2021-03-29 15:10:11'),(92,NULL,'ip','144.91.99.47','2021-03-29 15:10:11','2021-03-29 15:10:11'),(93,NULL,'global',NULL,'2021-03-29 15:10:12','2021-03-29 15:10:12'),(94,NULL,'ip','144.91.99.47','2021-03-29 15:10:12','2021-03-29 15:10:12'),(95,NULL,'global',NULL,'2021-03-29 15:10:15','2021-03-29 15:10:15'),(96,NULL,'ip','144.91.99.47','2021-03-29 15:10:15','2021-03-29 15:10:15'),(97,NULL,'global',NULL,'2021-03-29 15:10:16','2021-03-29 15:10:16'),(98,NULL,'ip','144.91.99.47','2021-03-29 15:10:16','2021-03-29 15:10:16'),(99,NULL,'global',NULL,'2021-03-29 15:10:24','2021-03-29 15:10:24'),(100,NULL,'ip','144.91.99.47','2021-03-29 15:10:24','2021-03-29 15:10:24'),(101,NULL,'global',NULL,'2021-04-05 12:09:49','2021-04-05 12:09:49'),(102,NULL,'ip','110.137.198.160','2021-04-05 12:09:49','2021-04-05 12:09:49'),(103,NULL,'global',NULL,'2021-04-27 10:58:08','2021-04-27 10:58:08'),(104,NULL,'ip','223.235.36.23','2021-04-27 10:58:08','2021-04-27 10:58:08'),(105,NULL,'global',NULL,'2021-05-08 15:52:35','2021-05-08 15:52:35'),(106,NULL,'ip','110.225.203.111','2021-05-08 15:52:35','2021-05-08 15:52:35'),(108,NULL,'global',NULL,'2021-05-08 15:52:40','2021-05-08 15:52:40'),(109,NULL,'ip','110.225.203.111','2021-05-08 15:52:40','2021-05-08 15:52:40'),(111,NULL,'global',NULL,'2021-05-08 15:52:48','2021-05-08 15:52:48'),(112,NULL,'ip','110.225.203.111','2021-05-08 15:52:48','2021-05-08 15:52:48'),(114,NULL,'global',NULL,'2021-05-08 15:52:58','2021-05-08 15:52:58'),(115,NULL,'ip','110.225.203.111','2021-05-08 15:52:58','2021-05-08 15:52:58'),(117,NULL,'global',NULL,'2021-05-17 23:40:04','2021-05-17 23:40:04'),(118,NULL,'ip','106.196.82.115','2021-05-17 23:40:04','2021-05-17 23:40:04'),(120,NULL,'global',NULL,'2021-06-07 13:17:05','2021-06-07 13:17:05'),(121,NULL,'ip','117.211.75.161','2021-06-07 13:17:05','2021-06-07 13:17:05'),(122,NULL,'global',NULL,'2021-06-07 13:18:56','2021-06-07 13:18:56'),(123,NULL,'ip','117.211.75.161','2021-06-07 13:18:56','2021-06-07 13:18:56'),(124,NULL,'global',NULL,'2021-06-18 12:03:21','2021-06-18 12:03:21'),(125,NULL,'ip','91.76.193.64','2021-06-18 12:03:21','2021-06-18 12:03:21'),(126,NULL,'global',NULL,'2021-06-18 12:03:24','2021-06-18 12:03:24'),(127,NULL,'ip','91.76.193.64','2021-06-18 12:03:24','2021-06-18 12:03:24'),(128,NULL,'global',NULL,'2021-07-01 09:06:16','2021-07-01 09:06:16'),(129,NULL,'ip','52.220.136.136','2021-07-01 09:06:16','2021-07-01 09:06:16'),(130,NULL,'global',NULL,'2021-07-01 09:06:36','2021-07-01 09:06:36'),(131,NULL,'ip','52.220.136.136','2021-07-01 09:06:36','2021-07-01 09:06:36'),(132,NULL,'global',NULL,'2021-07-01 09:07:23','2021-07-01 09:07:23'),(133,NULL,'ip','52.220.136.136','2021-07-01 09:07:23','2021-07-01 09:07:23'),(134,NULL,'global',NULL,'2021-07-01 09:09:15','2021-07-01 09:09:15'),(135,NULL,'ip','52.220.136.136','2021-07-01 09:09:15','2021-07-01 09:09:15'),(136,NULL,'global',NULL,'2021-07-06 13:37:24','2021-07-06 13:37:24'),(137,NULL,'ip','80.95.45.194','2021-07-06 13:37:24','2021-07-06 13:37:24'),(138,NULL,'global',NULL,'2021-07-06 13:37:27','2021-07-06 13:37:27'),(139,NULL,'ip','80.95.45.194','2021-07-06 13:37:27','2021-07-06 13:37:27'),(140,NULL,'global',NULL,'2021-07-07 14:50:56','2021-07-07 14:50:56'),(141,NULL,'ip','80.95.45.194','2021-07-07 14:50:56','2021-07-07 14:50:56'),(142,NULL,'global',NULL,'2021-07-07 14:51:00','2021-07-07 14:51:00'),(143,NULL,'ip','80.95.45.194','2021-07-07 14:51:00','2021-07-07 14:51:00'),(144,NULL,'global',NULL,'2021-07-19 14:54:10','2021-07-19 14:54:10'),(145,NULL,'ip','122.173.30.129','2021-07-19 14:54:10','2021-07-19 14:54:10'),(146,NULL,'global',NULL,'2021-07-19 14:54:15','2021-07-19 14:54:15'),(147,NULL,'ip','122.173.30.129','2021-07-19 14:54:15','2021-07-19 14:54:15'),(148,NULL,'global',NULL,'2021-07-19 14:54:24','2021-07-19 14:54:24'),(149,NULL,'ip','122.173.30.129','2021-07-19 14:54:24','2021-07-19 14:54:24'),(150,NULL,'global',NULL,'2021-07-19 14:54:41','2021-07-19 14:54:41'),(151,NULL,'ip','122.173.30.129','2021-07-19 14:54:41','2021-07-19 14:54:41'),(152,NULL,'global',NULL,'2021-07-19 14:55:49','2021-07-19 14:55:49'),(153,NULL,'ip','122.173.30.129','2021-07-19 14:55:50','2021-07-19 14:55:50'),(154,NULL,'global',NULL,'2021-07-19 15:09:13','2021-07-19 15:09:13'),(155,NULL,'ip','117.211.75.161','2021-07-19 15:09:13','2021-07-19 15:09:13'),(156,NULL,'global',NULL,'2021-07-19 16:02:47','2021-07-19 16:02:47'),(157,NULL,'ip','117.211.75.161','2021-07-19 16:02:47','2021-07-19 16:02:47'),(158,NULL,'global',NULL,'2021-07-19 16:03:36','2021-07-19 16:03:36'),(159,NULL,'ip','117.211.75.161','2021-07-19 16:03:36','2021-07-19 16:03:36'),(160,NULL,'global',NULL,'2021-07-19 16:05:39','2021-07-19 16:05:39'),(161,NULL,'ip','117.211.75.161','2021-07-19 16:05:39','2021-07-19 16:05:39'),(162,NULL,'global',NULL,'2021-07-19 16:07:12','2021-07-19 16:07:12'),(163,NULL,'ip','117.211.75.161','2021-07-19 16:07:12','2021-07-19 16:07:12'),(164,NULL,'global',NULL,'2021-07-19 16:14:17','2021-07-19 16:14:17'),(165,NULL,'ip','117.211.75.161','2021-07-19 16:14:17','2021-07-19 16:14:17'),(167,NULL,'global',NULL,'2021-07-19 16:21:25','2021-07-19 16:21:25'),(168,NULL,'ip','117.211.75.161','2021-07-19 16:21:25','2021-07-19 16:21:25'),(169,177,'user',NULL,'2021-07-19 16:21:26','2021-07-19 16:21:26'),(170,NULL,'global',NULL,'2021-07-19 16:24:14','2021-07-19 16:24:14'),(171,NULL,'ip','122.173.30.129','2021-07-19 16:24:14','2021-07-19 16:24:14'),(172,177,'user',NULL,'2021-07-19 16:24:14','2021-07-19 16:24:14'),(173,NULL,'global',NULL,'2021-07-19 16:51:46','2021-07-19 16:51:46'),(174,NULL,'ip','122.173.30.129','2021-07-19 16:51:46','2021-07-19 16:51:46'),(175,177,'user',NULL,'2021-07-19 16:51:46','2021-07-19 16:51:46'),(176,NULL,'global',NULL,'2021-07-19 17:59:38','2021-07-19 17:59:38'),(177,NULL,'ip','122.173.30.129','2021-07-19 17:59:38','2021-07-19 17:59:38'),(178,177,'user',NULL,'2021-07-19 17:59:38','2021-07-19 17:59:38'),(179,NULL,'global',NULL,'2021-07-19 19:02:26','2021-07-19 19:02:26'),(180,NULL,'ip','157.41.137.229','2021-07-19 19:02:26','2021-07-19 19:02:26'),(181,177,'user',NULL,'2021-07-19 19:02:27','2021-07-19 19:02:27'),(182,NULL,'global',NULL,'2021-07-19 19:04:11','2021-07-19 19:04:11'),(183,NULL,'ip','157.41.137.229','2021-07-19 19:04:11','2021-07-19 19:04:11'),(184,177,'user',NULL,'2021-07-19 19:04:11','2021-07-19 19:04:11'),(185,NULL,'global',NULL,'2021-07-20 11:29:49','2021-07-20 11:29:49'),(186,NULL,'ip','122.173.30.129','2021-07-20 11:29:49','2021-07-20 11:29:49'),(187,177,'user',NULL,'2021-07-20 11:29:49','2021-07-20 11:29:49'),(188,NULL,'global',NULL,'2021-07-21 18:01:08','2021-07-21 18:01:08'),(189,NULL,'ip','122.173.31.94','2021-07-21 18:01:08','2021-07-21 18:01:08'),(190,177,'user',NULL,'2021-07-21 18:01:08','2021-07-21 18:01:08'),(191,NULL,'global',NULL,'2021-07-21 18:01:13','2021-07-21 18:01:13'),(192,NULL,'ip','122.173.31.94','2021-07-21 18:01:13','2021-07-21 18:01:13'),(193,177,'user',NULL,'2021-07-21 18:01:13','2021-07-21 18:01:13'),(194,NULL,'global',NULL,'2021-07-21 18:01:24','2021-07-21 18:01:24'),(195,NULL,'ip','122.173.31.94','2021-07-21 18:01:24','2021-07-21 18:01:24'),(196,177,'user',NULL,'2021-07-21 18:01:24','2021-07-21 18:01:24'),(197,NULL,'global',NULL,'2021-07-21 18:02:24','2021-07-21 18:02:24'),(198,NULL,'ip','122.173.31.94','2021-07-21 18:02:24','2021-07-21 18:02:24'),(199,177,'user',NULL,'2021-07-21 18:02:24','2021-07-21 18:02:24'),(200,NULL,'global',NULL,'2021-07-22 10:34:48','2021-07-22 10:34:48'),(201,NULL,'ip','223.225.174.13','2021-07-22 10:34:48','2021-07-22 10:34:48'),(202,177,'user',NULL,'2021-07-22 10:34:48','2021-07-22 10:34:48'),(203,NULL,'global',NULL,'2021-07-22 11:47:24','2021-07-22 11:47:24'),(204,NULL,'ip','122.173.31.94','2021-07-22 11:47:24','2021-07-22 11:47:24'),(205,177,'user',NULL,'2021-07-22 11:47:24','2021-07-22 11:47:24'),(206,NULL,'global',NULL,'2021-07-28 14:08:38','2021-07-28 14:08:38'),(207,NULL,'ip','122.173.30.243','2021-07-28 14:08:38','2021-07-28 14:08:38'),(208,NULL,'global',NULL,'2021-09-06 19:57:44','2021-09-06 19:57:44'),(209,NULL,'ip','157.45.155.78','2021-09-06 19:57:44','2021-09-06 19:57:44'),(210,177,'user',NULL,'2021-09-06 19:57:44','2021-09-06 19:57:44'),(211,NULL,'global',NULL,'2021-09-06 20:05:20','2021-09-06 20:05:20'),(212,NULL,'ip','122.173.30.66','2021-09-06 20:05:20','2021-09-06 20:05:20'),(213,177,'user',NULL,'2021-09-06 20:05:20','2021-09-06 20:05:20'),(214,NULL,'global',NULL,'2021-09-06 20:05:32','2021-09-06 20:05:32'),(215,NULL,'ip','122.173.30.66','2021-09-06 20:05:32','2021-09-06 20:05:32'),(216,NULL,'global',NULL,'2021-09-21 17:28:30','2021-09-21 17:28:30'),(217,NULL,'ip','106.196.124.217','2021-09-21 17:28:30','2021-09-21 17:28:30'),(218,NULL,'global',NULL,'2021-09-21 17:28:30','2021-09-21 17:28:30'),(219,NULL,'ip','106.196.124.217','2021-09-21 17:28:30','2021-09-21 17:28:30'),(220,NULL,'global',NULL,'2021-09-21 17:28:45','2021-09-21 17:28:45'),(221,NULL,'ip','106.196.124.217','2021-09-21 17:28:45','2021-09-21 17:28:45'),(222,NULL,'global',NULL,'2021-10-17 12:26:14','2021-10-17 12:26:14'),(223,NULL,'ip','122.173.26.97','2021-10-17 12:26:14','2021-10-17 12:26:14'),(224,177,'user',NULL,'2021-10-17 12:26:14','2021-10-17 12:26:14'),(225,NULL,'global',NULL,'2021-10-27 22:38:23','2021-10-27 22:38:23'),(226,NULL,'ip','106.196.92.213','2021-10-27 22:38:23','2021-10-27 22:38:23'),(227,NULL,'global',NULL,'2021-10-28 19:18:22','2021-10-28 19:18:22'),(228,NULL,'ip','122.173.24.246','2021-10-28 19:18:22','2021-10-28 19:18:22'),(229,177,'user',NULL,'2021-10-28 19:18:22','2021-10-28 19:18:22'),(230,NULL,'global',NULL,'2021-11-02 19:20:59','2021-11-02 19:20:59'),(231,NULL,'ip','101.0.49.189','2021-11-02 19:20:59','2021-11-02 19:20:59'),(232,183,'user',NULL,'2021-11-02 19:20:59','2021-11-02 19:20:59'),(233,NULL,'global',NULL,'2021-11-02 19:21:13','2021-11-02 19:21:13'),(234,NULL,'ip','101.0.49.189','2021-11-02 19:21:13','2021-11-02 19:21:13'),(235,183,'user',NULL,'2021-11-02 19:21:13','2021-11-02 19:21:13'),(236,NULL,'global',NULL,'2021-11-06 13:18:51','2021-11-06 13:18:51'),(237,NULL,'ip','106.206.252.192','2021-11-06 13:18:51','2021-11-06 13:18:51'),(238,186,'user',NULL,'2021-11-06 13:18:51','2021-11-06 13:18:51'),(239,NULL,'global',NULL,'2021-11-06 13:19:01','2021-11-06 13:19:01'),(240,NULL,'ip','106.206.252.192','2021-11-06 13:19:01','2021-11-06 13:19:01'),(241,186,'user',NULL,'2021-11-06 13:19:01','2021-11-06 13:19:01'),(242,NULL,'global',NULL,'2021-11-06 16:00:12','2021-11-06 16:00:12'),(243,NULL,'ip','122.173.28.97','2021-11-06 16:00:12','2021-11-06 16:00:12'),(244,177,'user',NULL,'2021-11-06 16:00:12','2021-11-06 16:00:12'),(245,NULL,'global',NULL,'2021-11-10 19:17:47','2021-11-10 19:17:47'),(246,NULL,'ip','49.207.214.49','2021-11-10 19:17:47','2021-11-10 19:17:47'),(247,177,'user',NULL,'2021-11-10 19:17:47','2021-11-10 19:17:47'),(248,NULL,'global',NULL,'2021-12-05 14:06:05','2021-12-05 14:06:05'),(249,NULL,'ip','49.207.200.21','2021-12-05 14:06:05','2021-12-05 14:06:05'),(250,177,'user',NULL,'2021-12-05 14:06:05','2021-12-05 14:06:05'),(251,NULL,'global',NULL,'2021-12-05 14:14:14','2021-12-05 14:14:14'),(252,NULL,'ip','49.207.200.21','2021-12-05 14:14:14','2021-12-05 14:14:14'),(253,NULL,'global',NULL,'2021-12-12 13:18:52','2021-12-12 13:18:52'),(254,NULL,'ip','122.176.192.181','2021-12-12 13:18:52','2021-12-12 13:18:52'),(255,NULL,'global',NULL,'2021-12-12 13:38:26','2021-12-12 13:38:26'),(256,NULL,'ip','223.225.129.224','2021-12-12 13:38:26','2021-12-12 13:38:26'),(257,177,'user',NULL,'2021-12-12 13:38:26','2021-12-12 13:38:26'),(258,NULL,'global',NULL,'2021-12-12 13:38:35','2021-12-12 13:38:35'),(259,NULL,'ip','223.225.129.224','2021-12-12 13:38:35','2021-12-12 13:38:35'),(260,177,'user',NULL,'2021-12-12 13:38:35','2021-12-12 13:38:35'),(261,NULL,'global',NULL,'2021-12-18 23:23:07','2021-12-18 23:23:07'),(262,NULL,'ip','49.207.211.171','2021-12-18 23:23:07','2021-12-18 23:23:07'),(263,177,'user',NULL,'2021-12-18 23:23:07','2021-12-18 23:23:07'),(264,NULL,'global',NULL,'2021-12-24 21:35:36','2021-12-24 21:35:36'),(265,NULL,'ip','49.207.221.207','2021-12-24 21:35:36','2021-12-24 21:35:36'),(266,NULL,'global',NULL,'2021-12-24 21:36:48','2021-12-24 21:36:48'),(267,NULL,'ip','49.207.221.207','2021-12-24 21:36:48','2021-12-24 21:36:48'),(268,NULL,'global',NULL,'2021-12-26 20:24:31','2021-12-26 20:24:31'),(269,NULL,'ip','106.204.206.90','2021-12-26 20:24:31','2021-12-26 20:24:31'),(270,NULL,'global',NULL,'2021-12-26 20:24:41','2021-12-26 20:24:41'),(271,NULL,'ip','106.204.206.90','2021-12-26 20:24:41','2021-12-26 20:24:41'),(272,NULL,'global',NULL,'2021-12-26 20:24:48','2021-12-26 20:24:48'),(273,NULL,'ip','106.204.206.90','2021-12-26 20:24:48','2021-12-26 20:24:48'),(274,NULL,'global',NULL,'2021-12-26 20:29:24','2021-12-26 20:29:24'),(275,NULL,'ip','106.204.206.90','2021-12-26 20:29:24','2021-12-26 20:29:24'),(276,NULL,'global',NULL,'2021-12-26 20:32:34','2021-12-26 20:32:34'),(277,NULL,'ip','106.204.206.90','2021-12-26 20:32:34','2021-12-26 20:32:34'),(278,NULL,'global',NULL,'2022-01-29 16:54:31','2022-01-29 16:54:31'),(279,NULL,'ip','223.178.213.156','2022-01-29 16:54:31','2022-01-29 16:54:31'),(280,177,'user',NULL,'2022-01-29 16:54:31','2022-01-29 16:54:31'),(281,NULL,'global',NULL,'2022-01-29 16:54:40','2022-01-29 16:54:40'),(282,NULL,'ip','223.178.213.156','2022-01-29 16:54:40','2022-01-29 16:54:40'),(283,NULL,'global',NULL,'2022-03-08 20:08:12','2022-03-08 20:08:12'),(284,NULL,'ip','103.168.57.134','2022-03-08 20:08:12','2022-03-08 20:08:12'),(285,NULL,'global',NULL,'2022-03-09 15:17:47','2022-03-09 15:17:47'),(286,NULL,'ip','223.178.210.66','2022-03-09 15:17:47','2022-03-09 15:17:47'),(287,177,'user',NULL,'2022-03-09 15:17:47','2022-03-09 15:17:47'),(288,NULL,'global',NULL,'2022-03-09 15:17:52','2022-03-09 15:17:52'),(289,NULL,'ip','223.178.210.66','2022-03-09 15:17:52','2022-03-09 15:17:52'),(290,177,'user',NULL,'2022-03-09 15:17:52','2022-03-09 15:17:52'),(291,NULL,'global',NULL,'2022-03-12 15:56:52','2022-03-12 15:56:52'),(292,NULL,'ip','103.168.57.134','2022-03-12 15:56:52','2022-03-12 15:56:52'),(293,NULL,'global',NULL,'2022-03-28 17:25:42','2022-03-28 17:25:42'),(294,NULL,'ip','223.178.211.174','2022-03-28 17:25:42','2022-03-28 17:25:42'),(295,NULL,'global',NULL,'2022-03-28 17:25:55','2022-03-28 17:25:55'),(296,NULL,'ip','223.178.211.174','2022-03-28 17:25:55','2022-03-28 17:25:55'),(297,177,'user',NULL,'2022-03-28 17:25:55','2022-03-28 17:25:55'),(298,NULL,'global',NULL,'2022-03-28 17:26:04','2022-03-28 17:26:04'),(299,NULL,'ip','223.178.211.174','2022-03-28 17:26:04','2022-03-28 17:26:04'),(300,NULL,'global',NULL,'2022-04-06 14:20:20','2022-04-06 14:20:20'),(301,NULL,'ip','49.207.204.172','2022-04-06 14:20:20','2022-04-06 14:20:20'),(302,177,'user',NULL,'2022-04-06 14:20:20','2022-04-06 14:20:20'),(303,NULL,'global',NULL,'2022-04-06 14:20:38','2022-04-06 14:20:38'),(304,NULL,'ip','49.207.204.172','2022-04-06 14:20:38','2022-04-06 14:20:38');
/*!40000 ALTER TABLE `throttle` ENABLE KEYS */;
UNLOCK TABLES;

--
-- Table structure for table `transactions`
--

DROP TABLE IF EXISTS `transactions`;
/*!40101 SET @saved_cs_client     = @@character_set_client */;
/*!40101 SET character_set_client = utf8 */;
CREATE TABLE `transactions` (
  `id` int(10) unsigned NOT NULL AUTO_INCREMENT,
  `order_id` int(10) unsigned NOT NULL,
  `transaction_id` varchar(191) COLLATE utf8mb4_unicode_ci NOT NULL,
  `payment_method` varchar(191) COLLATE utf8mb4_unicode_ci NOT NULL,
  `deleted_at` timestamp NULL DEFAULT NULL,
  `created_at` timestamp NULL DEFAULT NULL,
  `updated_at` timestamp NULL DEFAULT NULL,
  PRIMARY KEY (`id`),
  UNIQUE KEY `transactions_order_id_unique` (`order_id`),
  CONSTRAINT `transactions_order_id_foreign` FOREIGN KEY (`order_id`) REFERENCES `orders` (`id`) ON DELETE CASCADE
) ENGINE=InnoDB AUTO_INCREMENT=12 DEFAULT CHARSET=utf8mb4 COLLATE=utf8mb4_unicode_ci;
/*!40101 SET character_set_client = @saved_cs_client */;

--
-- Dumping data for table `transactions`
--

LOCK TABLES `transactions` WRITE;
/*!40000 ALTER TABLE `transactions` DISABLE KEYS */;
INSERT INTO `transactions` VALUES (1,19,'MOJO0c19G05N17961516','instamojo',NULL,'2020-12-19 18:42:32','2020-12-19 18:42:32'),(2,21,'pay_GQiHdfHwHKWecU','razorpay',NULL,'2021-01-18 14:33:25','2021-01-18 14:33:25'),(3,55,'pay_HW3C6BuOEHlflJ','razorpay',NULL,'2021-07-07 18:35:01','2021-07-07 18:35:01'),(4,62,'pay_Hcgu0UzX5AaAOL','razorpay',NULL,'2021-07-24 13:18:51','2021-07-24 13:18:51'),(5,63,'pay_HeJHlxKXbi5ve6','razorpay',NULL,'2021-07-28 15:40:49','2021-07-28 15:40:49'),(6,65,'pay_HpUArYKmt6idsv','razorpay',NULL,'2021-08-25 21:18:25','2021-08-25 21:18:25'),(8,78,'pay_IWTqGAnmhpRAxu','razorpay',NULL,'2021-12-12 12:59:00','2021-12-12 12:59:00'),(9,82,'pay_IWdXFZyTXcPY7a','razorpay',NULL,'2021-12-12 22:25:08','2021-12-12 22:25:08'),(10,92,'pay_IpsWa3RQZ8i0Ns','razorpay',NULL,'2022-01-30 13:25:40','2022-01-30 13:25:40'),(11,94,'pay_IqgzMmaPCG0ve5','razorpay',NULL,'2022-02-01 14:47:36','2022-02-01 14:47:36');
/*!40000 ALTER TABLE `transactions` ENABLE KEYS */;
UNLOCK TABLES;

--
-- Table structure for table `translation_translations`
--

DROP TABLE IF EXISTS `translation_translations`;
/*!40101 SET @saved_cs_client     = @@character_set_client */;
/*!40101 SET character_set_client = utf8 */;
CREATE TABLE `translation_translations` (
  `id` int(10) unsigned NOT NULL AUTO_INCREMENT,
  `translation_id` int(10) unsigned NOT NULL,
  `locale` varchar(191) COLLATE utf8mb4_unicode_ci NOT NULL,
  `value` text COLLATE utf8mb4_unicode_ci NOT NULL,
  PRIMARY KEY (`id`),
  UNIQUE KEY `translation_translations_translation_id_locale_unique` (`translation_id`,`locale`),
  CONSTRAINT `translation_translations_translation_id_foreign` FOREIGN KEY (`translation_id`) REFERENCES `translations` (`id`) ON DELETE CASCADE
) ENGINE=InnoDB AUTO_INCREMENT=2 DEFAULT CHARSET=utf8mb4 COLLATE=utf8mb4_unicode_ci;
/*!40101 SET character_set_client = @saved_cs_client */;

--
-- Dumping data for table `translation_translations`
--

LOCK TABLES `translation_translations` WRITE;
/*!40000 ALTER TABLE `translation_translations` DISABLE KEYS */;
INSERT INTO `translation_translations` VALUES (1,1,'en','Product Weight (in grams)');
/*!40000 ALTER TABLE `translation_translations` ENABLE KEYS */;
UNLOCK TABLES;

--
-- Table structure for table `translations`
--

DROP TABLE IF EXISTS `translations`;
/*!40101 SET @saved_cs_client     = @@character_set_client */;
/*!40101 SET character_set_client = utf8 */;
CREATE TABLE `translations` (
  `id` int(10) unsigned NOT NULL AUTO_INCREMENT,
  `key` varchar(191) COLLATE utf8mb4_unicode_ci NOT NULL,
  `created_at` timestamp NULL DEFAULT NULL,
  `updated_at` timestamp NULL DEFAULT NULL,
  PRIMARY KEY (`id`),
  KEY `translations_key_index` (`key`)
) ENGINE=InnoDB AUTO_INCREMENT=2 DEFAULT CHARSET=utf8mb4 COLLATE=utf8mb4_unicode_ci;
/*!40101 SET character_set_client = @saved_cs_client */;

--
-- Dumping data for table `translations`
--

LOCK TABLES `translations` WRITE;
/*!40000 ALTER TABLE `translations` DISABLE KEYS */;
INSERT INTO `translations` VALUES (1,'product::attributes.weight','2020-11-29 20:54:24','2020-11-29 20:54:24');
/*!40000 ALTER TABLE `translations` ENABLE KEYS */;
UNLOCK TABLES;

--
-- Table structure for table `up_sell_products`
--

DROP TABLE IF EXISTS `up_sell_products`;
/*!40101 SET @saved_cs_client     = @@character_set_client */;
/*!40101 SET character_set_client = utf8 */;
CREATE TABLE `up_sell_products` (
  `product_id` int(10) unsigned NOT NULL,
  `up_sell_product_id` int(10) unsigned NOT NULL,
  PRIMARY KEY (`product_id`,`up_sell_product_id`),
  KEY `up_sell_products_up_sell_product_id_foreign` (`up_sell_product_id`),
  CONSTRAINT `up_sell_products_product_id_foreign` FOREIGN KEY (`product_id`) REFERENCES `products` (`id`) ON DELETE CASCADE,
  CONSTRAINT `up_sell_products_up_sell_product_id_foreign` FOREIGN KEY (`up_sell_product_id`) REFERENCES `products` (`id`) ON DELETE CASCADE
) ENGINE=InnoDB DEFAULT CHARSET=utf8mb4 COLLATE=utf8mb4_unicode_ci;
/*!40101 SET character_set_client = @saved_cs_client */;

--
-- Dumping data for table `up_sell_products`
--

LOCK TABLES `up_sell_products` WRITE;
/*!40000 ALTER TABLE `up_sell_products` DISABLE KEYS */;
/*!40000 ALTER TABLE `up_sell_products` ENABLE KEYS */;
UNLOCK TABLES;

--
-- Table structure for table `updater_scripts`
--

DROP TABLE IF EXISTS `updater_scripts`;
/*!40101 SET @saved_cs_client     = @@character_set_client */;
/*!40101 SET character_set_client = utf8 */;
CREATE TABLE `updater_scripts` (
  `id` int(10) unsigned NOT NULL AUTO_INCREMENT,
  `script` varchar(191) COLLATE utf8mb4_unicode_ci NOT NULL,
  PRIMARY KEY (`id`)
) ENGINE=InnoDB AUTO_INCREMENT=2 DEFAULT CHARSET=utf8mb4 COLLATE=utf8mb4_unicode_ci;
/*!40101 SET character_set_client = @saved_cs_client */;

--
-- Dumping data for table `updater_scripts`
--

LOCK TABLES `updater_scripts` WRITE;
/*!40000 ALTER TABLE `updater_scripts` DISABLE KEYS */;
INSERT INTO `updater_scripts` VALUES (1,'V2_0_0');
/*!40000 ALTER TABLE `updater_scripts` ENABLE KEYS */;
UNLOCK TABLES;

--
-- Table structure for table `user_roles`
--

DROP TABLE IF EXISTS `user_roles`;
/*!40101 SET @saved_cs_client     = @@character_set_client */;
/*!40101 SET character_set_client = utf8 */;
CREATE TABLE `user_roles` (
  `user_id` int(10) unsigned NOT NULL,
  `role_id` int(10) unsigned NOT NULL,
  `created_at` timestamp NULL DEFAULT NULL,
  `updated_at` timestamp NULL DEFAULT NULL,
  PRIMARY KEY (`user_id`,`role_id`),
  KEY `user_roles_role_id_foreign` (`role_id`),
  CONSTRAINT `user_roles_role_id_foreign` FOREIGN KEY (`role_id`) REFERENCES `roles` (`id`) ON DELETE CASCADE,
  CONSTRAINT `user_roles_user_id_foreign` FOREIGN KEY (`user_id`) REFERENCES `users` (`id`) ON DELETE CASCADE
) ENGINE=InnoDB DEFAULT CHARSET=utf8mb4 COLLATE=utf8mb4_unicode_ci;
/*!40101 SET character_set_client = @saved_cs_client */;

--
-- Dumping data for table `user_roles`
--

LOCK TABLES `user_roles` WRITE;
/*!40000 ALTER TABLE `user_roles` DISABLE KEYS */;
INSERT INTO `user_roles` VALUES (170,2,'2021-07-16 11:37:48','2021-07-16 11:37:48'),(172,2,'2021-07-19 00:14:02','2021-07-19 00:14:02'),(177,1,'2021-07-19 16:20:19','2021-07-19 16:20:19'),(179,2,'2021-07-24 13:17:21','2021-07-24 13:17:21'),(180,2,'2021-07-27 16:08:43','2021-07-27 16:08:43'),(181,2,'2021-08-15 00:01:29','2021-08-15 00:01:29'),(182,2,'2021-09-21 17:29:34','2021-09-21 17:29:34'),(183,2,'2021-09-27 21:19:06','2021-09-27 21:19:06'),(184,2,'2021-10-17 12:23:47','2021-10-17 12:23:47'),(185,2,'2021-10-21 19:27:51','2021-10-21 19:27:51'),(186,2,'2021-10-27 22:40:24','2021-10-27 22:40:24'),(197,2,'2021-12-12 13:03:09','2021-12-12 13:03:09'),(198,2,'2021-12-12 13:21:09','2021-12-12 13:21:09'),(212,2,'2021-12-26 20:49:40','2021-12-26 20:49:40'),(214,2,'2022-01-11 16:52:50','2022-01-11 16:52:50'),(215,2,'2022-01-28 00:20:41','2022-01-28 00:20:41'),(216,2,'2022-01-28 13:44:24','2022-01-28 13:44:24'),(217,2,'2022-03-06 00:09:02','2022-03-06 00:09:02'),(218,2,'2022-03-08 11:28:35','2022-03-08 11:28:35'),(219,2,'2022-03-15 15:58:06','2022-03-15 15:58:06'),(220,2,'2022-03-21 23:47:46','2022-03-21 23:47:46'),(221,2,'2022-03-24 13:13:28','2022-03-24 13:13:28');
/*!40000 ALTER TABLE `user_roles` ENABLE KEYS */;
UNLOCK TABLES;

--
-- Table structure for table `users`
--

DROP TABLE IF EXISTS `users`;
/*!40101 SET @saved_cs_client     = @@character_set_client */;
/*!40101 SET character_set_client = utf8 */;
CREATE TABLE `users` (
  `id` int(10) unsigned NOT NULL AUTO_INCREMENT,
  `first_name` varchar(191) COLLATE utf8mb4_unicode_ci NOT NULL,
  `last_name` varchar(191) COLLATE utf8mb4_unicode_ci NOT NULL,
  `email` varchar(191) COLLATE utf8mb4_unicode_ci NOT NULL,
  `password` varchar(191) COLLATE utf8mb4_unicode_ci NOT NULL,
  `permissions` text COLLATE utf8mb4_unicode_ci DEFAULT NULL,
  `last_login` datetime DEFAULT NULL,
  `created_at` timestamp NULL DEFAULT NULL,
  `updated_at` timestamp NULL DEFAULT NULL,
  `mobile` varchar(191) COLLATE utf8mb4_unicode_ci DEFAULT NULL,
  PRIMARY KEY (`id`),
  UNIQUE KEY `users_email_unique` (`email`)
) ENGINE=InnoDB AUTO_INCREMENT=222 DEFAULT CHARSET=utf8mb4 COLLATE=utf8mb4_unicode_ci;
/*!40101 SET character_set_client = @saved_cs_client */;

--
-- Dumping data for table `users`
--

LOCK TABLES `users` WRITE;
/*!40000 ALTER TABLE `users` DISABLE KEYS */;
INSERT INTO `users` VALUES (170,'Rajdeep','Singh','modern.packagers3136@gmail.com','$2y$10$3ypbHNBs1xPokZjnYcQ/CuA1pmc393b//UUTRKmKG56DrAavAPSQ2',NULL,'2021-12-26 20:43:51','2021-07-16 11:37:48','2021-12-26 20:43:51','+918195000808'),(172,'Taranpreet','kaur','kaurtaranpreet0603@gmail.com','$2y$10$kNTWqhwWW8bWpLTvPheWCu5lbQFnRIJTs7vGETmzhjC.C1y7Zz03q',NULL,'2021-07-19 00:14:02','2021-07-19 00:14:02','2021-07-19 00:14:02',NULL),(177,'Modern','Packagers','admin@modernpackagers.com','$2y$10$E1PGpBhxgObncLCsRE9CWuqDAEMGF4Yi9yrQsGiGDXqrIF0KJO6oK',NULL,'2022-04-13 14:01:40','2021-07-19 16:19:10','2022-04-13 08:31:40',NULL),(179,'kanishk','thakur','kanishk1@icloud.com','$2y$10$9vrg7y2J0uUeCBIXqed19OgwkXnjomd59hT.5PB.9WuM89L/RDLMG',NULL,'2021-07-24 13:17:21','2021-07-24 13:17:21','2021-07-24 13:17:21',NULL),(180,'Neha','Chopra','sales@gp-foods.com','$2y$10$4jk5FVN0dyyMXamoGjVam.3UzIfv4LE0Y1wRgqZQNCulwIsk/l4bC',NULL,'2021-07-27 16:09:16','2021-07-27 16:08:42','2021-07-27 16:09:16','+919810343104'),(181,'Aswin','Ramachandran Jayaraman','giriramphotos@gmail.com','$2y$10$1drqD3ASparowF8RRBZ.yeMva750/2hgzwR.a5m07Ygwo5Sl4726G',NULL,'2021-08-15 00:01:39','2021-08-15 00:01:28','2021-08-15 00:01:39','+919840854397'),(182,'Mubarak','Singh','m.waraich@yahoo.in','$2y$10$2wGqzCU2axLHN.w8zImR1ub8XRdIhIkEdDSPkA78ezkDoLjV/Dfq2',NULL,'2022-01-16 12:08:56','2021-09-21 17:29:34','2022-01-16 12:08:56','+919988833320'),(183,'PSL','HOSPITALITY','pslhospitality@gmail.com','$2y$10$3WeFs7aTKZkc1F3pZVxpqO1ITks.wLDJ6zeXePJgBXcLPAp.WDLlW',NULL,'2021-09-27 21:19:06','2021-09-27 21:19:06','2021-09-27 21:19:06',NULL),(184,'Accounts','Modern Packagers','acc.modernpackagers@gmail.com','$2y$10$P6KqnYu94VkZznYMnCTPb.V6nj1N9eizSBiIKj49Pj5rsBUzH6KYO',NULL,'2021-10-17 12:24:27','2021-10-17 12:23:47','2021-10-17 12:24:27',NULL),(185,'Mohit','singh','mohitsinghsingh84@gmail.com','$2y$10$galxg9ivFngC5ACptGGAo..uXcNTgOJWmoNOB.6AxNizAidIstaGi',NULL,'2021-10-21 19:29:05','2021-10-21 19:27:51','2021-10-21 19:29:05','+919478108047'),(186,'Wild','& Wood Cafe','wildnwoodcafe@gmail.com','$2y$10$0FBe1qlIW1dD/GuUyOnzSuoYXN.E1x045q5ymTnEp./HohuW7Rvlq',NULL,'2021-10-27 22:40:24','2021-10-27 22:40:24','2021-10-27 22:40:24',NULL),(197,'kumar','kumar','seasonsdinein@gmail.com','$2y$10$jrKWhv6K9ZSwzHp9jzSE2upZiuTwRqHAkh8sIBf9zHgzhIMN1GZKO',NULL,NULL,'2021-12-12 13:03:09','2021-12-12 13:03:09','+918464847959'),(198,'Shariq','Khan','Shariqik69@gmail.com','$2y$10$YmyPYVXAfEZMELT.7jphke///2wEwwlff1ZGhGSUMZjx9D8YR/NFy','[]','2021-12-12 13:21:09','2021-12-12 13:21:09','2021-12-12 19:36:09','9897249293'),(212,'Rajdeep','Singh','rajdeepsingh16@gmail.com','$2y$10$jAF/cBQUL/j/5eGIpEyeIuODyaERSe3p1qOak/mCHKQZbYekPkuq6',NULL,'2021-12-26 20:50:01','2021-12-26 20:49:40','2021-12-26 20:50:01','+919877599764'),(214,'Bharani','Baskar','Bbharanibaskar95@gmail.com','$2y$10$Le4Yk2.7NIvedvVfd0VRvuGNBxibym1HHx0ZMqgklAiSfeDvkTyUu',NULL,'2022-01-11 16:52:50','2022-01-11 16:52:50','2022-01-11 16:52:50',NULL),(215,'Zakvan','Khan','Zakvankhan7862@gmail.com','$2y$10$yOPxEsf44df3I/h5/Gj2bewzJsm/hKW93ZBQeLfknMuUVEgPQ0.qq',NULL,'2022-02-04 19:39:06','2022-01-28 00:20:41','2022-02-04 19:39:06',NULL),(216,'Gokaraju','Divya','mailtogokarajudivya@gmail.com','$2y$10$QELIa0PJDxSRdil3MT5.re24JBuaQ9iNgXkv13pMzTz5zsSk8qvQi',NULL,'2022-02-17 20:23:49','2022-01-28 13:44:24','2022-02-17 20:23:49',NULL),(217,'Upender','Singh','upenderchd56@gmail.com','$2y$10$CaFKxsExHOhpvjatJirxjOwraxE.GE2EzCJ6t/MfynzUpaJI/Imwa',NULL,'2022-03-06 00:10:03','2022-03-06 00:09:02','2022-03-06 00:10:03','+919988701602'),(218,'Thiru','V','anandhi.t@macheese.in','$2y$10$nmlEY986jfl9m3HlbxQx/OtseZCLXZpmBCoA5R50xb.ZESF.dBd8O',NULL,'2022-03-15 19:31:50','2022-03-08 11:28:35','2022-03-15 19:31:50',NULL),(219,'Albert','Daniel','photographer.daniel16@gmail.com','$2y$10$nMRNHMXPGgDKoBRMk53BKeBpS9B15VL29pywaYElGEP3wkCWi3oe.',NULL,'2022-03-15 15:58:22','2022-03-15 15:58:06','2022-03-15 15:58:22','+918667024299'),(220,'Prashant','Sharma','bartenderprashant001@gmail.com','$2y$10$4qKNTcODpEm2yIJu0HoORuhp.wwq40BkIGQU.Hz6e33hq4DIdHKXu',NULL,'2022-03-29 14:13:59','2022-03-21 23:47:46','2022-03-29 14:13:59',NULL),(221,'divyansh','garg','divyanshgarg1998@gmail.com','$2y$10$unILYKX2hkD2k1zJkawCVuFKi3m4yp2tvBTfHwQAih4Nw1frMWPNW',NULL,'2022-03-24 13:13:28','2022-03-24 13:13:28','2022-03-24 13:13:28',NULL);
/*!40000 ALTER TABLE `users` ENABLE KEYS */;
UNLOCK TABLES;

--
-- Table structure for table `wish_lists`
--

DROP TABLE IF EXISTS `wish_lists`;
/*!40101 SET @saved_cs_client     = @@character_set_client */;
/*!40101 SET character_set_client = utf8 */;
CREATE TABLE `wish_lists` (
  `user_id` int(10) unsigned NOT NULL,
  `product_id` int(10) unsigned NOT NULL,
  `created_at` timestamp NULL DEFAULT NULL,
  `updated_at` timestamp NULL DEFAULT NULL,
  PRIMARY KEY (`user_id`,`product_id`),
  KEY `wish_lists_product_id_foreign` (`product_id`),
  CONSTRAINT `wish_lists_product_id_foreign` FOREIGN KEY (`product_id`) REFERENCES `products` (`id`) ON DELETE CASCADE,
  CONSTRAINT `wish_lists_user_id_foreign` FOREIGN KEY (`user_id`) REFERENCES `users` (`id`) ON DELETE CASCADE
) ENGINE=InnoDB DEFAULT CHARSET=utf8mb4 COLLATE=utf8mb4_unicode_ci;
/*!40101 SET character_set_client = @saved_cs_client */;

--
-- Dumping data for table `wish_lists`
--

LOCK TABLES `wish_lists` WRITE;
/*!40000 ALTER TABLE `wish_lists` DISABLE KEYS */;
/*!40000 ALTER TABLE `wish_lists` ENABLE KEYS */;
UNLOCK TABLES;
/*!40103 SET TIME_ZONE=@OLD_TIME_ZONE */;

/*!40101 SET SQL_MODE=@OLD_SQL_MODE */;
/*!40014 SET FOREIGN_KEY_CHECKS=@OLD_FOREIGN_KEY_CHECKS */;
/*!40014 SET UNIQUE_CHECKS=@OLD_UNIQUE_CHECKS */;
/*!40101 SET CHARACTER_SET_CLIENT=@OLD_CHARACTER_SET_CLIENT */;
/*!40101 SET CHARACTER_SET_RESULTS=@OLD_CHARACTER_SET_RESULTS */;
/*!40101 SET COLLATION_CONNECTION=@OLD_COLLATION_CONNECTION */;
/*!40111 SET SQL_NOTES=@OLD_SQL_NOTES */;

-- Dump completed on 2022-04-14 12:04:57
